heritage_code,category_code,category,designation_no,display_name,name,area,province,district,lat,lng,designation_date,image_url
11000001000000011,11,국보,1,국보 서울 숭례문,서울 숭례문,833,서울특별시,중구,37.559975222290085,126.97531265273926,19621220,http://www.khs.go.kr/unisearch/images/national_treasure/2685609.jpg
11000002000000011,11,국보,2,국보 서울 원각사지 십층석탑,서울 원각사지 십층석탑,20,서울특별시,종로구,37.57154617045709,126.98820799436425,19621220,http://www.khs.go.kr/unisearch/images/national_treasure/1611449.jpg
11000004000000031,11,국보,4,국보 여주 고달사지 승탑,여주 고달사지 승탑,9,경기도,여주시,37.39390724643084,127.65216077835946,19621220,http://www.khs.go.kr/unisearch/images/national_treasure/1612029.jpg
11000005000000033,11,국보,5,국보 보은 법주사 쌍사자 석등,보은 법주사 쌍사자 석등,30,충청북도,보은군,36.542167941300136,127.83321937559673,19621220,http://www.khs.go.kr/unisearch/images/national_treasure/1612140.jpg
11000006000000033,11,국보,6,국보 충주 탑평리 칠층석탑,충주 탑평리 칠층석탑,32,충청북도,충주시,37.01588854137679,127.866630082822,19621220,http://www.khs.go.kr/unisearch/images/national_treasure/1612144.jpg
11000007000000034,11,국보,7,국보 천안 봉선홍경사 갈기비,천안 봉선홍경사 갈기비,4,충청남도,천안시,36.94315195121168,127.13471047718504,19621220,http://www.khs.go.kr/unisearch/images/national_treasure/1612203.jpg
11000008000000034,11,국보,8,국보 보령 성주사지 대낭혜화상탑비,보령 성주사지 대낭혜화상탑비,6,충청남도,보령시,36.34469969223179,126.65546909075836,19621220,http://www.khs.go.kr/unisearch/images/national_treasure/1612211.jpg
11000009000000034,11,국보,9,국보 부여 정림사지 오층석탑,부여 정림사지 오층석탑,23,충청남도,부여군,36.27929735291399,126.91336343697608,19621220,http://www.khs.go.kr/unisearch/images/national_treasure/1612225.jpg
11000010000000035,11,국보,10,국보 남원 실상사 백장암 삼층석탑,남원 실상사 백장암 삼층석탑,3,전북특별자치도,남원시,35.44253912507319,127.61997156851672,19621220,http://www.khs.go.kr/unisearch/images/national_treasure/1612336.jpg
11000011000000035,11,국보,11,국보 익산 미륵사지 석탑,익산 미륵사지 석탑,213,전북특별자치도,익산시,36.012422323972416,127.03056052912513,19621220,http://www.khs.go.kr/unisearch/images/national_treasure/2021030208225900.jpg
11000012000000036,11,국보,12,국보 구례 화엄사 각황전 앞 석등,구례 화엄사 각황전 앞 석등,5,전남광주통합특별시,구례군,35.25715313865828,127.49744453391914,19621220,http://www.khs.go.kr/unisearch/images/national_treasure/1612398.jpg
11000013000000036,11,국보,13,국보 강진 무위사 극락보전,강진 무위사 극락보전,207,전남광주통합특별시,강진군,34.738787663658904,126.68675841918508,19621220,http://www.khs.go.kr/unisearch/images/national_treasure/1612406.jpg
11000014000000037,11,국보,14,국보 영천 거조사 영산전,영천 거조사 영산전,520,경상북도,영천시,36.020079476054704,128.76453594791772,19621220,http://www.khs.go.kr/unisearch/images/national_treasure/1612612.jpg
11000015000000037,11,국보,15,국보 안동 봉정사 극락전,안동 봉정사 극락전,172,경상북도,안동시,36.65348637874564,128.6624108292155,19621220,http://www.khs.go.kr/unisearch/images/national_treasure/1612623.jpg
11000016000000037,11,국보,16,국보 안동 법흥사지 칠층전탑,안동 법흥사지 칠층전탑,41,경상북도,안동시,36.56597512280798,128.74639227124288,19621220,http://www.khs.go.kr/unisearch/images/national_treasure/1612633.jpg
11000017000000037,11,국보,17,국보 영주 부석사 무량수전 앞 석등,영주 부석사 무량수전 앞 석등,2,경상북도,영주시,36.99880501180387,128.6874517109324,19621220,http://www.khs.go.kr/unisearch/images/national_treasure/1612638.jpg
11000018000000037,11,국보,18,국보 영주 부석사 무량수전,영주 부석사 무량수전,466,경상북도,영주시,36.99895398870125,128.6874855504207,19621220,http://www.khs.go.kr/unisearch/images/national_treasure/1612647.jpg
11000019000000037,11,국보,19,국보 영주 부석사 조사당,영주 부석사 조사당,107,경상북도,영주시,36.99960182958689,128.68851546906706,19621220,http://www.khs.go.kr/unisearch/images/national_treasure/1612661.jpg
11000020000000037,11,국보,20,국보 경주 불국사 다보탑,경주 불국사 다보탑,32,경상북도,경주시,35.789969819502346,129.33226799929602,19621220,http://www.khs.go.kr/unisearch/images/national_treasure/1612673.jpg
11000021000000037,11,국보,21,국보 경주 불국사 삼층석탑,경주 불국사 삼층석탑,19,경상북도,경주시,35.78996772468466,129.3319845950918,19621220,http://www.khs.go.kr/unisearch/images/national_treasure/1612682.jpg
11000022000000037,11,국보,22,국보 경주 불국사 연화교 및 칠보교,경주 불국사 연화교 및 칠보교,29,경상북도,경주시,35.78971910601781,129.33164280433562,19621220,http://www.khs.go.kr/unisearch/images/national_treasure/1612691.jpg
11000023000000037,11,국보,23,국보 경주 불국사 청운교 및 백운교,경주 불국사 청운교 및 백운교,49,경상북도,경주시,35.78972295924855,129.33215816919994,19621220,http://www.khs.go.kr/unisearch/images/national_treasure/1612696.jpg
11000024000000037,11,국보,24,국보 경주 석굴암 석굴,경주 석굴암 석굴,11676,경상북도,경주시,35.79496777736491,129.35022697489464,19621220,http://www.khs.go.kr/unisearch/images/national_treasure/1612705.jpg
11000025000000037,11,국보,25,국보 경주 태종무열왕릉비,경주 태종무열왕릉비,9,경상북도,경주시,35.82513355855887,129.18854827932535,19621220,http://www.khs.go.kr/unisearch/images/national_treasure/1612731.jpg
11000030000000037,11,국보,30,국보 경주 분황사 모전석탑,경주 분황사 모전석탑,174,경상북도,경주시,35.84056154919494,129.23364182676343,19621220,http://www.khs.go.kr/unisearch/images/national_treasure/1612748.jpg
11000031000000037,11,국보,31,국보 경주 첨성대,경주 첨성대,29,경상북도,경주시,35.83469584894986,129.2189936936683,19621220,http://www.khs.go.kr/unisearch/images/national_treasure/1612759.jpg
11000033000000038,11,국보,33,국보 창녕 신라 진흥왕 척경비,창녕 신라 진흥왕 척경비,2,경상남도,창녕군,35.54072507045949,128.5026450196805,19621220,http://www.khs.go.kr/unisearch/images/national_treasure/1613008.jpg
11000034000000038,11,국보,34,국보 창녕 술정리 동 삼층석탑,창녕 술정리 동 삼층석탑,13,경상남도,창녕군,35.53959632049134,128.49610361745323,19621220,http://www.khs.go.kr/unisearch/images/national_treasure/1613016.jpg
11000035000000036,11,국보,35,국보 구례 화엄사 사사자 삼층석탑,구례 화엄사 사사자 삼층석탑,17,전남광주통합특별시,구례군,35.25697737121363,127.49652701406065,19621220,http://www.khs.go.kr/unisearch/images/national_treasure/1612422.jpg
11000037000000037,11,국보,37,국보 경주 황복사지 삼층석탑,경주 황복사지 삼층석탑,17,경상북도,경주시,35.83218571849552,129.2423910051331,19621220,http://www.khs.go.kr/unisearch/images/national_treasure/1612766.jpg
11000038000000037,11,국보,38,국보 경주 고선사지 삼층석탑,경주 고선사지 삼층석탑,47,경상북도,경주시,35.82812814008304,129.22905753390987,19621220,http://www.khs.go.kr/unisearch/images/national_treasure/1612770.jpg
11000039000000037,11,국보,39,국보 경주 나원리 오층석탑,경주 나원리 오층석탑,30,경상북도,경주시,35.89360775559486,129.21225543935478,19621220,http://www.khs.go.kr/unisearch/images/national_treasure/1612776.jpg
11000040000000037,11,국보,40,국보 경주 정혜사지 십삼층석탑,경주 정혜사지 십삼층석탑,8,경상북도,경주시,36.01904735033532,129.15766951494345,19621220,http://www.khs.go.kr/unisearch/images/national_treasure/1612780.jpg
11000041000000033,11,국보,41,국보 청주 용두사지 철당간,청주 용두사지 철당간,2,충청북도,청주시,36.63308736616522,127.4897546486902,19621220,http://www.khs.go.kr/unisearch/images/national_treasure/1612150.jpg
11000044000000036,11,국보,44,국보 장흥 보림사 남·북 삼층석탑 및 석등,장흥 보림사 남·북 삼층석탑 및 석등,1,전남광주통합특별시,장흥군,34.807743503088275,126.89626447577128,19621220,http://www.khs.go.kr/unisearch/images/national_treasure/1612448.jpg
11000047000000038,11,국보,47,국보 하동 쌍계사 진감선사탑비,하동 쌍계사 진감선사탑비,4,경상남도,하동군,35.23247846202276,127.65050470552772,19621220,http://www.khs.go.kr/unisearch/images/national_treasure/1613019.jpg
11000048000010032,11,국보,48,국보 평창 월정사 팔각 구층석탑,평창 월정사 팔각 구층석탑,12096,강원특별자치도,평창군,37.73160380737309,128.59207008183105,20170102,http://www.khs.go.kr/unisearch/images/national_treasure/2017010317322500.jpg
11000049000000034,11,국보,49,국보 예산 수덕사 대웅전,예산 수덕사 대웅전,307,충청남도,예산군,36.663284548674895,126.6226727262788,19621220,http://www.khs.go.kr/unisearch/images/national_treasure/1612236.jpg
11000050000000036,11,국보,50,국보 영암 도갑사 해탈문,영암 도갑사 해탈문,98,전남광주통합특별시,영암군,34.75275431122372,126.66211168629452,19621220,http://www.khs.go.kr/unisearch/images/national_treasure/1612464.jpg
11000051000000032,11,국보,51,국보 강릉 임영관 삼문,강릉 임영관 삼문,136,강원특별자치도,강릉시,37.7529411983151,128.89189691343464,19621220,http://www.khs.go.kr/unisearch/images/national_treasure/1612074.jpg
11000052000000038,11,국보,52,국보 합천 해인사 장경판전,합천 해인사 장경판전,1862,경상남도,합천군,35.80160237879213,128.09872030009114,19621220,http://www.khs.go.kr/unisearch/images/national_treasure/1613038.jpg
11000053000000036,11,국보,53,국보 구례 연곡사 동 승탑,구례 연곡사 동 승탑,2,전남광주통합특별시,구례군,35.255227871585035,127.58843020640516,19621220,http://www.khs.go.kr/unisearch/images/national_treasure/1612474.jpg
11000054000000036,11,국보,54,국보 구례 연곡사 북 승탑,구례 연곡사 북 승탑,3,전남광주통합특별시,구례군,35.25610334465358,127.58826224439376,19621220,http://www.khs.go.kr/unisearch/images/national_treasure/1612492.jpg
11000055000000033,11,국보,55,국보 보은 법주사 팔상전,보은 법주사 팔상전,192,충청북도,보은군,36.541941710453216,127.83309808272485,19621220,http://www.khs.go.kr/unisearch/images/national_treasure/1612155.jpg
11000056000000036,11,국보,56,국보 순천 송광사 국사전,순천 송광사 국사전,111,전남광주통합특별시,순천시,35.00188167149924,127.27649252568096,19621220,http://www.khs.go.kr/unisearch/images/national_treasure/1612507.jpg
11000057000000036,11,국보,57,국보 화순 쌍봉사 철감선사탑,화순 쌍봉사 철감선사탑,4,전남광주통합특별시,화순군,34.88829367429392,127.05922223013238,19621220,http://www.khs.go.kr/unisearch/images/national_treasure/1612517.jpg
11000059000000032,11,국보,59,국보 원주 법천사지 지광국사탑비,원주 법천사지 지광국사탑비,12,강원특별자치도,원주시,37.20961975559013,127.76470929646224,19621220,http://www.khs.go.kr/unisearch/images/national_treasure/1612093.jpg
11000062000000035,11,국보,62,국보 김제 금산사 미륵전,김제 금산사 미륵전,502,전북특별자치도,김제시,35.72311152594559,127.05393318426952,19621220,http://www.khs.go.kr/unisearch/images/national_treasure/1612350.jpg
11000064000000033,11,국보,64,국보 보은 법주사 석련지,보은 법주사 석련지,37,충청북도,보은군,36.541486087390936,127.83248386465591,19621220,http://www.khs.go.kr/unisearch/images/national_treasure/1612165.jpg
11000067000000036,11,국보,67,국보 구례 화엄사 각황전,구례 화엄사 각황전,818,전남광주통합특별시,구례군,35.25723821154774,127.49721101800375,19621220,http://www.khs.go.kr/unisearch/images/national_treasure/1612538.jpg
11000077000000037,11,국보,77,국보 의성 탑리리 오층석탑,의성 탑리리 오층석탑,20,경상북도,의성군,36.25520653459067,128.6838301778522,19621220,http://www.khs.go.kr/unisearch/images/national_treasure/1612805.jpg
11000084000000034,11,국보,84,국보 서산 용현리 마애여래삼존상,서산 용현리 마애여래삼존상,28,충청남도,서산시,36.77380583531735,126.60522957601324,19621220,http://www.khs.go.kr/unisearch/images/national_treasure/1612256.jpg
11000099000000011,11,국보,99,국보 김천 갈항사지 동·서 삼층석탑,김천 갈항사지 동·서 삼층석탑,18,서울특별시,용산구,37.52212910094164,126.98075703000475,19621220,http://www.khs.go.kr/unisearch/images/national_treasure/1611518.jpg
11000100000000011,11,국보,100,국보 개성 남계원지 칠층석탑,개성 남계원지 칠층석탑,11,서울특별시,용산구,37.52230029096552,126.98098436811316,19621220,http://www.khs.go.kr/unisearch/images/national_treasure/1611527.jpg
11000101000000025,11,국보,101,,,14,대전광역시,유성구,37.57714699944307,126.9753930714492,19621220,http://www.khs.go.kr/unisearch/images/national_treasure/1611531.jpg
11000104000000011,11,국보,104,국보 전 원주 흥법사지 염거화상탑,전 원주 흥법사지 염거화상탑,1,서울특별시,용산구,37.523513711037566,126.9806193560196,19621220,http://www.khs.go.kr/unisearch/images/national_treasure/1611544.jpg
11000109000000022,11,국보,109,국보 군위 아미타여래삼존 석굴,군위 아미타여래삼존 석굴,5,대구광역시,군위군,36.04899469042529,128.64110421392033,19621220,http://www.khs.go.kr/unisearch/images/national_treasure/1612818.jpg
11000112000000037,11,국보,112,국보 경주 감은사지 동·서 삼층석탑,경주 감은사지 동·서 삼층석탑,118,경상북도,경주시,35.7481399123196,129.47700697933303,19621220,http://www.khs.go.kr/unisearch/images/national_treasure/1612826.jpg
11000122000000032,11,국보,122,국보 양양 진전사지 삼층석탑,양양 진전사지 삼층석탑,9,강원특별자치도,양양군,38.12110982759934,128.54970669000042,19660228,http://www.khs.go.kr/unisearch/images/national_treasure/1612117.jpg
11000130000000037,11,국보,130,국보 구미 죽장리 오층석탑,구미 죽장리 오층석탑,50,경상북도,구미시,36.24855799326523,128.28169969297429,19681219,http://www.khs.go.kr/unisearch/images/national_treasure/1612850.jpg
11000144000000036,11,국보,144,국보 영암 월출산 마애여래좌상,영암 월출산 마애여래좌상,34,전남광주통합특별시,영암군,34.7638594621371,126.69050240003692,19720302,http://www.khs.go.kr/unisearch/images/national_treasure/1612558.jpg
11000147000000026,11,국보,147,국보 울주 천전리 명문과 암각화,울주 천전리 명문과 암각화,140,울산광역시,울주군,35.61434638820031,129.17509096312784,19730504,http://www.khs.go.kr/unisearch/images/national_treasure/1612015.jpg
11000187000000037,11,국보,187,국보 영양 산해리 오층모전석탑,영양 산해리 오층모전석탑,46,경상북도,영양군,36.58486257397056,129.06949672118571,19770822,http://www.khs.go.kr/unisearch/images/national_treasure/1612858.jpg
11000197000000033,11,국보,197,국보 충주 청룡사지 보각국사탑,충주 청룡사지 보각국사탑,2,충청북도,충주시,37.13087559175927,127.83811612262124,19790522,http://www.khs.go.kr/unisearch/images/national_treasure/1612171.jpg
11000198000000033,11,국보,198,국보 단양 신라 적성비,단양 신라 적성비,1,충청북도,단양군,36.94443445241867,128.32102592058874,19790522,http://www.khs.go.kr/unisearch/images/national_treasure/1612178.jpg
11000199000000037,11,국보,199,국보 경주 단석산 신선사 마애불상군,경주 단석산 신선사 마애불상군,124,경상북도,경주시,35.796818019736456,129.08194276765158,19790522,http://www.khs.go.kr/unisearch/images/national_treasure/1612876.jpg
11000201000000037,11,국보,201,국보 봉화 북지리 마애여래좌상,봉화 북지리 마애여래좌상,4,경상북도,봉화군,36.93128417895929,128.73691047705125,19800916,http://www.khs.go.kr/unisearch/images/national_treasure/1612896.jpg
11000205000000033,11,국보,205,국보 충주 고구려비,충주 고구려비,1,충청북도,충주시,37.02808683638231,127.84850005667482,19810318,http://www.khs.go.kr/unisearch/images/national_treasure/1612184.jpg
11000223000000011,11,국보,223,국보 경복궁 근정전,경복궁 근정전,3053,서울특별시,종로구,37.57849330004386,126.97698367788024,19850108,http://www.khs.go.kr/unisearch/images/national_treasure/1611701.jpg
11000224000000011,11,국보,224,국보 경복궁 경회루,경복궁 경회루,1482,서울특별시,종로구,37.57974990417485,126.97598769079607,19850108,http://www.khs.go.kr/unisearch/images/national_treasure/1611724.jpg
11000225000000011,11,국보,225,국보 창덕궁 인정전,창덕궁 인정전,1522,서울특별시,종로구,37.57937947382817,126.99110000861306,19850108,http://www.khs.go.kr/unisearch/images/national_treasure/1611746.jpg
11000226000000011,11,국보,226,국보 창경궁 명정전,창경궁 명정전,789,서울특별시,종로구,37.5787582617452,126.9949481261365,19850108,http://www.khs.go.kr/unisearch/images/national_treasure/1611755.jpg
11000227000000011,11,국보,227,국보 종묘 정전,종묘 정전,2421,서울특별시,종로구,37.57489958712301,126.99396489522336,19850108,http://www.khs.go.kr/unisearch/images/national_treasure/1611766.jpg
11000233000010038,11,국보,233,국보 산청 석남암사지 석조비로자나불좌상,산청 석남암사지 석조비로자나불좌상,941,경상남도,산청군,35.3002724380571,127.81003022935212,19861015,http://www.khs.go.kr/unisearch/images/national_treasure/1611959.jpg
11000236000000037,11,국보,236,국보 경주 장항리 서 오층석탑,경주 장항리 서 오층석탑,23,경상북도,경주시,35.774866067710185,129.37299268777335,19870309,http://www.khs.go.kr/unisearch/images/national_treasure/1612902.jpg
11000264000000037,11,국보,264,국보 포항 냉수리 신라비,포항 냉수리 신라비,444,경상북도,포항시,36.12987324878099,129.26306375229106,19910315,http://www.khs.go.kr/unisearch/images/national_treasure/1612917.jpg
11000285000000026,11,국보,285,국보 울주 대곡리 반구대 암각화,울주 대곡리 반구대 암각화,427,울산광역시,울주군,35.60381513335221,129.17784284476642,19950623,http://www.khs.go.kr/unisearch/images/national_treasure/1612022.jpg
11000289000000035,11,국보,289,국보 익산 왕궁리 오층석탑,익산 왕궁리 오층석탑,24,전북특별자치도,익산시,35.97312531215265,127.05458371447504,19970101,http://www.khs.go.kr/unisearch/images/national_treasure/1612376.jpg
11000290000000038,11,국보,290,국보 양산 통도사 대웅전 및 금강계단,양산 통도사 대웅전 및 금강계단,782,경상남도,양산시,35.48804416831831,129.06371292238794,19970101,http://www.khs.go.kr/unisearch/images/national_treasure/1613091.jpg
11000304000000036,11,국보,304,국보 여수 진남관,여수 진남관,1360,전남광주통합특별시,여수시,34.742001124088404,127.73659430919034,20010417,http://www.khs.go.kr/unisearch/images/national_treasure/1612571.jpg
11000305000000038,11,국보,305,국보 통영 세병관,통영 세병관,927,경상남도,통영시,34.84774995223699,128.42309499873764,20021014,http://www.khs.go.kr/unisearch/images/national_treasure/1613115.jpg
11000307000000034,11,국보,307,국보 태안 동문리 마애삼존불입상,태안 동문리 마애삼존불입상,30,충청남도,태안군,36.76708474019289,126.29899218592185,20040831,http://www.khs.go.kr/unisearch/images/national_treasure/1612325.jpg
11000308000000036,11,국보,308,국보 해남 대흥사 북미륵암 마애여래좌상,해남 대흥사 북미륵암 마애여래좌상,80,전남광주통합특별시,해남군,34.474833610185364,126.6311431098913,20050928,http://www.khs.go.kr/unisearch/images/national_treasure/1612588.jpg
11000311000000037,11,국보,311,국보 안동 봉정사 대웅전,안동 봉정사 대웅전,289,경상북도,안동시,36.65344175527478,128.6626760147028,20090630,http://www.khs.go.kr/unisearch/images/national_treasure/1612938.jpg
11000312000000037,11,국보,312,국보 경주 남산 칠불암 마애불상군,경주 남산 칠불암 마애불상군,20,경상북도,경주시,35.77145591299934,129.23535110353345,20090902,http://www.khs.go.kr/unisearch/images/national_treasure/1612945.jpg
11000315000000037,11,국보,315,국보 문경 봉암사 지증대사탑비,문경 봉암사 지증대사탑비,7,경상북도,문경시,36.700628438695794,128.00542163242594,20100104,http://www.khs.go.kr/unisearch/images/national_treasure/1612962.jpg
11000316000000035,11,국보,316,국보 완주 화암사 극락전,완주 화암사 극락전,152,전북특별자치도,완주군,36.06641743897368,127.28715856604936,20111128,http://www.khs.go.kr/unisearch/images/national_treasure/1612384.jpg
11000323000000034,11,국보,323,국보 논산 관촉사 석조미륵보살입상,논산 관촉사 석조미륵보살입상,40,충청남도,논산시,36.18826386935132,127.11273476811874,20180420,http://www.khs.go.kr/unisearch/images/national_treasure/2018042017045500.JPG
11000328000000037,11,국보,328,국보 예천 용문사 대장전과 윤장대,예천 용문사 대장전과 윤장대,14196,경상북도,예천군,36.73149867525402,128.36968577857257,20191202,http://www.khs.go.kr/unisearch/images/national_treasure/2019120211000800.jpg
11000332000000032,11,국보,332,국보 정선 정암사 수마노탑,정선 정암사 수마노탑,9,강원특별자치도,정선군,37.18229131855504,128.89316209114912,20200625,http://www.khs.go.kr/unisearch/images/national_treasure/2020062509423800.jpg
11000343000000032,11,국보,343,국보 삼척 죽서루,삼척 죽서루,0,강원특별자치도,삼척시,37.44088291240001,129.16054558394296,20231228,http://www.khs.go.kr/unisearch/images/national_treasure/2023122810443300.JPG
11000344000000038,11,국보,344,국보 밀양 영남루,밀양 영남루,694,경상남도,밀양시,35.49153107026194,128.75510818941947,20231228,http://www.khs.go.kr/unisearch/images/national_treasure/2023122810453801.JPG
11000348000000034,11,국보,348,국보 공주 마곡사 오층석탑,공주 마곡사 오층석탑,5,충청남도,공주시,36.55904486456844,127.01210325594914,20250109,http://www.khs.go.kr/unisearch/images/national_treasure/2025010909274390.jpg
11000349000000036,11,국보,349,국보 곡성 태안사 적인선사탑,곡성 태안사 적인선사탑,3,전남광주통합특별시,곡성군,35.13194308831344,127.38815868899115,20250311,http://www.khs.go.kr/unisearch/images/national_treasure/2025031109024592.jpg
11000351000000037,11,국보,351,국보 영천 청제비,영천 청제비,10,경상북도,영천시,35.92516013249827,128.94097633949866,20250620,http://www.khs.go.kr/unisearch/images/national_treasure/2025062010151892.jpg
11000352000000034,11,국보,352,국보 서산 보원사지 오층석탑,서산 보원사지 오층석탑,13,충청남도,서산시,36.76153404232602,126.60137611646256,20251219,http://www.khs.go.kr/unisearch/images/national_treasure/2025121913072791.jpg
11000353000000037,11,국보,353,국보 예천 개심사지 오층석탑,예천 개심사지 오층석탑,6,경상북도,예천군,36.65200430358272,128.4547744223376,20251219,http://www.khs.go.kr/unisearch/images/national_treasure/2025121913165792.jpg
11000355000000035,11,국보,355,국보 남원 광한루,남원 광한루,488,전북특별자치도,남원시,35.403954662953666,127.37977127358714,20260701,http://www.khs.go.kr/unisearch/images/national_treasure/2026070109052701.jpg
12000001000000011,12,보물,1,보물 서울 흥인지문,서울 흥인지문,1133,서울특별시,종로구,37.57113097692001,127.0096586222045,19630121,http://www.khs.go.kr/unisearch/images/treasure/1613138.jpg
12000003000000011,12,보물,3,보물 서울 원각사지 대원각사비,서울 원각사지 대원각사비,8,서울특별시,종로구,37.57106939949701,126.9886346451481,19630121,http://www.khs.go.kr/unisearch/images/treasure/1613151.jpg
12000004000000031,12,보물,4,보물 안양 중초사지 당간지주,안양 중초사지 당간지주,5,경기도,안양시,37.41789927044229,126.91772249437912,19630121,http://www.khs.go.kr/unisearch/images/treasure/1615580.jpg
12000006000000031,12,보물,6,보물 여주 고달사지 원종대사탑비,여주 고달사지 원종대사탑비,9,경기도,여주시,37.39279149442117,127.65390794718036,19630121,http://www.khs.go.kr/unisearch/images/treasure/1615589.jpg
12000007000000031,12,보물,7,보물 여주 고달사지 원종대사탑,여주 고달사지 원종대사탑,7,경기도,여주시,37.39430078905787,127.65305883878926,19630121,http://www.khs.go.kr/unisearch/images/treasure/1615598.jpg
12000008000000031,12,보물,8,보물 여주 고달사지 석조대좌,여주 고달사지 석조대좌,7,경기도,여주시,37.39289217776322,127.6543360615793,19630121,http://www.khs.go.kr/unisearch/images/treasure/1615611.jpg
12000009000000031,12,보물,9,보물 용인 서봉사지 현오국사탑비,용인 서봉사지 현오국사탑비,1,경기도,용인시,37.33778552061864,127.038757664452,19630121,http://www.khs.go.kr/unisearch/images/treasure/1615616.jpg
12000010000000023,12,보물,10,보물 강화 장정리 오층석탑,강화 장정리 오층석탑,3,인천광역시,강화군,37.78002086143924,126.42004286476178,19630121,http://www.khs.go.kr/unisearch/images/treasure/1615329.jpg
12000012000000031,12,보물,12,보물 하남 동사지 오층석탑,하남 동사지 오층석탑,13,경기도,하남시,37.51685963469479,127.18586354252189,19630121,http://www.khs.go.kr/unisearch/images/treasure/1615631.jpg
12000013000000031,12,보물,13,보물 하남 동사지 삼층석탑,하남 동사지 삼층석탑,6,경기도,하남시,37.51694352503667,127.18591286876922,19630121,http://www.khs.go.kr/unisearch/images/treasure/1615642.jpg
12000014000000031,12,보물,14,보물 수원 창성사지 진각국사탑비,수원 창성사지 진각국사탑비,1,경기도,수원시,37.28684769723804,127.01872454996796,19630121,http://www.khs.go.kr/unisearch/images/treasure/1615654.jpg
12000015000000033,12,보물,15,보물 보은 법주사 사천왕 석등,보은 법주사 사천왕 석등,6,충청북도,보은군,36.54250158029558,127.8333944792641,19630121,http://www.khs.go.kr/unisearch/images/treasure/1616952.jpg
12000016000000033,12,보물,16,보물 충주 억정사지 대지국사탑비,충주 억정사지 대지국사탑비,7,충청북도,충주시,37.103573530538334,127.9273447144596,19630121,http://www.khs.go.kr/unisearch/images/treasure/1616957.jpg
12000017000000033,12,보물,17,보물 충주 정토사지 법경대사탑비,충주 정토사지 법경대사탑비,6,충청북도,충주시,37.0306218917521,128.04703247866658,19630121,http://www.khs.go.kr/unisearch/images/treasure/1616963.jpg
12000018000000034,12,보물,18,보물 청양 서정리 구층석탑,청양 서정리 구층석탑,8,충청남도,청양군,36.410707227135525,126.95305052041856,19630121,http://www.khs.go.kr/unisearch/images/treasure/1617405.jpg
12000019000000034,12,보물,19,보물 보령 성주사지 오층석탑,보령 성주사지 오층석탑,8,충청남도,보령시,36.34439096686391,126.65629834248315,19630121,http://www.khs.go.kr/unisearch/images/treasure/1617413.jpg
12000020000000034,12,보물,20,보물 보령 성주사지 중앙 삼층석탑,보령 성주사지 중앙 삼층석탑,8,충청남도,보령시,36.34463605969083,126.65603609253952,19630121,http://www.khs.go.kr/unisearch/images/treasure/1617422.jpg
12000021000000034,12,보물,21,보물 부여 당 유인원 기공비,부여 당 유인원 기공비,2,충청남도,부여군,36.276357324467845,126.91766984440216,19630121,http://www.khs.go.kr/unisearch/images/treasure/1617434.jpg
12000022000000035,12,보물,22,보물 김제 금산사 노주,김제 금산사 노주,2,전북특별자치도,김제시,35.72345081096897,127.05318332122728,19630121,http://www.khs.go.kr/unisearch/images/treasure/1618105.jpg
12000023000000035,12,보물,23,보물 김제 금산사 석련대,김제 금산사 석련대,8,전북특별자치도,김제시,35.72334289944977,127.05355410648023,19630121,http://www.khs.go.kr/unisearch/images/treasure/1618110.jpg
12000024000000035,12,보물,24,보물 김제 금산사 혜덕왕사탑비,김제 금산사 혜덕왕사탑비,10,전북특별자치도,김제시,35.72415077113075,127.05632807387651,19630121,http://www.khs.go.kr/unisearch/images/treasure/1618113.jpg
12000025000000035,12,보물,25,보물 김제 금산사 오층석탑,김제 금산사 오층석탑,14,전북특별자치도,김제시,35.7234370488665,127.05386847338468,19630121,http://www.khs.go.kr/unisearch/images/treasure/1618121.jpg
12000026000000035,12,보물,26,보물 김제 금산사 금강계단,김제 금산사 금강계단,1563,전북특별자치도,김제시,35.723463655455426,127.05392097046352,19630121,http://www.khs.go.kr/unisearch/images/treasure/1618127.jpg
12000027000000035,12,보물,27,보물 김제 금산사 육각 다층석탑,김제 금산사 육각 다층석탑,2,전북특별자치도,김제시,35.72326844045713,127.05347313411312,19630121,http://www.khs.go.kr/unisearch/images/treasure/1618135.jpg
12000028000000035,12,보물,28,보물 김제 금산사 당간지주,김제 금산사 당간지주,14,전북특별자치도,김제시,35.72211465475297,127.0530569015824,19630121,http://www.khs.go.kr/unisearch/images/treasure/1618141.jpg
12000029000000035,12,보물,29,보물 김제 금산사 심원암 삼층석탑,김제 금산사 심원암 삼층석탑,4,전북특별자치도,김제시,35.729344965799314,127.0681789547737,19630121,http://www.khs.go.kr/unisearch/images/treasure/1618146.jpg
12000030000000035,12,보물,30,보물 남원 만복사지 오층석탑,남원 만복사지 오층석탑,11,전북특별자치도,남원시,35.40701890260835,127.3677971492824,19630121,http://www.khs.go.kr/unisearch/images/treasure/1618150.jpg
12000031000000035,12,보물,31,보물 남원 만복사지 석조대좌,남원 만복사지 석조대좌,4,전북특별자치도,남원시,35.40668776856129,127.3672929690829,19630121,http://www.khs.go.kr/unisearch/images/treasure/1618155.jpg
12000032000000035,12,보물,32,보물 남원 만복사지 당간지주,남원 만복사지 당간지주,1,전북특별자치도,남원시,35.40631282335311,127.36767712727352,19630121,http://www.khs.go.kr/unisearch/images/treasure/1618159.jpg
12000033000000035,12,보물,33,보물 남원 실상사 수철화상탑,남원 실상사 수철화상탑,2,전북특별자치도,남원시,35.41586312715992,127.63440619483325,19630121,http://www.khs.go.kr/unisearch/images/treasure/1618162.jpg
12000034000000035,12,보물,34,보물 남원 실상사 수철화상탑비,남원 실상사 수철화상탑비,2,전북특별자치도,남원시,35.41608997431685,127.6344165937506,19630121,http://www.khs.go.kr/unisearch/images/treasure/1618168.jpg
12000035000000035,12,보물,35,보물 남원 실상사 석등,남원 실상사 석등,3,전북특별자치도,남원시,35.41680488247508,127.63514784788536,19630121,http://www.khs.go.kr/unisearch/images/treasure/1618174.jpg
12000036000000035,12,보물,36,보물 남원 실상사 승탑,남원 실상사 승탑,3,전북특별자치도,남원시,35.4170342464417,127.63348542175734,19630121,http://www.khs.go.kr/unisearch/images/treasure/1618179.jpg
12000037000000035,12,보물,37,보물 남원 실상사 동·서 삼층석탑,남원 실상사 동·서 삼층석탑,18,전북특별자치도,남원시,35.41674271471496,127.63523343602152,19630121,http://www.khs.go.kr/unisearch/images/treasure/1618185.jpg
12000038000000035,12,보물,38,보물 남원 실상사 증각대사탑,남원 실상사 증각대사탑,2,전북특별자치도,남원시,35.41562740875309,127.63432576464592,19630121,http://www.khs.go.kr/unisearch/images/treasure/1618194.jpg
12000039000000035,12,보물,39,보물 남원 실상사 증각대사탑비,남원 실상사 증각대사탑비,3,전북특별자치도,남원시,35.41578417477673,127.63462568908172,19630121,http://www.khs.go.kr/unisearch/images/treasure/1618201.jpg
12000040000000035,12,보물,40,보물 남원 실상사 백장암 석등,남원 실상사 백장암 석등,1,전북특별자치도,남원시,35.44256074479047,127.61995493125356,19630121,http://www.khs.go.kr/unisearch/images/treasure/1618202.jpg
12000042000000035,12,보물,42,보물 남원 용담사지 석조여래입상,남원 용담사지 석조여래입상,6,전북특별자치도,남원시,35.41039021388141,127.41262685794356,19630121,http://www.khs.go.kr/unisearch/images/treasure/1618210.jpg
12000043000000035,12,보물,43,보물 남원 만복사지 석조여래입상,남원 만복사지 석조여래입상,126,전북특별자치도,남원시,35.407180506324465,127.3677522937222,19630121,http://www.khs.go.kr/unisearch/images/treasure/1618214.jpg
12000045000000035,12,보물,45,보물 익산 연동리 석조여래좌상,익산 연동리 석조여래좌상,6,전북특별자치도,익산시,36.029881496708434,127.00761120725932,19630121,http://www.khs.go.kr/unisearch/images/treasure/1618224.jpg
12000046000000035,12,보물,46,보물 익산 고도리 석조여래입상,익산 고도리 석조여래입상,1,전북특별자치도,익산시,35.97941857523673,127.05079114527923,19630121,http://www.khs.go.kr/unisearch/images/treasure/1618232.jpg
12000047000000034,12,보물,47,보물 보령 성주사지 서 삼층석탑,보령 성주사지 서 삼층석탑,7,충청남도,보령시,36.34456851746946,126.65593813438596,19630121,http://www.khs.go.kr/unisearch/images/treasure/1617439.jpg
12000049000000036,12,보물,49,보물 나주 동점문 밖 석당간,나주 동점문 밖 석당간,4,전남광주통합특별시,나주시,35.03691475342187,126.7227385532888,19630121,http://www.khs.go.kr/unisearch/images/treasure/1618719.jpg
12000050000000036,12,보물,50,보물 나주 북망문 밖 삼층석탑,나주 북망문 밖 삼층석탑,2,전남광주통합특별시,나주시,35.03951174072073,126.71224237463916,19630121,http://www.khs.go.kr/unisearch/images/treasure/1618726.jpg
12000051000000037,12,보물,51,보물 문경 내화리 삼층석탑,문경 내화리 삼층석탑,16,경상북도,문경시,36.69269911130742,128.29492606235317,19630121,http://www.khs.go.kr/unisearch/images/treasure/1620027.jpg
12000052000000037,12,보물,52,보물 봉화 서동리 동·서 삼층석탑,봉화 서동리 동·서 삼층석탑,15,경상북도,봉화군,36.94729052117218,128.91491045071672,19630121,http://www.khs.go.kr/unisearch/images/treasure/1620038.jpg
12000054000000037,12,보물,54,보물 고령 지산리 당간지주,고령 지산리 당간지주,1,경상북도,고령군,35.727209039800115,128.2655272197053,19630121,http://www.khs.go.kr/unisearch/images/treasure/1620059.jpg
12000056000000037,12,보물,56,보물 안동 운흥동 오층전탑,안동 운흥동 오층전탑,13,경상북도,안동시,36.56254861260896,128.73138712226333,19630121,http://www.khs.go.kr/unisearch/images/treasure/1620077.jpg
12000057000000037,12,보물,57,보물 안동 조탑리 오층전탑,안동 조탑리 오층전탑,7,경상북도,안동시,36.48204396891709,128.63539973461613,19630121,http://www.khs.go.kr/unisearch/images/treasure/1620087.jpg
12000058000000037,12,보물,58,보물 안동 안기동 석조여래좌상,안동 안기동 석조여래좌상,1,경상북도,안동시,36.5722888010466,128.71778227790563,19630121,http://www.khs.go.kr/unisearch/images/treasure/1620096.jpg
12000059000000037,12,보물,59,보물 영주 숙수사지 당간지주,영주 숙수사지 당간지주,0,경상북도,영주시,36.9242225872713,128.57960095357308,19630121,http://www.khs.go.kr/unisearch/images/treasure/1620101.jpg
12000060000000037,12,보물,60,보물 영주 영주동 석조여래입상,영주 영주동 석조여래입상,1,경상북도,영주시,36.809712330731,128.6126165174503,19630121,http://www.khs.go.kr/unisearch/images/treasure/1620107.jpg
12000061000000037,12,보물,61,보물 경주 불국사 사리탑,경주 불국사 사리탑,1,경상북도,경주시,35.79064371453126,129.3317638869406,19630121,http://www.khs.go.kr/unisearch/images/treasure/1620114.jpg
12000062000000037,12,보물,62,보물 경주 서악동 마애여래삼존입상,경주 서악동 마애여래삼존입상,12,경상북도,경주시,35.83336618332279,129.17568835777325,19630121,http://www.khs.go.kr/unisearch/images/treasure/1620126.jpg
12000063000000037,12,보물,63,보물 경주 배동 석조여래삼존입상,경주 배동 석조여래삼존입상,5,경상북도,경주시,35.80177207014126,129.21124740868547,19630121,http://www.khs.go.kr/unisearch/images/treasure/1620135.jpg
12000064000000037,12,보물,64,보물 경주 보문사지 석조,경주 보문사지 석조,3,경상북도,경주시,35.82618158590044,129.2542293630829,19630121,http://www.khs.go.kr/unisearch/images/treasure/1620154.jpg
12000065000000037,12,보물,65,보물 경주 서악동 삼층석탑,경주 서악동 삼층석탑,7,경상북도,경주시,35.827959646421725,129.18482657843103,19630121,http://www.khs.go.kr/unisearch/images/treasure/1620160.jpg
12000066000000037,12,보물,66,보물 경주 석빙고,경주 석빙고,184,경상북도,경주시,35.833143450400094,129.22394548465118,19630121,http://www.khs.go.kr/unisearch/images/treasure/1620167.jpg
12000067000000037,12,보물,67,보물 경주 효현동 삼층석탑,경주 효현동 삼층석탑,6,경상북도,경주시,35.8232909182955,129.16968845279848,19630121,http://www.khs.go.kr/unisearch/images/treasure/1620179.jpg
12000068000000037,12,보물,68,보물 경주 황남동 효자 손시양 정려비,경주 황남동 효자 손시양 정려비,629,경상북도,경주시,35.83626945188752,129.21098356229396,19630121,http://www.khs.go.kr/unisearch/images/treasure/1620185.jpg
12000069000000037,12,보물,69,보물 경주 망덕사지 당간지주,경주 망덕사지 당간지주,1,경상북도,경주시,35.816421317402174,129.24316291855456,19630121,http://www.khs.go.kr/unisearch/images/treasure/1620192.jpg
12000070000000037,12,보물,70,보물 경주 서악동 귀부,경주 서악동 귀부,7,경상북도,경주시,35.825008794921715,129.18994108406574,19630121,http://www.khs.go.kr/unisearch/images/treasure/1620196.jpg
12000071000000038,12,보물,71,보물 함안 대산리 석조삼존상,함안 대산리 석조삼존상,2,경상남도,함안군,35.25521654841096,128.4286512486989,19630121,http://www.khs.go.kr/unisearch/images/treasure/1622323.jpg
12000072000000038,12,보물,72,보물 산청 단속사지 동 삼층석탑,산청 단속사지 동 삼층석탑,26,경상남도,산청군,35.321230300836504,127.89984991602246,19630121,http://www.khs.go.kr/unisearch/images/treasure/1622335.jpg
12000073000000038,12,보물,73,보물 산청 단속사지 서 삼층석탑,산청 단속사지 서 삼층석탑,27,경상남도,산청군,35.32123029587999,127.89959787128396,19630121,http://www.khs.go.kr/unisearch/images/treasure/1622339.jpg
12000074000000038,12,보물,74,보물 양산 통도사 국장생 석표,양산 통도사 국장생 석표,3,경상남도,양산시,35.47393861236583,129.0865208669651,19630121,http://www.khs.go.kr/unisearch/images/treasure/1622342.jpg
12000075000000038,12,보물,75,보물 창녕 송현동 마애여래좌상,창녕 송현동 마애여래좌상,7,경상남도,창녕군,35.54111090365998,128.50843412427102,19630121,http://www.khs.go.kr/unisearch/images/treasure/1622346.jpg
12000076000000032,12,보물,76,보물 춘천 근화동 당간지주,춘천 근화동 당간지주,1,강원특별자치도,춘천시,37.89207179940996,127.72165873193846,19630121,http://www.khs.go.kr/unisearch/images/treasure/1616243.jpg
12000077000000032,12,보물,77,보물 춘천 칠층석탑,춘천 칠층석탑,597,강원특별자치도,춘천시,37.88555939540505,127.72449663016128,19630121,http://www.khs.go.kr/unisearch/images/treasure/1616253.jpg
12000078000000032,12,보물,78,보물 원주 거돈사지 원공국사탑비,원주 거돈사지 원공국사탑비,40,강원특별자치도,원주시,37.19343526137793,127.79327582133176,19630121,http://www.khs.go.kr/unisearch/images/treasure/1616262.jpg
12000079000000032,12,보물,79,보물 홍천 희망리 삼층석탑,홍천 희망리 삼층석탑,3,강원특별자치도,홍천군,37.69427173628113,127.88884728629944,19630121,http://www.khs.go.kr/unisearch/images/treasure/1616272.jpg
12000080000000032,12,보물,80,보물 홍천 희망리 당간지주,홍천 희망리 당간지주,1,강원특별자치도,홍천군,37.68765076075368,127.88318552497527,19630121,http://www.khs.go.kr/unisearch/images/treasure/1616276.jpg
12000082000000032,12,보물,82,보물 강릉 대창리 당간지주,강릉 대창리 당간지주,1,강원특별자치도,강릉시,37.76090659704319,128.90123663182143,19630121,http://www.khs.go.kr/unisearch/images/treasure/1616285.jpg
12000083000000032,12,보물,83,보물 강릉 수문리 당간지주,강릉 수문리 당간지주,1,강원특별자치도,강릉시,37.75673643678542,128.90375317691752,19630121,http://www.khs.go.kr/unisearch/images/treasure/1616292.jpg
12000084000000032,12,보물,84,보물 강릉 신복사지 석조보살좌상,강릉 신복사지 석조보살좌상,1,강원특별자치도,강릉시,37.7428054676947,128.88555658388188,19630121,http://www.khs.go.kr/unisearch/images/treasure/1616303.jpg
12000085000000032,12,보물,85,보물 강릉 굴산사지 승탑,강릉 굴산사지 승탑,4,강원특별자치도,강릉시,37.707740309942125,128.88712328668475,19630121,http://www.khs.go.kr/unisearch/images/treasure/1616319.jpg
12000086000000032,12,보물,86,보물 강릉 굴산사지 당간지주,강릉 굴산사지 당간지주,2,강원특별자치도,강릉시,37.70730552249757,128.8918372138964,19630121,http://www.khs.go.kr/unisearch/images/treasure/1616342.jpg
12000087000000032,12,보물,87,보물 강릉 신복사지 삼층석탑,강릉 신복사지 삼층석탑,6,강원특별자치도,강릉시,37.74278973131629,128.88559590864443,19630121,http://www.khs.go.kr/unisearch/images/treasure/1616355.jpg
12000089000000036,12,보물,89,보물 영암 도갑사 석조여래좌상,영암 도갑사 석조여래좌상,5,전남광주통합특별시,영암군,34.75398807376499,126.66380288918732,19630121,http://www.khs.go.kr/unisearch/images/treasure/1618737.jpg
12000091000000031,12,보물,91,보물 여주 창리 삼층석탑,여주 창리 삼층석탑,2,경기도,여주시,37.29425002575283,127.6480925606846,19630121,http://www.khs.go.kr/unisearch/images/treasure/1615660.jpg
12000092000000031,12,보물,92,보물 여주 하리 삼층석탑,여주 하리 삼층석탑,2,경기도,여주시,37.29419579893836,127.6481326461234,19630121,http://www.khs.go.kr/unisearch/images/treasure/1615665.jpg
12000093000000031,12,보물,93,보물 파주 용미리 마애이불입상,파주 용미리 마애이불입상,69,경기도,파주시,37.75418254120184,126.86454924047864,19630121,http://www.khs.go.kr/unisearch/images/treasure/1615671.jpg
12000094000000033,12,보물,94,보물 제천 사자빈신사지 사사자 구층석탑,제천 사자빈신사지 사사자 구층석탑,3,충청북도,제천시,36.857326874254994,128.08327530348612,19630121,http://www.khs.go.kr/unisearch/images/treasure/1616974.jpg
12000095000000033,12,보물,95,보물 충주 미륵리 오층석탑,충주 미륵리 오층석탑,7,충청북도,충주시,36.82201718113985,128.09510769914542,19630121,http://www.khs.go.kr/unisearch/images/treasure/1616984.jpg
12000096000000033,12,보물,96,보물 충주 미륵리 석조여래입상,충주 미륵리 석조여래입상,9,충청북도,충주시,36.82160487967759,128.09511006409195,19630121,http://www.khs.go.kr/unisearch/images/treasure/1616987.jpg
12000097000000033,12,보물,97,보물 괴산 원풍리 마애이불병좌상,괴산 원풍리 마애이불병좌상,66,충청북도,괴산군,36.79182634104561,128.02316545371815,19630121,http://www.khs.go.kr/unisearch/images/treasure/1616994.jpg
12000099000000034,12,보물,99,보물 천안 천흥사지 당간지주,천안 천흥사지 당간지주,10,충청남도,천안시,36.87220452712236,127.21363025328758,19630121,http://www.khs.go.kr/unisearch/images/treasure/1617449.jpg
12000100000000034,12,보물,100,보물 당진 안국사지 석조여래삼존입상,당진 안국사지 석조여래삼존입상,5,충청남도,당진시,36.832014404095816,126.5574634156067,19630121,http://www.khs.go.kr/unisearch/images/treasure/1617457.jpg
12000101000000034,12,보물,101,보물 당진 안국사지 석탑,당진 안국사지 석탑,3,충청남도,당진시,36.83193355140846,126.55742734410228,19630121,http://www.khs.go.kr/unisearch/images/treasure/1617465.jpg
12000102000000034,12,보물,102,보물 서산 보원사지 석조,서산 보원사지 석조,6,충청남도,서산시,36.76229370926752,126.6023463843114,19630121,http://www.khs.go.kr/unisearch/images/treasure/1617472.jpg
12000103000000034,12,보물,103,보물 서산 보원사지 당간지주,서산 보원사지 당간지주,5,충청남도,서산시,36.76166845812427,126.60249941616968,19630121,http://www.khs.go.kr/unisearch/images/treasure/1617477.jpg
12000105000000034,12,보물,105,보물 서산 보원사지 법인국사탑,서산 보원사지 법인국사탑,4,충청남도,서산시,36.76124297327702,126.600765935704,19630121,http://www.khs.go.kr/unisearch/images/treasure/1617496.jpg
12000106000000034,12,보물,106,보물 서산 보원사지 법인국사탑비,서산 보원사지 법인국사탑비,6,충청남도,서산시,36.761160938811365,126.60081324160006,19630121,http://www.khs.go.kr/unisearch/images/treasure/1617503.jpg
12000107000000034,12,보물,107,보물 부여 보광사지 대보광선사비,부여 보광사지 대보광선사비,1,충청남도,부여군,36.27568250818269,126.91809661239004,19630121,http://www.khs.go.kr/unisearch/images/treasure/1617511.jpg
12000108000000034,12,보물,108,보물 부여 정림사지 석조여래좌상,부여 정림사지 석조여래좌상,6,충청남도,부여군,36.27982042623759,126.91334299964612,19630121,http://www.khs.go.kr/unisearch/images/treasure/1617517.jpg
12000109000000024,12,보물,109,보물 (전)광주 성거사지 오층석탑,(전)광주 성거사지 오층석탑,9,전남광주통합특별시,남구,35.14790137235555,126.90789534562109,19630121,http://www.khs.go.kr/unisearch/images/treasure/1615465.jpg
12000110000000024,12,보물,110,보물 광주 지산동 오층석탑,광주 지산동 오층석탑,594,전남광주통합특별시,동구,35.148910731409586,126.9330876267358,19630121,http://www.khs.go.kr/unisearch/images/treasure/1615470.jpg
12000111000000036,12,보물,111,보물 담양 개선사지 석등,담양 개선사지 석등,5,전남광주통합특별시,담양군,35.18548570502044,126.98259802868034,19630121,http://www.khs.go.kr/unisearch/images/treasure/1618748.jpg
12000112000000036,12,보물,112,보물 광양 중흥산성 삼층석탑,광양 중흥산성 삼층석탑,9,전남광주통합특별시,광양시,35.02454008930964,127.60735514993222,19630121,http://www.khs.go.kr/unisearch/images/treasure/1618759.jpg
12000113000000037,12,보물,113,보물 청도 봉기리 삼층석탑,청도 봉기리 삼층석탑,13,경상북도,청도군,35.64317107747442,128.61479316258743,19630121,http://www.khs.go.kr/unisearch/images/treasure/1620207.jpg
12000114000000037,12,보물,114,보물 안동 평화동 삼층석탑,안동 평화동 삼층석탑,8,경상북도,안동시,36.56788810909707,128.7167206645328,19630121,http://www.khs.go.kr/unisearch/images/treasure/1620214.jpg
12000115000000037,12,보물,115,보물 안동 이천동 마애여래입상,안동 이천동 마애여래입상,2,경상북도,안동시,36.60655541029573,128.70524931637635,19630121,http://www.khs.go.kr/unisearch/images/treasure/1620217.jpg
12000116000000037,12,보물,116,보물 영주 석교리 석조여래입상,영주 석교리 석조여래입상,1,경상북도,영주시,36.91187738393639,128.5819450655266,19630121,http://www.khs.go.kr/unisearch/images/treasure/1620224.jpg
12000117000000037,12,보물,117,보물 상주 화달리 삼층석탑,상주 화달리 삼층석탑,16,경상북도,상주시,36.44478626820427,128.2231986000872,19630121,http://www.khs.go.kr/unisearch/images/treasure/1620232.jpg
12000118000000037,12,보물,118,보물 상주 증촌리 석조여래입상,상주 증촌리 석조여래입상,0,경상북도,상주시,36.56813897524786,128.17156064236443,19630121,http://www.khs.go.kr/unisearch/images/treasure/1620240.jpg
12000119000000037,12,보물,119,보물 상주 복용동 석조여래좌상,상주 복용동 석조여래좌상,1,경상북도,상주시,36.41693410788261,128.16203740728673,19630121,http://www.khs.go.kr/unisearch/images/treasure/1620244.jpg
12000120000000037,12,보물,120,보물 상주 증촌리 석조여래좌상,상주 증촌리 석조여래좌상,2,경상북도,상주시,36.56815262839425,128.17156541947023,19630121,http://www.khs.go.kr/unisearch/images/treasure/1620250.jpg
12000121000000037,12,보물,121,보물 경주 굴불사지 석조사면불상,경주 굴불사지 석조사면불상,10,경상북도,경주시,35.85777813756719,129.230076089401,19630121,http://www.khs.go.kr/unisearch/images/treasure/1620257.jpg
12000122000000037,12,보물,122,보물 경주 율동 마애여래삼존입상,경주 율동 마애여래삼존입상,45,경상북도,경주시,35.80471079896106,129.1745393873638,19630121,http://www.khs.go.kr/unisearch/images/treasure/1620270.jpg
12000123000000037,12,보물,123,보물 경주 보문사지 당간지주,경주 보문사지 당간지주,1,경상북도,경주시,35.825176101547854,129.25274366529848,19630121,http://www.khs.go.kr/unisearch/images/treasure/1620282.jpg
12000124000000037,12,보물,124,보물 경주 남산동 동·서 삼층석탑,경주 남산동 동·서 삼층석탑,21,경상북도,경주시,35.79312617017212,129.2440122126106,19630121,http://www.khs.go.kr/unisearch/images/treasure/1620287.jpg
12000125000000037,12,보물,125,보물 경주 무장사지 아미타불 조상 사적비,경주 무장사지 아미타불 조상 사적비,2,경상북도,경주시,35.88093861054952,129.35113058792825,19630121,http://www.khs.go.kr/unisearch/images/treasure/1620303.jpg
12000126000000037,12,보물,126,보물 경주 무장사지 삼층석탑,경주 무장사지 삼층석탑,11,경상북도,경주시,35.88134173539406,129.3502068299919,19630121,http://www.khs.go.kr/unisearch/images/treasure/1620310.jpg
12000127000000037,12,보물,127,보물 경주 삼랑사지 당간지주,경주 삼랑사지 당간지주,6195,경상북도,경주시,35.84571470220922,129.2019429574726,19630121,http://www.khs.go.kr/unisearch/images/treasure/1620314.jpg
12000128000000038,12,보물,128,보물 합천 반야사지 원경왕사비,합천 반야사지 원경왕사비,2,경상남도,합천군,35.7993822395947,128.09646942494587,19630121,http://www.khs.go.kr/unisearch/images/treasure/1622352.jpg
12000129000000038,12,보물,129,보물 합천 월광사지 동·서 삼층석탑,합천 월광사지 동·서 삼층석탑,22,경상남도,합천군,35.734345951616454,128.15262315652106,19630121,http://www.khs.go.kr/unisearch/images/treasure/1622361.jpg
12000132000000036,12,보물,132,보물 구례 화엄사 동 오층석탑,구례 화엄사 동 오층석탑,8,전남광주통합특별시,구례군,35.256978564727206,127.49784453190722,19630121,http://www.khs.go.kr/unisearch/images/treasure/1618774.jpg
12000133000000036,12,보물,133,보물 구례 화엄사 서 오층석탑,구례 화엄사 서 오층석탑,12,전남광주통합특별시,구례군,35.25706023444706,127.4975797672342,19630121,http://www.khs.go.kr/unisearch/images/treasure/1618782.jpg
12000136000000037,12,보물,136,보물 경주 남산 미륵곡 석조여래좌상,경주 남산 미륵곡 석조여래좌상,10,경상북도,경주시,35.81152248744004,129.2356337101826,19630121,http://www.khs.go.kr/unisearch/images/treasure/1620321.jpg
12000137000000037,12,보물,137,보물 문경 봉암사 지증대사탑,문경 봉암사 지증대사탑,5,경상북도,문경시,36.70062671015536,128.00550545222993,19630121,http://www.khs.go.kr/unisearch/images/treasure/1620334.jpg
12000141000000011,12,보물,141,보물 서울 문묘 및 성균관<대성전·동무·서무·삼문·명륜당>,서울 문묘 및 성균관<대성전·동무·서무·삼문·명륜당>,2599,서울특별시,종로구,37.585535428645166,126.99599462441418,19630121,http://www.khs.go.kr/unisearch/images/treasure/1613161.jpg
12000142000000011,12,보물,142,보물 서울 동관왕묘,서울 동관왕묘,1815,서울특별시,종로구,37.572967016994845,127.01833591794664,19630121,http://www.khs.go.kr/unisearch/images/treasure/1613170.jpg
12000143000000034,12,보물,143,보물 서산 개심사 대웅전,서산 개심사 대웅전,189,충청남도,서산시,36.74703377412764,126.59044716580684,19630121,http://www.khs.go.kr/unisearch/images/treasure/1617526.jpg
12000146000000038,12,보물,146,보물 창녕 관룡사 약사전,창녕 관룡사 약사전,48,경상남도,창녕군,35.53177976026817,128.5532492126863,19630121,http://www.khs.go.kr/unisearch/images/treasure/1622368.jpg
12000148000000034,12,보물,148,보물 공주 중동 석조,공주 중동 석조,4,충청남도,공주시,36.46603298118726,127.11182206932722,19630121,http://www.khs.go.kr/unisearch/images/treasure/1617540.jpg
12000149000000034,12,보물,149,보물 공주 반죽동 석조,공주 반죽동 석조,4,충청남도,공주시,36.46605360930664,127.11179658884096,19630121,http://www.khs.go.kr/unisearch/images/treasure/1617547.jpg
12000150000000034,12,보물,150,보물 공주 반죽동 당간지주,공주 반죽동 당간지주,25,충청남도,공주시,36.45168888497566,127.12243176096705,19630121,http://www.khs.go.kr/unisearch/images/treasure/1617553.jpg
12000151000000036,12,보물,151,보물 구례 연곡사 삼층석탑,구례 연곡사 삼층석탑,8,전남광주통합특별시,구례군,35.25450579223386,127.58740112297434,19630121,http://www.khs.go.kr/unisearch/images/treasure/1618803.jpg
12000152000000036,12,보물,152,보물 구례 연곡사 현각선사탑비,구례 연곡사 현각선사탑비,4,전남광주통합특별시,구례군,35.254870209228294,127.58730467695916,19630121,http://www.khs.go.kr/unisearch/images/treasure/1618812.jpg
12000153000000036,12,보물,153,보물 구례 연곡사 동 승탑비,구례 연곡사 동 승탑비,3,전남광주통합특별시,구례군,35.255190871734435,127.58833243311716,19630121,http://www.khs.go.kr/unisearch/images/treasure/1618829.jpg
12000154000000052,12,보물,154,보물 구례 연곡사 소요대사탑,구례 연곡사 소요대사탑,3,전남광주통합특별시,구례군,35.255165768473624,127.586879932105,19630121,http://www.khs.go.kr/unisearch/images/treasure/1618845.jpg
12000155000000036,12,보물,155,보물 장흥 보림사 동 승탑,장흥 보림사 동 승탑,3,전남광주통합특별시,장흥군,34.808490511361924,126.89989487999011,19630121,http://www.khs.go.kr/unisearch/images/treasure/1618861.jpg
12000156000000036,12,보물,156,보물 장흥 보림사 서 승탑,장흥 보림사 서 승탑,4,전남광주통합특별시,장흥군,34.812837279417344,126.8876631006711,19630121,http://www.khs.go.kr/unisearch/images/treasure/1618874.jpg
12000157000000036,12,보물,157,보물 장흥 보림사 보조선사탑,장흥 보림사 보조선사탑,4,전남광주통합특별시,장흥군,34.80849943537099,126.89748978791192,19630121,http://www.khs.go.kr/unisearch/images/treasure/1618889.jpg
12000158000000036,12,보물,158,보물 장흥 보림사 보조선사탑비,장흥 보림사 보조선사탑비,5,전남광주통합특별시,장흥군,34.808264376260944,126.89736130019013,19630121,http://www.khs.go.kr/unisearch/images/treasure/1618906.jpg
12000159000000038,12,보물,159,보물 함안 방어산 마애약사여래삼존입상,함안 방어산 마애약사여래삼존입상,30,경상남도,함안군,35.247701973500426,128.30114190936646,19630121,http://www.khs.go.kr/unisearch/images/treasure/1622386.jpg
12000161000000023,12,보물,161,보물 강화 정수사 법당,강화 정수사 법당,150,인천광역시,강화군,37.608488246604885,126.44581104377116,19630121,http://www.khs.go.kr/unisearch/images/treasure/1615343.jpg
12000162000000034,12,보물,162,보물 청양 장곡사 상 대웅전,청양 장곡사 상 대웅전,199,충청남도,청양군,36.41762654394405,126.86026812960516,19630121,http://www.khs.go.kr/unisearch/images/treasure/1617562.jpg
12000164000000032,12,보물,164,보물 춘천 청평사 회전문,춘천 청평사 회전문,48,강원특별자치도,춘천시,37.986170468602566,127.80893134021852,19630121,http://www.khs.go.kr/unisearch/images/treasure/1616373.jpg
12000165000000032,12,보물,165,보물 강릉 오죽헌,강릉 오죽헌,169,강원특별자치도,강릉시,37.77934213184771,128.87770801534572,19630121,http://www.khs.go.kr/unisearch/images/treasure/1616387.jpg
12000166000000011,12,보물,166,보물 서울 홍제동 오층석탑,서울 홍제동 오층석탑,1,서울특별시,용산구,37.52205888324232,126.98099020674984,19630121,http://www.khs.go.kr/unisearch/images/treasure/1613189.jpg
12000167000000035,12,보물,167,보물 정읍 은선리 삼층석탑,정읍 은선리 삼층석탑,8,전북특별자치도,정읍시,35.64367974938914,126.79366283085768,19630121,http://www.khs.go.kr/unisearch/images/treasure/1618234.jpg
12000168000000037,12,보물,168,보물 경주 천군동 동·서 삼층석탑,경주 천군동 동·서 삼층석탑,34,경상북도,경주시,35.83157184681227,129.28119125818915,19630121,http://www.khs.go.kr/unisearch/images/treasure/1620415.jpg
12000169000000037,12,보물,169,보물 문경 봉암사 삼층석탑,문경 봉암사 삼층석탑,12,경상북도,문경시,36.70009634054018,128.00525062406925,19630121,http://www.khs.go.kr/unisearch/images/treasure/1620424.jpg
12000170000000036,12,보물,170,보물 화순 쌍봉사 철감선사탑비,화순 쌍봉사 철감선사탑비,5,전남광주통합특별시,화순군,34.888225547825584,127.0591190524003,19630121,http://www.khs.go.kr/unisearch/images/treasure/1618927.jpg
12000171000000037,12,보물,171,보물 문경 봉암사 정진대사탑,문경 봉암사 정진대사탑,4,경상북도,문경시,36.70133258310632,128.01012152513505,19630121,http://www.khs.go.kr/unisearch/images/treasure/1620432.jpg
12000172000000037,12,보물,172,보물 문경 봉암사 정진대사탑비,문경 봉암사 정진대사탑비,7,경상북도,문경시,36.69963786652662,128.00983408221953,19630121,http://www.khs.go.kr/unisearch/images/treasure/1620443.jpg
12000173000000026,12,보물,173,보물 울주 망해사지 승탑,울주 망해사지 승탑,13,울산광역시,울주군,35.53283870211888,129.23807571245538,19630121,http://www.khs.go.kr/unisearch/images/treasure/1615540.jpg
12000177000000011,12,보물,177,보물 사직단 대문,사직단 대문,115,서울특별시,종로구,37.57570204303077,126.96863184456228,19630121,http://www.khs.go.kr/unisearch/images/treasure/1613194.jpg
12000178000000023,12,보물,178,보물 강화 전등사 대웅전,강화 전등사 대웅전,184,인천광역시,강화군,37.6330274403798,126.48504198193648,19630121,http://www.khs.go.kr/unisearch/images/treasure/1615360.jpg
12000179000000023,12,보물,179,보물 강화 전등사 약사전,강화 전등사 약사전,90,인천광역시,강화군,37.63303375617525,126.48465667844472,19630121,http://www.khs.go.kr/unisearch/images/treasure/1615374.jpg
12000180000000031,12,보물,180,보물 여주 신륵사 조사당,여주 신륵사 조사당,79,경기도,여주시,37.29791160317481,127.66138888261814,19630121,http://www.khs.go.kr/unisearch/images/treasure/1615682.jpg
12000181000000034,12,보물,181,보물 청양 장곡사 하 대웅전,청양 장곡사 하 대웅전,126,충청남도,청양군,36.41741087410762,126.85969902780973,19630121,http://www.khs.go.kr/unisearch/images/treasure/1617574.jpg
12000182000000037,12,보물,182,보물 안동 임청각,안동 임청각,728,경상북도,안동시,36.565112783808125,128.74469094611925,19630121,http://www.khs.go.kr/unisearch/images/treasure/1620451.jpg
12000183000000032,12,보물,183,보물 강릉 해운정,강릉 해운정,97,강원특별자치도,강릉시,37.7861999585577,128.89115461264845,19630121,http://www.khs.go.kr/unisearch/images/treasure/1616406.jpg
12000184000000034,12,보물,184,보물 부여 장하리 삼층석탑,부여 장하리 삼층석탑,6,충청남도,부여군,36.23533279087447,126.9470253976657,19630121,http://www.khs.go.kr/unisearch/images/treasure/1617583.jpg
12000185000000034,12,보물,185,보물 부여 무량사 오층석탑,부여 무량사 오층석탑,18,충청남도,부여군,36.31695163148473,126.69332993267518,19630121,http://www.khs.go.kr/unisearch/images/treasure/1617589.jpg
12000186000000037,12,보물,186,보물 경주 남산 용장사곡 삼층석탑,경주 남산 용장사곡 삼층석탑,4,경상북도,경주시,35.78110887936545,129.2228314075153,19630121,http://www.khs.go.kr/unisearch/images/treasure/1620465.jpg
12000187000000037,12,보물,187,보물 경주 남산 용장사곡 석조여래좌상,경주 남산 용장사곡 석조여래좌상,3,경상북도,경주시,35.78079728539832,129.22279883504524,19630121,http://www.khs.go.kr/unisearch/images/treasure/1620478.jpg
12000188000000037,12,보물,188,보물 의성 관덕리 삼층석탑,의성 관덕리 삼층석탑,3,경상북도,의성군,36.43147240648148,128.69139167469098,19630121,http://www.khs.go.kr/unisearch/images/treasure/1620487.jpg
12000189000000037,12,보물,189,보물 칠곡 송림사 오층전탑,칠곡 송림사 오층전탑,0,경상북도,칠곡군,35.98214230812736,128.57759845781698,19630121,http://www.khs.go.kr/unisearch/images/treasure/1620493.jpg
12000190000000011,12,보물,190,보물 원주 거돈사지 원공국사탑,원주 거돈사지 원공국사탑,4,서울특별시,용산구,37.52346466871092,126.98152724952102,19630121,http://www.khs.go.kr/unisearch/images/treasure/1613204.jpg
12000191000000032,12,보물,191,보물 강릉 보현사 낭원대사탑,강릉 보현사 낭원대사탑,2,강원특별자치도,강릉시,37.73845850215033,128.76742865726777,19630121,http://www.khs.go.kr/unisearch/images/treasure/1616419.jpg
12000192000000032,12,보물,192,보물 강릉 보현사 낭원대사탑비,강릉 보현사 낭원대사탑비,1,강원특별자치도,강릉시,37.73673510163644,128.76961869424233,19630121,http://www.khs.go.kr/unisearch/images/treasure/1616434.jpg
12000193000000037,12,보물,193,보물 청도 운문사 금당 앞 석등,청도 운문사 금당 앞 석등,1,경상북도,청도군,35.66094997222347,128.95972282169836,19630121,http://www.khs.go.kr/unisearch/images/treasure/1620506.jpg
12000197000000034,12,보물,197,보물 청양 읍내리 석조여래삼존입상,청양 읍내리 석조여래삼존입상,3,충청남도,청양군,36.45429824788767,126.80837521358484,19630121,http://www.khs.go.kr/unisearch/images/treasure/1617602.jpg
12000198000000037,12,보물,198,보물 경주 남산 불곡 마애여래좌상,경주 남산 불곡 마애여래좌상,1,경상북도,경주시,35.819010641560354,129.23047370725038,19630121,http://www.khs.go.kr/unisearch/images/treasure/1620510.jpg
12000199000000037,12,보물,199,보물 경주 남산 신선암 마애보살반가상,경주 남산 신선암 마애보살반가상,11,경상북도,경주시,35.77150941440494,129.23496090135856,19630121,http://www.khs.go.kr/unisearch/images/treasure/1620517.jpg
12000201000000037,12,보물,201,보물 경주 남산 탑곡 마애불상군,경주 남산 탑곡 마애불상군,83,경상북도,경주시,35.814659045503944,129.23281225183476,19630121,http://www.khs.go.kr/unisearch/images/treasure/1620544.jpg
12000203000000037,12,보물,203,보물 청도 박곡리 석조여래좌상,청도 박곡리 석조여래좌상,45,경상북도,청도군,35.66851161902724,128.9225099104478,19630121,http://www.khs.go.kr/unisearch/images/treasure/1620588.jpg
12000209000000025,12,보물,209,보물 대전 회덕 동춘당,대전 회덕 동춘당,88,대전광역시,대덕구,36.36498130728384,127.4414485064762,19630121,http://www.khs.go.kr/unisearch/images/treasure/1615512.jpg
12000210000000037,12,보물,210,보물 안동 도산서원 전교당,안동 도산서원 전교당,123,경상북도,안동시,36.727363092588256,128.84351246619966,19630121,http://www.khs.go.kr/unisearch/images/treasure/1620596.jpg
12000211000000037,12,보물,211,보물 안동 도산서원 상덕사 및 삼문,안동 도산서원 상덕사 및 삼문,139,경상북도,안동시,36.72751165727367,128.84364634922497,19630121,http://www.khs.go.kr/unisearch/images/treasure/1620604.jpg
12000212000000038,12,보물,212,보물 창녕 관룡사 대웅전,창녕 관룡사 대웅전,204,경상남도,창녕군,35.53197532410844,128.5534568325778,19630121,http://www.khs.go.kr/unisearch/images/treasure/1622395.jpg
12000214000000032,12,보물,214,보물 강릉향교 대성전,강릉향교 대성전,5624,강원특별자치도,강릉시,37.763558534148245,128.89526806739423,19630121,http://www.khs.go.kr/unisearch/images/treasure/1616478.jpg
12000215000000011,12,보물,215,보물 서울 북한산 구기동 마애여래좌상,서울 북한산 구기동 마애여래좌상,171,서울특별시,종로구,37.6271826932624,126.95914457228776,19630121,http://www.khs.go.kr/unisearch/images/treasure/1613213.jpg
12000216000000033,12,보물,216,보물 보은 법주사 마애여래의좌상,보은 법주사 마애여래의좌상,49,충청북도,보은군,36.541404975035306,127.83199803457664,19630121,http://www.khs.go.kr/unisearch/images/treasure/1617004.jpg
12000217000000034,12,보물,217,보물 부여 대조사 석조미륵보살입상,부여 대조사 석조미륵보살입상,12,충청남도,부여군,36.19100059258185,126.9003925345414,19630121,http://www.khs.go.kr/unisearch/images/treasure/1617610.jpg
12000219000000034,12,보물,219,보물 논산 개태사지 석조여래삼존입상,논산 개태사지 석조여래삼존입상,12,충청남도,논산시,36.2409816872705,127.22927679733311,19630121,http://www.khs.go.kr/unisearch/images/treasure/1617624.jpg
12000220000010037,12,보물,220,보물 영주 북지리 석조여래좌상(1963-1),영주 북지리 석조여래좌상(1963-1),0,경상북도,영주시,36.9998425974776,128.6874031091389,19630121,http://www.khs.go.kr/unisearch/images/treasure/2020031017475400.jpg
12000221000000037,12,보물,221,보물 영주 가흥동 마애여래삼존상 및 여래좌상,영주 가흥동 마애여래삼존상 및 여래좌상,5,경상북도,영주시,36.80994695955104,128.61292341170213,19630121,http://www.khs.go.kr/unisearch/images/treasure/1620618.jpg
12000222000000038,12,보물,222,보물 합천 치인리 마애여래입상,합천 치인리 마애여래입상,5,경상남도,합천군,35.81335504609404,128.1167040299782,19630121,http://www.khs.go.kr/unisearch/images/treasure/1622407.jpg
12000223000000032,12,보물,223,보물 철원 도피안사 삼층석탑,철원 도피안사 삼층석탑,3,강원특별자치도,철원군,38.24043670497844,127.21802400971328,19630121,http://www.khs.go.kr/unisearch/images/treasure/1616497.jpg
12000224000000034,12,보물,224,보물 서천 성북리 오층석탑,서천 성북리 오층석탑,6,충청남도,서천군,36.147387266131375,126.59863769471252,19630121,http://www.khs.go.kr/unisearch/images/treasure/1617638.jpg
12000225000000031,12,보물,225,보물 여주 신륵사 다층석탑,여주 신륵사 다층석탑,2,경기도,여주시,37.29753812883494,127.66168775064128,19630121,http://www.khs.go.kr/unisearch/images/treasure/1615691.jpg
12000226000000031,12,보물,226,보물 여주 신륵사 다층전탑,여주 신륵사 다층전탑,17,경기도,여주시,37.29711871469241,127.66223144941138,19630121,http://www.khs.go.kr/unisearch/images/treasure/1615700.jpg
12000227000000038,12,보물,227,보물 창녕 인양사 조성비,창녕 인양사 조성비,24,경상남도,창녕군,35.54383181001169,128.49410316681784,19630121,http://www.khs.go.kr/unisearch/images/treasure/1622411.jpg
12000228000000031,12,보물,228,보물 여주 신륵사 보제존자석종,여주 신륵사 보제존자석종,4,경기도,여주시,37.29837492974183,127.66166300774644,19630121,http://www.khs.go.kr/unisearch/images/treasure/1615708.jpg
12000229000000031,12,보물,229,보물 여주 신륵사 보제존자석종비,여주 신륵사 보제존자석종비,2,경기도,여주시,37.298347344349246,127.66173906308546,19630121,http://www.khs.go.kr/unisearch/images/treasure/1615714.jpg
12000230000000031,12,보물,230,보물 여주 신륵사 대장각기비,여주 신륵사 대장각기비,1,경기도,여주시,37.29737619339023,127.6622215707381,19630121,http://www.khs.go.kr/unisearch/images/treasure/1615720.jpg
12000231000000031,12,보물,231,보물 여주 신륵사 보제존자석종 앞 석등,여주 신륵사 보제존자석종 앞 석등,1,경기도,여주시,37.298347494776806,127.66162525370711,19630121,http://www.khs.go.kr/unisearch/images/treasure/1615723.jpg
12000232000000034,12,보물,232,보물 논산 관촉사 석등,논산 관촉사 석등,4,충청남도,논산시,36.18821149827451,127.1129436535011,19630121,http://www.khs.go.kr/unisearch/images/treasure/1617643.jpg
12000233000000034,12,보물,233,보물 부여 무량사 석등,부여 무량사 석등,2,충청남도,부여군,36.31689073728558,126.69332707905464,19630121,http://www.khs.go.kr/unisearch/images/treasure/1617650.jpg
12000234000000035,12,보물,234,보물 군산 발산리 석등,군산 발산리 석등,1,전북특별자치도,군산시,35.95944579359642,126.7965291128247,19630121,http://www.khs.go.kr/unisearch/images/treasure/1618239.jpg
12000235000000011,12,보물,235,보물 서울 장의사지 당간지주,서울 장의사지 당간지주,1,서울특별시,종로구,37.60270031694409,126.96121878165695,19630121,http://www.khs.go.kr/unisearch/images/treasure/1613220.jpg
12000236000000035,12,보물,236,보물 익산 미륵사지 당간지주,익산 미륵사지 당간지주,15,전북특별자치도,익산시,36.01168875129312,127.03094606910388,19630121,http://www.khs.go.kr/unisearch/images/treasure/1618245.jpg
12000242000000037,12,보물,242,보물 안동 개목사 원통전,안동 개목사 원통전,98,경상북도,안동시,36.65801865656649,128.66795946530158,19630121,http://www.khs.go.kr/unisearch/images/treasure/1620631.jpg
12000243000000022,12,보물,243,보물 대구 동화사 마애여래좌상,대구 동화사 마애여래좌상,149,대구광역시,동구,35.985682750223056,128.70113730757342,19630121,http://www.khs.go.kr/unisearch/images/treasure/1615136.jpg
12000244000000022,12,보물,244,보물 대구 동화사 비로암 석조비로자나불좌상,대구 동화사 비로암 석조비로자나불좌상,1,대구광역시,동구,35.992268518796834,128.7021466842124,19630121,http://www.khs.go.kr/unisearch/images/treasure/1615139.jpg
12000245000000037,12,보물,245,보물 김천 갈항사지 석조여래좌상,김천 갈항사지 석조여래좌상,50,경상북도,김천시,36.08817067632737,128.27203427052342,19630121,http://www.khs.go.kr/unisearch/images/treasure/1620646.jpg
12000246000000037,12,보물,246,보물 의성 고운사 석조여래좌상,의성 고운사 석조여래좌상,86,경상북도,의성군,36.4585425925739,128.7507405643922,19630121,http://www.khs.go.kr/unisearch/images/treasure/1620655.jpg
12000247000000022,12,보물,247,보물 대구 동화사 비로암 삼층석탑,대구 동화사 비로암 삼층석탑,5,대구광역시,동구,35.99210552068102,128.7021464123678,19630121,http://www.khs.go.kr/unisearch/images/treasure/1615153.jpg
12000248000000022,12,보물,248,보물 대구 동화사 금당암 동·서 삼층석탑,대구 동화사 금당암 동·서 삼층석탑,17,대구광역시,동구,35.99271359297718,128.70465779561462,19630121,http://www.khs.go.kr/unisearch/images/treasure/1615161.jpg
12000249000000037,12,보물,249,보물 영주 부석사 삼층석탑,영주 부석사 삼층석탑,12,경상북도,영주시,36.99882385301896,128.6879321733341,19630121,http://www.khs.go.kr/unisearch/images/treasure/1620661.jpg
12000250000000021,12,보물,250,보물 부산 범어사 삼층석탑,부산 범어사 삼층석탑,11,부산광역시,금정구,35.28402961863679,129.0684141249063,19630121,http://www.khs.go.kr/unisearch/images/treasure/1615057.jpg
12000251000000037,12,보물,251,보물 칠곡 선봉사 대각국사비,칠곡 선봉사 대각국사비,2,경상북도,칠곡군,36.086901724504095,128.32795261893872,19630121,http://www.khs.go.kr/unisearch/images/treasure/1620667.jpg
12000252000000037,12,보물,252,보물 포항 보경사 원진국사비,포항 보경사 원진국사비,2,경상북도,포항시,36.25254138865909,129.3182143927922,19630121,http://www.khs.go.kr/unisearch/images/treasure/1620685.jpg
12000253000000038,12,보물,253,보물 합천 청량사 석등,합천 청량사 석등,5,경상남도,합천군,35.772490665698584,128.10983951841018,19630121,http://www.khs.go.kr/unisearch/images/treasure/1622416.jpg
12000254000000022,12,보물,254,보물 대구 동화사 당간지주,대구 동화사 당간지주,1,대구광역시,동구,35.99209907446873,128.70443646467655,19630121,http://www.khs.go.kr/unisearch/images/treasure/1615167.jpg
12000255000000037,12,보물,255,보물 영주 부석사 당간지주,영주 부석사 당간지주,1,경상북도,영주시,36.99738343612576,128.68564076917576,19630121,http://www.khs.go.kr/unisearch/images/treasure/1620691.jpg
12000256000000034,12,보물,256,보물 공주 갑사 철당간,공주 갑사 철당간,4,충청남도,공주시,36.36476076676088,127.18539511581548,19630121,http://www.khs.go.kr/unisearch/images/treasure/1617656.jpg
12000257000000034,12,보물,257,보물 공주 갑사 승탑,공주 갑사 승탑,2,충청남도,공주시,36.36438322313873,127.1864372431614,19630121,http://www.khs.go.kr/unisearch/images/treasure/1617663.jpg
12000263000000036,12,보물,263,보물 순천 송광사 하사당,순천 송광사 하사당,89,전남광주통합특별시,순천시,35.00247133462105,127.27632050997556,19630121,http://www.khs.go.kr/unisearch/images/treasure/1618954.jpg
12000264000000038,12,보물,264,보물 합천 해인사 석조여래입상,합천 해인사 석조여래입상,1,경상남도,합천군,35.821004147513094,128.11697561080425,19630121,http://www.khs.go.kr/unisearch/images/treasure/1622424.jpg
12000265000000038,12,보물,265,보물 합천 청량사 석조여래좌상,합천 청량사 석조여래좌상,4,경상남도,합천군,35.77278047587373,128.10974359176615,19630121,http://www.khs.go.kr/unisearch/images/treasure/1622429.jpg
12000266000000038,12,보물,266,보물 합천 청량사 삼층석탑,합천 청량사 삼층석탑,18,경상남도,합천군,35.772536090292256,128.1098272403983,19630121,http://www.khs.go.kr/unisearch/images/treasure/1622443.jpg
12000267000000035,12,보물,267,보물 임실 진구사지 석등,임실 진구사지 석등,8,전북특별자치도,임실군,35.63417856546548,127.21044611909156,19630121,http://www.khs.go.kr/unisearch/images/treasure/1618255.jpg
12000272000000035,12,보물,272,보물 장수향교 대성전,장수향교 대성전,199,전북특별자치도,장수군,35.64847217916479,127.52325222314252,19630121,http://www.khs.go.kr/unisearch/images/treasure/1618261.jpg
12000274000000036,12,보물,274,보물 곡성 태안사 광자대사탑,곡성 태안사 광자대사탑,2,전남광주통합특별시,곡성군,35.13116331949218,127.38693646210996,19630121,http://www.khs.go.kr/unisearch/images/treasure/1618970.jpg
12000275000000036,12,보물,275,보물 곡성 태안사 광자대사탑비,곡성 태안사 광자대사탑비,2,전남광주통합특별시,곡성군,35.13109515007043,127.3869333467717,19630121,http://www.khs.go.kr/unisearch/images/treasure/1618975.jpg
12000276000000035,12,보물,276,보물 군산 발산리 오층석탑,군산 발산리 오층석탑,6,전북특별자치도,군산시,35.95932860296408,126.7967185720702,19630121,http://www.khs.go.kr/unisearch/images/treasure/1618270.jpg
12000289000000035,12,보물,289,보물 정읍 피향정,정읍 피향정,18583,전북특별자치도,정읍시,35.65134813595487,126.9429703829888,19630121,http://www.khs.go.kr/unisearch/images/treasure/1618288.jpg
12000290000000035,12,보물,290,보물 고창 선운사 대웅전,고창 선운사 대웅전,409,전북특별자치도,고창군,35.497229307823126,126.57815993087814,19630121,http://www.khs.go.kr/unisearch/images/treasure/1618299.jpg
12000291000000035,12,보물,291,보물 부안 내소사 대웅보전,부안 내소사 대웅보전,283,전북특별자치도,부안군,35.61765969458246,126.58694626773382,19630121,http://www.khs.go.kr/unisearch/images/treasure/1618319.jpg
12000292000000035,12,보물,292,보물 부안 개암사 대웅전,부안 개암사 대웅전,267,전북특별자치도,부안군,35.66283366609585,126.64979846697896,19630121,http://www.khs.go.kr/unisearch/images/treasure/1618340.jpg
12000294000000038,12,보물,294,보물 함양 승안사지 삼층석탑,함양 승안사지 삼층석탑,3,경상남도,함양군,35.572635664464904,127.79720418802415,19630121,http://www.khs.go.kr/unisearch/images/treasure/1622454.jpg
12000295000000038,12,보물,295,보물 창녕 관룡사 용선대 석조여래좌상,창녕 관룡사 용선대 석조여래좌상,2,경상남도,창녕군,35.531611295007,128.54907008158267,19630121,http://www.khs.go.kr/unisearch/images/treasure/1622472.jpg
12000296000000037,12,보물,296,보물 김천 청암사 수도암 석조보살좌상,김천 청암사 수도암 석조보살좌상,2,경상북도,김천시,35.86200259666484,127.99667186571958,19630121,http://www.khs.go.kr/unisearch/images/treasure/1620698.jpg
12000297000000037,12,보물,297,보물 김천 청암사 수도암 동·서 삼층석탑,김천 청암사 수도암 동·서 삼층석탑,14,경상북도,김천시,35.861889255775274,127.99677069624106,19630121,http://www.khs.go.kr/unisearch/images/treasure/1620699.jpg
12000298000000036,12,보물,298,보물 강진 월남사지 삼층석탑,강진 월남사지 삼층석탑,5,전남광주통합특별시,강진군,34.742541557411705,126.7116949152146,19630121,http://www.khs.go.kr/unisearch/images/treasure/1618983.jpg
12000299000000036,12,보물,299,보물 구례 화엄사 대웅전,구례 화엄사 대웅전,479,전남광주통합특별시,구례군,35.25726645308639,127.49792303303484,19630121,http://www.khs.go.kr/unisearch/images/treasure/1618994.jpg
12000300000000036,12,보물,300,보물 구례 화엄사 원통전 앞 사자탑,구례 화엄사 원통전 앞 사자탑,3,전남광주통합특별시,구례군,35.2572639449443,127.49747991508302,19630121,http://www.khs.go.kr/unisearch/images/treasure/1619008.jpg
12000301000000036,12,보물,301,보물 해남 대흥사 북미륵암 삼층석탑,해남 대흥사 북미륵암 삼층석탑,5,전남광주통합특별시,해남군,34.474825482124935,126.63090217154432,19630121,http://www.khs.go.kr/unisearch/images/treasure/1619018.jpg
12000302000000036,12,보물,302,보물 순천 송광사 약사전,순천 송광사 약사전,45,전남광주통합특별시,순천시,35.00180497348871,127.27581266479568,19630121,http://www.khs.go.kr/unisearch/images/treasure/1619026.jpg
12000303000000036,12,보물,303,보물 순천 송광사 영산전,순천 송광사 영산전,111,전남광주통합특별시,순천시,35.0017209630221,127.27584362164436,19630121,http://www.khs.go.kr/unisearch/images/treasure/1619038.jpg
12000304000000036,12,보물,304,보물 보성 벌교 홍교,보성 벌교 홍교,143,전남광주통합특별시,보성군,34.84977923618405,127.33830594130484,19630121,http://www.khs.go.kr/unisearch/images/treasure/1619051.jpg
12000305000000037,12,보물,305,보물 안동 석빙고,안동 석빙고,457,경상북도,안동시,36.575077310364826,128.7626863227117,19630121,http://www.khs.go.kr/unisearch/images/treasure/1620709.jpg
12000306000000037,12,보물,306,보물 안동 하회 양진당,안동 하회 양진당,434,경상북도,안동시,36.53899421135201,128.5166714232647,19630121,http://www.khs.go.kr/unisearch/images/treasure/1620714.jpg
12000307000000037,12,보물,307,보물 김천 청암사 수도암 석조비로자나불좌상,김천 청암사 수도암 석조비로자나불좌상,10,경상북도,김천시,35.86182772667232,127.99651641468952,19630121,http://www.khs.go.kr/unisearch/images/treasure/1620728.jpg
12000308000000035,12,보물,308,보물 전주 풍남문,전주 풍남문,375,전북특별자치도,전주시,35.81351017935037,127.14757738945016,19630121,http://www.khs.go.kr/unisearch/images/treasure/1618357.jpg
12000309000000035,12,보물,309,보물 정읍 천곡사지 칠층석탑,정읍 천곡사지 칠층석탑,6,전북특별자치도,정읍시,35.61453211249187,126.8258636392945,19630121,http://www.khs.go.kr/unisearch/images/treasure/1618370.jpg
12000310000000038,12,보물,310,보물 창녕 석빙고,창녕 석빙고,569,경상남도,창녕군,35.54260731015964,128.49845205333511,19630121,http://www.khs.go.kr/unisearch/images/treasure/1622483.jpg
12000312000000038,12,보물,312,보물 밀양 소태리 오층석탑,밀양 소태리 오층석탑,10,경상남도,밀양시,35.56152510067617,128.62673368942376,19630121,http://www.khs.go.kr/unisearch/images/treasure/1622490.jpg
12000313000000036,12,보물,313,보물 강진 월남사지 진각국사비,강진 월남사지 진각국사비,6,전남광주통합특별시,강진군,34.74272661522509,126.71070767546026,19630121,http://www.khs.go.kr/unisearch/images/treasure/1619063.jpg
12000316000000037,12,보물,316,보물 청도 운문사 원응국사비,청도 운문사 원응국사비,2,경상북도,청도군,35.660972791454064,128.9609089015014,19630121,http://www.khs.go.kr/unisearch/images/treasure/1620741.jpg
12000317000000037,12,보물,317,보물 청도 운문사 석조여래좌상,청도 운문사 석조여래좌상,0,경상북도,청도군,35.6611455098687,128.96014957159565,19630121,http://www.khs.go.kr/unisearch/images/treasure/1620746.jpg
12000318000000037,12,보물,318,보물 청도 운문사 석조사천왕상,청도 운문사 석조사천왕상,0,경상북도,청도군,35.66113396251987,128.96014719461462,19630121,http://www.khs.go.kr/unisearch/images/treasure/1620753.jpg
12000320000000036,12,보물,320,보물 해남 대흥사 삼층석탑,해남 대흥사 삼층석탑,18,전남광주통합특별시,해남군,34.477250547072934,126.61715889903998,19630121,http://www.khs.go.kr/unisearch/images/treasure/1619082.jpg
12000322000000050,12,보물,322,보물 제주 관덕정,제주 관덕정,459,제주특별자치도,제주시,33.51336094448564,126.5214894743086,19630121,http://www.khs.go.kr/unisearch/images/treasure/1623059.jpg
12000323000000037,12,보물,323,보물 청도 석빙고,청도 석빙고,96,경상북도,청도군,35.64943372991999,128.7084082545026,19630121,http://www.khs.go.kr/unisearch/images/treasure/1620774.jpg
12000327000000037,12,보물,327,보물 의성 빙산사지 오층석탑,의성 빙산사지 오층석탑,17,경상북도,의성군,36.23080264357001,128.7556467988237,19630121,http://www.khs.go.kr/unisearch/images/treasure/1620785.jpg
12000350000000022,12,보물,350,보물 달성 도동서원 중정당·사당·담장,달성 도동서원 중정당·사당·담장,95,대구광역시,달성군,35.7014628669693,128.37036989501215,19630121,http://www.khs.go.kr/unisearch/images/treasure/1615196.jpg
12000351000000011,12,보물,351,보물 전 양평 보리사지 대경대사탑,전 양평 보리사지 대경대사탑,2,서울특별시,서대문구,37.56293578600919,126.94868176956548,19630121,http://www.khs.go.kr/unisearch/images/treasure/1613272.jpg
12000353000000038,12,보물,353,보물 합천 영암사지 쌍사자 석등,합천 영암사지 쌍사자 석등,1,경상남도,합천군,35.47430828126508,128.00273624666053,19630121,http://www.khs.go.kr/unisearch/images/treasure/1622499.jpg
12000354000000034,12,보물,354,보물 천안 천흥사지 오층석탑,천안 천흥사지 오층석탑,11,충청남도,천안시,36.87013778101753,127.2131572701958,19630121,http://www.khs.go.kr/unisearch/images/treasure/1617697.jpg
12000355000000034,12,보물,355,보물 홍성 신경리 마애여래입상,홍성 신경리 마애여래입상,22,충청남도,홍성군,36.651004553818574,126.6546170154895,19630121,http://www.khs.go.kr/unisearch/images/treasure/1617703.jpg
12000356000000034,12,보물,356,보물 부여 무량사 극락전,부여 무량사 극락전,501,충청남도,부여군,36.31723347815296,126.6933291346907,19630121,http://www.khs.go.kr/unisearch/images/treasure/1617710.jpg
12000357000000022,12,보물,357,보물 칠곡 정도사지 오층석탑,칠곡 정도사지 오층석탑,6,대구광역시,수성구,35.84559022225438,128.6383867766897,19630121,http://www.khs.go.kr/unisearch/images/treasure/1613278.jpg
12000358000000011,12,보물,358,보물 원주 영전사지 보제존자탑,원주 영전사지 보제존자탑,9,서울특별시,용산구,37.52213780752885,126.98148386161144,19630121,http://www.khs.go.kr/unisearch/images/treasure/1613281.jpg
12000361000000011,12,보물,361,보물 양평 보리사지 대경대사탑비,양평 보리사지 대경대사탑비,3,서울특별시,용산구,37.52352231988435,126.98105233534233,19630121,http://www.khs.go.kr/unisearch/images/treasure/1613299.jpg
12000362000000011,12,보물,362,보물 창원 봉림사지 진경대사탑,창원 봉림사지 진경대사탑,2,서울특별시,용산구,37.52350848162866,126.98071304879105,19630121,http://www.khs.go.kr/unisearch/images/treasure/1613305.jpg
12000365000000011,12,보물,365,보물 원주 흥법사지 진공대사탑 및 석관,원주 흥법사지 진공대사탑 및 석관,4,서울특별시,용산구,37.52348233447529,126.98114848802676,19630121,http://www.khs.go.kr/unisearch/images/treasure/1613319.jpg
12000369000000026,12,보물,369,보물 울주 석남사 승탑,울주 석남사 승탑,2,울산광역시,울주군,35.62169998164535,129.03263331815145,19630121,http://www.khs.go.kr/unisearch/images/treasure/1615548.jpg
12000370000000026,12,보물,370,보물 울주 간월사지 석조여래좌상,울주 간월사지 석조여래좌상,3,울산광역시,울주군,35.55543014920707,129.07273634168334,19630121,http://www.khs.go.kr/unisearch/images/treasure/1615557.jpg
12000371000000038,12,보물,371,보물 산청 사월리 석조여래좌상,산청 사월리 석조여래좌상,85,경상남도,진주시,35.17502528205581,128.0833333633122,19630121,http://www.khs.go.kr/unisearch/images/treasure/1622515.jpg
12000372000000038,12,보물,372,보물 진주 용암사지 승탑,진주 용암사지 승탑,3,경상남도,진주시,35.16283727652443,128.33015498118925,19630121,http://www.khs.go.kr/unisearch/images/treasure/1622523.jpg
12000373000000038,12,보물,373,보물 의령 보천사지 삼층석탑,의령 보천사지 삼층석탑,16,경상남도,의령군,35.309746157577464,128.2342638212515,19630121,http://www.khs.go.kr/unisearch/images/treasure/1622532.jpg
12000374000000038,12,보물,374,보물 산청 율곡사 대웅전,산청 율곡사 대웅전,212,경상남도,산청군,35.41642116320933,127.96662485943077,19630121,http://www.khs.go.kr/unisearch/images/treasure/1622540.jpg
12000375000000038,12,보물,375,보물 함양 덕전리 마애여래입상,함양 덕전리 마애여래입상,26,경상남도,함양군,35.38491476427243,127.6553994299248,19630121,http://www.khs.go.kr/unisearch/images/treasure/1622552.jpg
12000376000000038,12,보물,376,보물 함양 교산리 석조여래좌상,함양 교산리 석조여래좌상,5,경상남도,함양군,35.52517686409706,127.73058695219652,19630121,http://www.khs.go.kr/unisearch/images/treasure/1622564.jpg
12000377000000038,12,보물,377,보물 거창 양평리 석조여래입상,거창 양평리 석조여래입상,20,경상남도,거창군,35.70019448850547,127.93221468188167,19630121,http://www.khs.go.kr/unisearch/images/treasure/1622575.jpg
12000378000000038,12,보물,378,보물 거창 상림리 석조보살입상,거창 상림리 석조보살입상,28,경상남도,거창군,35.68761507514199,127.89466572114608,19630121,http://www.khs.go.kr/unisearch/images/treasure/1622599.jpg
12000379000000038,12,보물,379,보물 진주 묘엄사지 삼층석탑,진주 묘엄사지 삼층석탑,6,경상남도,진주시,35.195992348425555,127.94083999328036,19630121,http://www.khs.go.kr/unisearch/images/treasure/1622616.jpg
12000380000000038,12,보물,380,보물 하동 쌍계사 승탑,하동 쌍계사 승탑,1,경상남도,하동군,35.23500708671876,127.65236667302014,19630121,http://www.khs.go.kr/unisearch/images/treasure/1622623.jpg
12000381000000038,12,보물,381,보물 합천 백암리 석등,합천 백암리 석등,1,경상남도,합천군,35.50815562004716,128.2195753427495,19630121,http://www.khs.go.kr/unisearch/images/treasure/1622638.jpg
12000382000000026,12,보물,382,보물 울주 청송사지 삼층석탑,울주 청송사지 삼층석탑,19,울산광역시,울주군,35.52243304634622,129.2233654487706,19630121,http://www.khs.go.kr/unisearch/images/treasure/1615565.jpg
12000383000000011,12,보물,383,보물 창덕궁 돈화문,창덕궁 돈화문,466,서울특별시,종로구,37.57785383122809,126.9899431415318,19630121,http://www.khs.go.kr/unisearch/images/treasure/1613328.jpg
12000384000000011,12,보물,384,보물 창경궁 홍화문,창경궁 홍화문,279,서울특별시,종로구,37.5788499505907,126.99636419136824,19630121,http://www.khs.go.kr/unisearch/images/treasure/1613339.jpg
12000385000000011,12,보물,385,보물 창경궁 명정문 및 행각,창경궁 명정문 및 행각,3232,서울특별시,종로구,37.57880536614465,126.99570609214015,19630121,http://www.khs.go.kr/unisearch/images/treasure/1613347.jpg
12000386000000011,12,보물,386,보물 창경궁 옥천교,창경궁 옥천교,63,서울특별시,종로구,37.57883184235232,126.99611928300804,19630121,http://www.khs.go.kr/unisearch/images/treasure/1613354.jpg
12000387000000031,12,보물,387,보물 양주 회암사지 선각왕사비,양주 회암사지 선각왕사비,5,경기도,양주시,37.85102659857192,127.1073050033952,19630902,http://www.khs.go.kr/unisearch/images/treasure/1615735.jpg
12000388000000031,12,보물,388,보물 양주 회암사지 무학대사탑,양주 회암사지 무학대사탑,10,경기도,양주시,37.84981609098541,127.10803653615784,19630902,http://www.khs.go.kr/unisearch/images/treasure/1615741.jpg
12000389000000031,12,보물,389,보물 양주 회암사지 무학대사탑 앞 쌍사자 석등,양주 회암사지 무학대사탑 앞 쌍사자 석등,1,경기도,양주시,37.849772930132765,127.1080333641741,19630902,http://www.khs.go.kr/unisearch/images/treasure/1615751.jpg
12000394000000036,12,보물,394,보물 나주향교 대성전,나주향교 대성전,330,전남광주통합특별시,나주시,35.0333413498948,126.71137707954816,19630902,http://www.khs.go.kr/unisearch/images/treasure/1619097.jpg
12000395000000036,12,보물,395,보물 순천 선암사 동·서 삼층석탑,순천 선암사 동·서 삼층석탑,16,전남광주통합특별시,순천시,34.996427320313614,127.33120444334646,19630902,http://www.khs.go.kr/unisearch/images/treasure/1619110.jpg
12000396000000036,12,보물,396,보물 여수 흥국사 대웅전,여수 흥국사 대웅전,419,전남광주통합특별시,여수시,34.821109168114226,127.70052817399822,19630902,http://www.khs.go.kr/unisearch/images/treasure/1619115.jpg
12000399000000034,12,보물,399,보물 홍성 고산사 대웅전,홍성 고산사 대웅전,107,충청남도,홍성군,36.54502423338416,126.53727738897004,19630902,http://www.khs.go.kr/unisearch/images/treasure/1617731.jpg
12000400000000036,12,보물,400,보물 순천 선암사 승선교,순천 선암사 승선교,45,전남광주통합특별시,순천시,34.993971719518115,127.33333655650212,19630902,http://www.khs.go.kr/unisearch/images/treasure/1619136.jpg
12000402000000031,12,보물,402,보물 수원 팔달문,수원 팔달문,398,경기도,수원시,37.277557781076695,127.01673749445646,19640903,http://www.khs.go.kr/unisearch/images/treasure/1615763.jpg
12000403000000031,12,보물,403,보물 수원 화서문,수원 화서문,188,경기도,수원시,37.2855757264198,127.0096808687588,19640903,http://www.khs.go.kr/unisearch/images/treasure/1615778.jpg
12000404000000033,12,보물,404,보물 진천 연곡리 석비,진천 연곡리 석비,3,충청북도,진천군,36.83985276075055,127.3402202104842,19640903,http://www.khs.go.kr/unisearch/images/treasure/1617017.jpg
12000405000000033,12,보물,405,보물 단양 향산리 삼층석탑,단양 향산리 삼층석탑,5,충청북도,단양군,37.05423420135385,128.41776768001998,19640903,http://www.khs.go.kr/unisearch/images/treasure/1617024.jpg
12000406000000033,12,보물,406,보물 제천 덕주사 마애여래입상,제천 덕주사 마애여래입상,7,충청북도,제천시,36.86982905572877,128.1049076066038,19640903,http://www.khs.go.kr/unisearch/images/treasure/1617031.jpg
12000407000000034,12,보물,407,보물 천안 삼태리 마애여래입상,천안 삼태리 마애여래입상,42,충청남도,천안시,36.72783025749094,127.08594701737589,19640903,http://www.khs.go.kr/unisearch/images/treasure/1617742.jpg
12000408000000034,12,보물,408,보물 논산 쌍계사 대웅전,논산 쌍계사 대웅전,392,충청남도,논산시,36.10550945145432,127.2058685766822,19640903,http://www.khs.go.kr/unisearch/images/treasure/1617747.jpg
12000411000000037,12,보물,411,보물 경주 양동 무첨당,경주 양동 무첨당,596,경상북도,경주시,36.00195404963776,129.2527143438042,19641114,http://www.khs.go.kr/unisearch/images/treasure/1620795.jpg
12000412000000037,12,보물,412,보물 경주 양동 향단,경주 양동 향단,482,경상북도,경주시,36.00007418392679,129.25288411171346,19641114,http://www.khs.go.kr/unisearch/images/treasure/1620813.jpg
12000413000000037,12,보물,413,보물 경주 독락당,경주 독락당,96,경상북도,경주시,36.016671265698136,129.16011553211675,19641114,http://www.khs.go.kr/unisearch/images/treasure/1620833.jpg
12000414000000037,12,보물,414,보물 안동 하회 충효당,안동 하회 충효당,506,경상북도,안동시,36.53844724258975,128.51709753747053,19641114,http://www.khs.go.kr/unisearch/images/treasure/1620846.jpg
12000423000000035,12,보물,423,보물 남원 신계리 마애여래좌상,남원 신계리 마애여래좌상,5,전북특별자치도,남원시,35.43454041625211,127.30192149238702,19650716,http://www.khs.go.kr/unisearch/images/treasure/1618378.jpg
12000424000000037,12,보물,424,보물 예천 청룡사 석조여래좌상,예천 청룡사 석조여래좌상,1,경상북도,예천군,36.73107848448412,128.4009427952739,19650716,http://www.khs.go.kr/unisearch/images/treasure/1620864.jpg
12000425000000037,12,보물,425,보물 예천 청룡사 석조비로자나불좌상,예천 청룡사 석조비로자나불좌상,1,경상북도,예천군,36.73108025041355,128.40092344835702,19650716,http://www.khs.go.kr/unisearch/images/treasure/1620877.jpg
12000426000000037,12,보물,426,보물 예천 동본리 삼층석탑,예천 동본리 삼층석탑,3,경상북도,예천군,36.65893349297353,128.4617588370655,19650716,http://www.khs.go.kr/unisearch/images/treasure/1620886.jpg
12000427000000037,12,보물,427,보물 예천 동본리 석조여래입상,예천 동본리 석조여래입상,3,경상북도,예천군,36.659020195552095,128.46170754468986,19650716,http://www.khs.go.kr/unisearch/images/treasure/1620901.jpg
12000428000000022,12,보물,428,보물 군위 인각사 보각국사탑 및 비,군위 인각사 보각국사탑 및 비,7,대구광역시,군위군,36.12742732916203,128.77991791860933,19650901,http://www.khs.go.kr/unisearch/images/treasure/1620913.jpg
12000429000000037,12,보물,429,보물 경산 불굴사 삼층석탑,경산 불굴사 삼층석탑,6,경상북도,경산시,35.9453430234332,128.7784481286413,19650901,http://www.khs.go.kr/unisearch/images/treasure/1620922.jpg
12000430000000037,12,보물,430,보물 포항 보경사 승탑,포항 보경사 승탑,2,경상북도,포항시,36.25430471182915,129.31899204698655,19650901,http://www.khs.go.kr/unisearch/images/treasure/1620928.jpg
12000431000000037,12,보물,431,보물 경산 팔공산 관봉 석조여래좌상,경산 팔공산 관봉 석조여래좌상,9,경상북도,경산시,35.98161546613316,128.73597659526263,19650901,http://www.khs.go.kr/unisearch/images/treasure/1620933.jpg
12000433000000033,12,보물,433,보물 괴산 각연사 석조비로자나불좌상,괴산 각연사 석조비로자나불좌상,174,충청북도,괴산군,36.754742218939136,127.92769074679472,19660228,http://www.khs.go.kr/unisearch/images/treasure/1617036.jpg
12000434000000021,12,보물,434,보물 부산 범어사 대웅전,부산 범어사 대웅전,264,부산광역시,금정구,35.28393413671459,129.0681441998385,19660228,http://www.khs.go.kr/unisearch/images/treasure/1615065.jpg
12000435000000031,12,보물,435,보물 안성 봉업사지 오층석탑,안성 봉업사지 오층석탑,8,경기도,안성시,37.07844985937445,127.43076618925984,19660228,http://www.khs.go.kr/unisearch/images/treasure/1615791.jpg
12000436000000038,12,보물,436,보물 창원 불곡사 석조비로자나불좌상,창원 불곡사 석조비로자나불좌상,25,경상남도,창원시,35.21583215908487,128.7018257276669,19660228,http://www.khs.go.kr/unisearch/images/treasure/1622645.jpg
12000439000000032,12,보물,439,보물 양양 진전사지 도의선사탑,양양 진전사지 도의선사탑,5,강원특별자치도,양양군,38.122668625936285,128.54604950722907,19660228,http://www.khs.go.kr/unisearch/images/treasure/1616527.jpg
12000442000000037,12,보물,442,보물 경주 양동 관가정,경주 양동 관가정,384,경상북도,경주시,35.99946870604223,129.25201026755988,19660411,http://www.khs.go.kr/unisearch/images/treasure/1620939.jpg
12000443000000032,12,보물,443,보물 속초 향성사지 삼층석탑,속초 향성사지 삼층석탑,11,강원특별자치도,속초시,38.17200273100402,128.49952576691584,19660825,http://www.khs.go.kr/unisearch/images/treasure/1616538.jpg
12000444000000032,12,보물,444,보물 양양 선림원지 삼층석탑,양양 선림원지 삼층석탑,9,강원특별자치도,양양군,37.9444976388321,128.51627055855715,19660921,http://www.khs.go.kr/unisearch/images/treasure/1616550.jpg
12000445000000032,12,보물,445,보물 양양 선림원지 석등,양양 선림원지 석등,3,강원특별자치도,양양군,37.94525690395554,128.51599256931826,19660921,http://www.khs.go.kr/unisearch/images/treasure/1616570.jpg
12000446000000032,12,보물,446,보물 양양 선림원지 홍각선사탑비,양양 선림원지 홍각선사탑비,3,강원특별자치도,양양군,37.94536019837238,128.51594105850893,19660921,http://www.khs.go.kr/unisearch/images/treasure/1616585.jpg
12000447000000032,12,보물,447,보물 양양 선림원지 승탑,양양 선림원지 승탑,2,강원특별자치도,양양군,37.94493889776189,128.5163375041964,19660921,http://www.khs.go.kr/unisearch/images/treasure/1616604.jpg
12000448000000037,12,보물,448,보물 안동 봉정사 화엄강당,안동 봉정사 화엄강당,194,경상북도,안동시,36.65332999399212,128.66252960591936,19670623,http://www.khs.go.kr/unisearch/images/treasure/1620955.jpg
12000449000000037,12,보물,449,보물 안동 봉정사 고금당,안동 봉정사 고금당,70,경상북도,안동시,36.6533790243299,128.66231643093292,19670623,http://www.khs.go.kr/unisearch/images/treasure/1620967.jpg
12000450000000037,12,보물,450,보물 안동 의성김씨 종택,안동 의성김씨 종택,657,경상북도,안동시,36.53591067536315,128.85639779539824,19670623,http://www.khs.go.kr/unisearch/images/treasure/1620978.jpg
12000457000000037,12,보물,457,보물 예천권씨 초간종택 별당,예천권씨 초간종택 별당,127,경상북도,예천군,36.69232125208378,128.39762331395022,19670623,http://www.khs.go.kr/unisearch/images/treasure/1620996.jpg
12000459000000033,12,보물,459,보물 제천 장락동 칠층모전석탑,제천 장락동 칠층모전석탑,18,충청북도,제천시,37.14778922304109,128.2305222487626,19670623,http://www.khs.go.kr/unisearch/images/treasure/1617040.jpg
12000461000000036,12,보물,461,보물 나주 철천리 마애칠불상,나주 철천리 마애칠불상,2,전남광주통합특별시,나주시,34.93827164137033,126.78065082866743,19680610,http://www.khs.go.kr/unisearch/images/treasure/1619142.jpg
12000462000000036,12,보물,462,보물 나주 철천리 석조여래입상,나주 철천리 석조여래입상,1,전남광주통합특별시,나주시,34.93814730004125,126.78067663308858,19680610,http://www.khs.go.kr/unisearch/images/treasure/1619152.jpg
12000463000000032,12,보물,463,보물 원주 흥법사지 진공대사탑비,원주 흥법사지 진공대사탑비,16,강원특별자치도,원주시,37.33849700189052,127.8148326464836,19680705,http://www.khs.go.kr/unisearch/images/treasure/1613385.jpg
12000464000000032,12,보물,464,보물 원주 흥법사지 삼층석탑,원주 흥법사지 삼층석탑,16,강원특별자치도,원주시,37.33825680395774,127.81509989589834,19680705,http://www.khs.go.kr/unisearch/images/treasure/1616621.jpg
12000465000000037,12,보물,465,보물 영천 신월리 삼층석탑,영천 신월리 삼층석탑,7,경상북도,영천시,35.93750099360412,128.8987576114428,19681219,http://www.khs.go.kr/unisearch/images/treasure/1621023.jpg
12000466000000038,12,보물,466,보물 밀양 만어사 삼층석탑,밀양 만어사 삼층석탑,3,경상남도,밀양시,35.454683020851235,128.84647401901898,19681219,http://www.khs.go.kr/unisearch/images/treasure/1622663.jpg
12000467000000038,12,보물,467,보물 밀양 표충사 삼층석탑,밀양 표충사 삼층석탑,6,경상남도,밀양시,35.5326750014512,128.96038022715555,19681219,http://www.khs.go.kr/unisearch/images/treasure/1622666.jpg
12000468000000038,12,보물,468,보물 밀양 숭진리 삼층석탑,밀양 숭진리 삼층석탑,3,경상남도,밀양시,35.46075950148377,128.81186985632874,19681219,http://www.khs.go.kr/unisearch/images/treasure/1622671.jpg
12000469000000037,12,보물,469,보물 구미 낙산리 삼층석탑,구미 낙산리 삼층석탑,18,경상북도,구미시,36.25164025890353,128.36203834474497,19681219,http://www.khs.go.kr/unisearch/images/treasure/1621031.jpg
12000470000000037,12,보물,470,보물 구미 도리사 석탑,구미 도리사 석탑,10,경상북도,구미시,36.25538005777593,128.39932824319425,19681219,http://www.khs.go.kr/unisearch/images/treasure/1621039.jpg
12000471000000038,12,보물,471,보물 양산 통도사 봉발탑,양산 통도사 봉발탑,2,경상남도,양산시,35.48801903626499,129.06419955062142,19681219,http://www.khs.go.kr/unisearch/images/treasure/1622676.jpg
12000472000000038,12,보물,472,보물 의령 보천사지 승탑,의령 보천사지 승탑,2,경상남도,의령군,35.30988965008592,128.23653426033667,19681219,http://www.khs.go.kr/unisearch/images/treasure/1622679.jpg
12000473000000038,12,보물,473,보물 산청 법계사 삼층석탑,산청 법계사 삼층석탑,1,경상남도,산청군,35.32762249814786,127.73613171637118,19681219,http://www.khs.go.kr/unisearch/images/treasure/1622687.jpg
12000474000000038,12,보물,474,보물 함양 벽송사 삼층석탑,함양 벽송사 삼층석탑,3,경상남도,함양군,35.394650618124366,127.70385455153932,19681219,http://www.khs.go.kr/unisearch/images/treasure/1622691.jpg
12000475000000037,12,보물,475,보물 안동 소호헌,안동 소호헌,156,경상북도,안동시,36.46378516979279,128.66373176269164,19681219,http://www.khs.go.kr/unisearch/images/treasure/1621045.jpg
12000480000000038,12,보물,480,보물 합천 영암사지 삼층석탑,합천 영암사지 삼층석탑,6,경상남도,합천군,35.474297237884336,128.00287567336903,19681219,http://www.khs.go.kr/unisearch/images/treasure/1622703.jpg
12000488000000031,12,보물,488,보물 안성 칠장사 혜소국사비,안성 칠장사 혜소국사비,11200,경기도,안성시,37.0261910053979,127.3967417952974,19681219,http://www.khs.go.kr/unisearch/images/treasure/1615797.jpg
12000489000000038,12,보물,489,보물 합천 영암사지 귀부,합천 영암사지 귀부,12,경상남도,합천군,35.47399013663743,128.00192174347592,19681219,http://www.khs.go.kr/unisearch/images/treasure/1622709.jpg
12000490000000037,12,보물,490,보물 구미 금오산 마애여래입상,구미 금오산 마애여래입상,20,경상북도,구미시,36.09663882752925,128.30171791904152,19681219,http://www.khs.go.kr/unisearch/images/treasure/1621070.jpg
12000491000000038,12,보물,491,보물 양산 용화사 석조여래좌상,양산 용화사 석조여래좌상,2,경상남도,양산시,35.3162462778627,128.97492927254262,19681219,http://www.khs.go.kr/unisearch/images/treasure/1622719.jpg
12000492000000037,12,보물,492,보물 구미 해평리 석조여래좌상,구미 해평리 석조여래좌상,1,경상북도,구미시,36.203786293595,128.37398391858707,19681219,http://www.khs.go.kr/unisearch/images/treasure/1621075.jpg
12000496000000032,12,보물,496,보물 화천 계성리 석등,화천 계성리 석등,1,강원특별자치도,화천군,38.09637766327455,127.58993650193678,19681219,http://www.khs.go.kr/unisearch/images/treasure/1616631.jpg
12000497000000032,12,보물,497,보물 양양 오색리 삼층석탑,양양 오색리 삼층석탑,7,강원특별자치도,양양군,38.07658353220799,128.43983888717727,19681219,http://www.khs.go.kr/unisearch/images/treasure/1616643.jpg
12000498000000037,12,보물,498,보물 울진 구산리 삼층석탑,울진 구산리 삼층석탑,4,경상북도,울진군,36.92946520081472,129.3471050838413,19681219,http://www.khs.go.kr/unisearch/images/treasure/1621125.jpg
12000499000000032,12,보물,499,보물 양양 낙산사 칠층석탑,양양 낙산사 칠층석탑,3,강원특별자치도,양양군,38.1248902675583,128.62716986453378,19681219,http://www.khs.go.kr/unisearch/images/treasure/1616657.jpg
12000500000000038,12,보물,500,보물 하동 쌍계사 대웅전,하동 쌍계사 대웅전,441,경상남도,하동군,35.23255331636218,127.650817917551,19681219,http://www.khs.go.kr/unisearch/images/treasure/1622737.jpg
12000504000000036,12,보물,504,보물 영광 신천리 삼층석탑,영광 신천리 삼층석탑,5,전남광주통합특별시,영광군,35.25229797482464,126.5278744651214,19690616,http://www.khs.go.kr/unisearch/images/treasure/1619207.jpg
12000505000000036,12,보물,505,보물 담양 객사리 석당간,담양 객사리 석당간,3,전남광주통합특별시,담양군,35.32060395611256,126.99237016825664,19690616,http://www.khs.go.kr/unisearch/images/treasure/1619216.jpg
12000506000000036,12,보물,506,보물 담양 남산리 오층석탑,담양 남산리 오층석탑,11,전남광주통합특별시,담양군,35.31992382212714,126.99180205824304,19690616,http://www.khs.go.kr/unisearch/images/treasure/1619227.jpg
12000507000000036,12,보물,507,보물 강진 무위사 선각대사탑비,강진 무위사 선각대사탑비,5,전남광주통합특별시,강진군,34.738732062184816,126.68635920534636,19690616,http://www.khs.go.kr/unisearch/images/treasure/1619240.jpg
12000508000000034,12,보물,508,보물 예산 삽교읍 석조보살입상,예산 삽교읍 석조보살입상,1,충청남도,예산군,36.68394164582058,126.66945185400232,19690621,http://www.khs.go.kr/unisearch/images/treasure/1617781.jpg
12000509000000036,12,보물,509,보물 구례 논곡리 삼층석탑,구례 논곡리 삼층석탑,3,전남광주통합특별시,구례군,35.230583349639815,127.38607838026346,19690621,http://www.khs.go.kr/unisearch/images/treasure/1619252.jpg
12000510000000037,12,보물,510,보물 칠곡 기성리 삼층석탑,칠곡 기성리 삼층석탑,2415,경상북도,칠곡군,36.00139917629177,128.59449384363282,19690621,http://www.khs.go.kr/unisearch/images/treasure/1621129.jpg
12000511000000033,12,보물,511,보물 청주 계산리 오층석탑,청주 계산리 오층석탑,5,충청북도,청주시,36.550504550145526,127.56243620669956,19690718,http://www.khs.go.kr/unisearch/images/treasure/1617046.jpg
12000518000000038,12,보물,518,보물 합천 해인사 원당암 다층석탑 및 석등,합천 해인사 원당암 다층석탑 및 석등,2,경상남도,합천군,35.801534855692616,128.09280679504806,19700624,http://www.khs.go.kr/unisearch/images/treasure/1622750.jpg
12000519000000038,12,보물,519,보물 창녕 관룡사 석조여래좌상,창녕 관룡사 석조여래좌상,1,경상남도,창녕군,35.53178517438516,128.5532506067098,19700624,http://www.khs.go.kr/unisearch/images/treasure/1622756.jpg
12000520000000038,12,보물,520,보물 창녕 술정리 서 삼층석탑,창녕 술정리 서 삼층석탑,11,경상남도,창녕군,35.54047924573694,128.48973239715053,19700624,http://www.khs.go.kr/unisearch/images/treasure/1622760.jpg
12000521000000037,12,보물,521,보물 영천 숭렬당,영천 숭렬당,206,경상북도,영천시,35.96642465414604,128.9289828275527,19700723,http://www.khs.go.kr/unisearch/images/treasure/1621156.jpg
12000528000000033,12,보물,528,보물 제천 청풍 한벽루,제천 청풍 한벽루,167,충청북도,제천시,37.00493792677972,128.17171112664064,19710108,http://www.khs.go.kr/unisearch/images/treasure/1617053.jpg
12000529000000036,12,보물,529,보물 진도 금골산 오층석탑,진도 금골산 오층석탑,5,전남광주통합특별시,진도군,34.5374132770916,126.292486693719,19710108,http://www.khs.go.kr/unisearch/images/treasure/1619267.jpg
12000530000000038,12,보물,530,보물 거창 가섭암지 마애여래삼존입상,거창 가섭암지 마애여래삼존입상,36,경상남도,거창군,35.73376648198808,127.7933538711981,19710707,http://www.khs.go.kr/unisearch/images/treasure/1622769.jpg
12000531000000031,12,보물,531,보물 양평 용문사 정지국사탑 및 비,양평 용문사 정지국사탑 및 비,3,경기도,양평군,37.550931877166754,127.57349805926694,19710707,http://www.khs.go.kr/unisearch/images/treasure/1615804.jpg
12000532000000033,12,보물,532,보물 영동 영국사 승탑,영동 영국사 승탑,1,충청북도,영동군,36.15609809410331,127.60984764759549,19710707,http://www.khs.go.kr/unisearch/images/treasure/1617060.jpg
12000533000000033,12,보물,533,보물 영동 영국사 삼층석탑,영동 영국사 삼층석탑,4,충청북도,영동군,36.15833355847689,127.61071390515116,19710707,http://www.khs.go.kr/unisearch/images/treasure/1617067.jpg
12000534000000033,12,보물,534,보물 영동 영국사 원각국사비,영동 영국사 원각국사비,7,충청북도,영동군,36.15679840526864,127.60976082363244,19710707,http://www.khs.go.kr/unisearch/images/treasure/1617073.jpg
12000535000000033,12,보물,535,보물 영동 영국사 망탑봉 삼층석탑,영동 영국사 망탑봉 삼층석탑,3,충청북도,영동군,36.1570985011491,127.61313979392192,19710707,http://www.khs.go.kr/unisearch/images/treasure/1617085.jpg
12000536000000034,12,보물,536,보물 아산 평촌리 석조약사여래입상,아산 평촌리 석조약사여래입상,1,충청남도,아산시,36.74438220815892,127.00824693562214,19710707,http://www.khs.go.kr/unisearch/images/treasure/1617789.jpg
12000537000000034,12,보물,537,보물 아산 읍내동 당간지주,아산 읍내동 당간지주,1,충청남도,아산시,36.76127561244129,127.0163745923851,19710707,http://www.khs.go.kr/unisearch/images/treasure/1617796.jpg
12000538000000034,12,보물,538,보물 홍성 오관리 당간지주,홍성 오관리 당간지주,3,충청남도,홍성군,36.60369161969675,126.66805995859528,19710707,http://www.khs.go.kr/unisearch/images/treasure/1617801.jpg
12000539000000022,12,보물,539,보물 달성 용연사 금강계단,달성 용연사 금강계단,33,대구광역시,달성군,35.74938808312216,128.51880030208108,19710707,http://www.khs.go.kr/unisearch/images/treasure/1615221.jpg
12000540000000032,12,보물,540,보물 홍천 괘석리 사사자 삼층석탑,홍천 괘석리 사사자 삼층석탑,2,강원특별자치도,홍천군,37.69418396794411,127.88881930741982,19710707,http://www.khs.go.kr/unisearch/images/treasure/1616676.jpg
12000541000000032,12,보물,541,보물 홍천 물걸리 석조여래좌상,홍천 물걸리 석조여래좌상,1,강원특별자치도,홍천군,37.78627688218115,128.1468170071382,19710707,http://www.khs.go.kr/unisearch/images/treasure/1616682.jpg
12000542000000032,12,보물,542,보물 홍천 물걸리 석조비로자나불좌상,홍천 물걸리 석조비로자나불좌상,2,강원특별자치도,홍천군,37.78629613017994,128.1468189825852,19710707,http://www.khs.go.kr/unisearch/images/treasure/1616689.jpg
12000543000000032,12,보물,543,보물 홍천 물걸리 석조대좌,홍천 물걸리 석조대좌,1,강원특별자치도,홍천군,37.78631502214505,128.1468208368558,19710707,http://www.khs.go.kr/unisearch/images/treasure/1616696.jpg
12000544000000032,12,보물,544,보물 홍천 물걸리 석조대좌 및 광배,홍천 물걸리 석조대좌 및 광배,1,강원특별자치도,홍천군,37.78625907636975,128.14681488168338,19710707,http://www.khs.go.kr/unisearch/images/treasure/1616701.jpg
12000545000000032,12,보물,545,보물 홍천 물걸리 삼층석탑,홍천 물걸리 삼층석탑,6,강원특별자치도,홍천군,37.78608332102249,128.1470881412178,19710707,http://www.khs.go.kr/unisearch/images/treasure/1616706.jpg
12000546000000033,12,보물,546,보물 제천 물태리 석조여래입상,제천 물태리 석조여래입상,2,충청북도,제천시,37.00404806623148,128.1717992640973,19710707,http://www.khs.go.kr/unisearch/images/treasure/1617093.jpg
12000553000000037,12,보물,553,보물 안동 예안이씨 충효당,안동 예안이씨 충효당,3529,경상북도,안동시,36.57426832925088,128.58035159028302,19710830,http://www.khs.go.kr/unisearch/images/treasure/1621186.jpg
12000554000000022,12,보물,554,보물 달성 태고정,달성 태고정,113,대구광역시,달성군,35.911691235059486,128.4174070816062,19711206,http://www.khs.go.kr/unisearch/images/treasure/1615232.jpg
12000562000000037,12,보물,562,보물 경산 환성사 대웅전,경산 환성사 대웅전,292,경상북도,경산시,35.93641875725612,128.76571741124846,19711223,http://www.khs.go.kr/unisearch/images/treasure/1621203.jpg
12000563000000036,12,보물,563,보물 여수 흥국사 홍교,여수 흥국사 홍교,202,전남광주통합특별시,여수시,34.82274406264472,127.6969468106845,19720302,http://www.khs.go.kr/unisearch/images/treasure/1619275.jpg
12000564000000038,12,보물,564,보물 창녕 영산 만년교,창녕 영산 만년교,68,경상남도,창녕군,35.4536205913077,128.529820809187,19720302,http://www.khs.go.kr/unisearch/images/treasure/1622776.jpg
12000565000000031,12,보물,565,보물 평택 심복사 석조비로자나불좌상,평택 심복사 석조비로자나불좌상,254,경기도,평택시,36.95046748005606,126.96538876627514,19720302,http://www.khs.go.kr/unisearch/images/treasure/1615811.jpg
12000571000000036,12,보물,571,보물 여수 통제이공 수군대첩비,여수 통제이공 수군대첩비,3,전남광주통합특별시,여수시,34.74003399441108,127.7389566308438,19730504,http://www.khs.go.kr/unisearch/images/treasure/1619283.jpg
12000581000000037,12,보물,581,보물 경주 골굴암 마애여래좌상,경주 골굴암 마애여래좌상,1,경상북도,경주시,35.8033631687953,129.4053791832446,19741230,http://www.khs.go.kr/unisearch/images/treasure/1621220.jpg
12000583000000035,12,보물,583,보물 전주 풍패지관,전주 풍패지관,1075,전북특별자치도,전주시,35.81842088926427,127.14529687201404,19750331,http://www.khs.go.kr/unisearch/images/treasure/1618384.jpg
12000584000000036,12,보물,584,보물 구례 윤문효공 신도비,구례 윤문효공 신도비,3,전남광주통합특별시,구례군,35.28548518280615,127.41664509646816,19750331,http://www.khs.go.kr/unisearch/images/treasure/1619293.jpg
12000600000000024,12,보물,600,보물 광주 약사암 석조여래좌상,광주 약사암 석조여래좌상,1,전남광주통합특별시,동구,35.12229223497564,126.97250069468986,19750804,http://www.khs.go.kr/unisearch/images/treasure/1615504.jpg
12000601000000022,12,보물,601,보물 대구 도학동 승탑,대구 도학동 승탑,3,대구광역시,동구,35.99253712300197,128.70422500547474,19750804,http://www.khs.go.kr/unisearch/images/treasure/1615237.jpg
12000605000000037,12,보물,605,보물 고령 장기리 암각화,고령 장기리 암각화,120,경상북도,고령군,35.71288073515007,128.2921652445334,19760806,http://www.khs.go.kr/unisearch/images/treasure/1621246.jpg
12000606000000037,12,보물,606,보물 문경 도천사지 동·서 삼층석탑,문경 도천사지 동·서 삼층석탑,36,경상북도,김천시,36.11675103553687,128.00452350500163,19761130,http://www.khs.go.kr/unisearch/images/treasure/1621254.jpg
12000607000000037,12,보물,607,보물 문경 도천사지 삼층석탑,문경 도천사지 삼층석탑,18,경상북도,김천시,36.11687038024818,128.00329744239417,19761130,http://www.khs.go.kr/unisearch/images/treasure/1621260.jpg
12000608000000035,12,보물,608,보물 완주 위봉사 보광명전,완주 위봉사 보광명전,256,전북특별자치도,완주군,35.91056196247373,127.25694961981698,19770822,http://www.khs.go.kr/unisearch/images/treasure/1618396.jpg
12000609000000037,12,보물,609,보물 영양 화천리 삼층석탑,영양 화천리 삼층석탑,16,경상북도,영양군,36.64701233441476,129.1702376332326,19770822,http://www.khs.go.kr/unisearch/images/treasure/1621265.jpg
12000610000000037,12,보물,610,보물 영양 현리 삼층석탑,영양 현리 삼층석탑,11,경상북도,영양군,36.652238316978966,129.11359314193496,19770822,http://www.khs.go.kr/unisearch/images/treasure/1621275.jpg
12000611000000031,12,보물,611,보물 고양 태고사 원증국사탑비,고양 태고사 원증국사탑비,4,경기도,고양시,37.6455663857114,126.97864467571134,19770822,http://www.khs.go.kr/unisearch/images/treasure/1615823.jpg
12000612000000032,12,보물,612,보물 영월 흥녕사지 징효대사탑비,영월 흥녕사지 징효대사탑비,3,강원특별자치도,영월군,37.37242979843751,128.26041819757194,19770822,http://www.khs.go.kr/unisearch/images/treasure/1616718.jpg
12000614000000038,12,보물,614,보물 사천 흥사리 매향비,사천 흥사리 매향비,2,경상남도,사천시,35.086585470654065,128.01494690461138,19780308,http://www.khs.go.kr/unisearch/images/treasure/1622783.jpg
12000615000000023,12,보물,615,보물 강화 장정리 석조여래입상,강화 장정리 석조여래입상,35,인천광역시,강화군,37.78126469801453,126.42443724423389,19780308,http://www.khs.go.kr/unisearch/images/treasure/1615395.jpg
12000616000000037,12,보물,616,보물 영천향교 대성전,영천향교 대성전,222,경상북도,영천시,35.96999316975829,128.928257605029,19780411,http://www.khs.go.kr/unisearch/images/treasure/1621284.jpg
12000655000000037,12,보물,655,보물 칠곡 노석리 마애불상군,칠곡 노석리 마애불상군,21,경상북도,칠곡군,35.95116264923875,128.3711928202177,19790502,http://www.khs.go.kr/unisearch/images/treasure/1621346.jpg
12000656000000033,12,보물,656,보물 충주 청룡사지 보각국사탑 앞 사자 석등,충주 청룡사지 보각국사탑 앞 사자 석등,1,충청북도,충주시,37.13085109994592,127.83811766186264,19790522,http://www.khs.go.kr/unisearch/images/treasure/1617103.jpg
12000657000000011,12,보물,657,보물 서울 삼천사지 마애여래입상,서울 삼천사지 마애여래입상,103,서울특별시,은평구,37.64245531350264,126.95284078379044,19790522,http://www.khs.go.kr/unisearch/images/treasure/1613560.jpg
12000658000000033,12,보물,658,보물 충주 청룡사지 보각국사탑비,충주 청룡사지 보각국사탑비,2,충청북도,충주시,37.1309130240246,127.83809567250772,19790522,http://www.khs.go.kr/unisearch/images/treasure/1617107.jpg
12000662000000035,12,보물,662,보물 완주 화암사 우화루,완주 화암사 우화루,199,전북특별자치도,완주군,36.066223408536096,127.28707572441778,19800611,http://www.khs.go.kr/unisearch/images/treasure/1618429.jpg
12000664000000033,12,보물,664,보물 청주 안심사 대웅전,청주 안심사 대웅전,136,충청북도,청주시,36.552562084434506,127.41327619480896,19800611,http://www.khs.go.kr/unisearch/images/treasure/1617110.jpg
12000665000000037,12,보물,665,보물 경주 낭산 마애보살삼존좌상,경주 낭산 마애보살삼존좌상,2,경상북도,경주시,35.828438747655014,129.23956168241264,19800611,http://www.khs.go.kr/unisearch/images/treasure/1621363.jpg
12000666000000037,12,보물,666,보물 경주 남산 삼릉계 석조여래좌상,경주 남산 삼릉계 석조여래좌상,7,경상북도,경주시,35.79533722145336,129.21821618340394,19800611,http://www.khs.go.kr/unisearch/images/treasure/1621369.jpg
12000673000000022,12,보물,673,보물 달성 현풍 석빙고,달성 현풍 석빙고,328,대구광역시,달성군,35.69760714313712,128.45024405352794,19800916,http://www.khs.go.kr/unisearch/images/treasure/1615241.jpg
12000674000000037,12,보물,674,보물 영덕 유금사 삼층석탑,영덕 유금사 삼층석탑,5,경상북도,영덕군,36.64580208200483,129.3656747329201,19800916,http://www.khs.go.kr/unisearch/images/treasure/1621405.jpg
12000675000000037,12,보물,675,보물 영천 화남리 삼층석탑,영천 화남리 삼층석탑,5,경상북도,영천시,36.08410426683786,128.7662097793255,19800916,http://www.khs.go.kr/unisearch/images/treasure/1621414.jpg
12000676000000037,12,보물,676,보물 영천 화남리 석조여래좌상,영천 화남리 석조여래좌상,50,경상북도,영천시,36.08425313404543,128.76636904239527,19800916,http://www.khs.go.kr/unisearch/images/treasure/1621420.jpg
12000677000000037,12,보물,677,보물 청도 장연사지 동·서 삼층석탑,청도 장연사지 동·서 삼층석탑,15,경상북도,청도군,35.63438737822551,128.8543962346923,19800916,http://www.khs.go.kr/unisearch/images/treasure/1621427.jpg
12000678000000037,12,보물,678,보물 청도 운문사 동·서 삼층석탑,청도 운문사 동·서 삼층석탑,20,경상북도,청도군,35.661168474112905,128.95973304007907,19800916,http://www.khs.go.kr/unisearch/images/treasure/1621433.jpg
12000679000000037,12,보물,679,보물 김천 광덕리 석조보살입상,김천 광덕리 석조보살입상,21,경상북도,김천시,36.22429877450264,128.20193493551443,19800916,http://www.khs.go.kr/unisearch/images/treasure/1621441.jpg
12000680000000037,12,보물,680,보물 영주 신암리 마애여래삼존상,영주 신암리 마애여래삼존상,4,경상북도,영주시,36.84324577938845,128.68542897748827,19800916,http://www.khs.go.kr/unisearch/images/treasure/1621447.jpg
12000681000000037,12,보물,681,보물 영주 흑석사 석조여래좌상,영주 흑석사 석조여래좌상,1,경상북도,영주시,36.82319183675973,128.67066606321558,19800916,http://www.khs.go.kr/unisearch/images/treasure/1621457.jpg
12000682000000022,12,보물,682,보물 군위 지보사 삼층석탑,군위 지보사 삼층석탑,5,대구광역시,군위군,36.25769130737399,128.60195456269244,19800916,http://www.khs.go.kr/unisearch/images/treasure/1621466.jpg
12000683000000037,12,보물,683,보물 상주 상오리 칠층석탑,상주 상오리 칠층석탑,16,경상북도,상주시,36.53765951494247,127.90208647962876,19800916,http://www.khs.go.kr/unisearch/images/treasure/1621475.jpg
12000730000000037,12,보물,730,보물 울진 불영사 응진전,울진 불영사 응진전,100,경상북도,울진군,36.94113494453315,129.27302110035484,19810715,http://www.khs.go.kr/unisearch/images/treasure/1621499.jpg
12000749000000031,12,보물,749,보물 고양 태고사 원증국사탑,고양 태고사 원증국사탑,9,경기도,고양시,37.64581035149524,126.9791014652938,19831227,http://www.khs.go.kr/unisearch/images/treasure/1615845.jpg
12000750000000032,12,보물,750,보물 원주 거돈사지 삼층석탑,원주 거돈사지 삼층석탑,54,강원특별자치도,원주시,37.19308384888822,127.792057094765,19831227,http://www.khs.go.kr/unisearch/images/treasure/1616737.jpg
12000790000000037,12,보물,790,보물 영천 은해사 백흥암 극락전,영천 은해사 백흥암 극락전,219,경상북도,영천시,35.9966182452187,128.7680565285263,19840705,http://www.khs.go.kr/unisearch/images/treasure/1621521.jpg
12000794000000034,12,보물,794,보물 예산 화전리 석조사면불상,예산 화전리 석조사면불상,3,충청남도,예산군,36.75439943803824,126.67817016882012,19841130,http://www.khs.go.kr/unisearch/images/treasure/1617923.jpg
12000795000000036,12,보물,795,보물 장흥 천관사 삼층석탑,장흥 천관사 삼층석탑,6,전남광주통합특별시,장흥군,34.55197743443815,126.90450882386628,19841130,http://www.khs.go.kr/unisearch/images/treasure/1619331.jpg
12000796000000036,12,보물,796,보물 화순 운주사 구층석탑,화순 운주사 구층석탑,24,전남광주통합특별시,화순군,34.92329263609766,126.87920103619244,19841130,http://www.khs.go.kr/unisearch/images/treasure/1619338.jpg
12000797000000036,12,보물,797,보물 화순 운주사 석조불감,화순 운주사 석조불감,13,전남광주통합특별시,화순군,34.924778075479125,126.87994969749924,19841130,http://www.khs.go.kr/unisearch/images/treasure/1619349.jpg
12000798000000036,12,보물,798,보물 화순 운주사 원형 다층석탑,화순 운주사 원형 다층석탑,5,전남광주통합특별시,화순군,34.9248986546776,126.87999339858256,19841130,http://www.khs.go.kr/unisearch/images/treasure/1619362.jpg
12000800000000034,12,보물,800,보물 공주 마곡사 영산전,공주 마곡사 영산전,244,충청남도,공주시,36.557795969009184,127.01171306068656,19841130,http://www.khs.go.kr/unisearch/images/treasure/1617948.jpg
12000801000000034,12,보물,801,보물 공주 마곡사 대웅보전,공주 마곡사 대웅보전,314,충청남도,공주시,36.559483208958426,127.01212549522936,19841130,http://www.khs.go.kr/unisearch/images/treasure/1617959.jpg
12000802000000034,12,보물,802,보물 공주 마곡사 대광보전,공주 마곡사 대광보전,377,충청남도,공주시,36.55922175119428,127.0121250584932,19841130,http://www.khs.go.kr/unisearch/images/treasure/1617973.jpg
12000803000000035,12,보물,803,보물 고창 선운사 참당암 대웅전,고창 선운사 참당암 대웅전,205,전북특별자치도,고창군,35.49304708384802,126.56378982515264,19841130,http://www.khs.go.kr/unisearch/images/treasure/1618516.jpg
12000804000000036,12,보물,804,보물 순천 정혜사 대웅전,순천 정혜사 대웅전,184,전남광주통합특별시,순천시,35.062013749045185,127.51428827526908,19841130,http://www.khs.go.kr/unisearch/images/treasure/1619370.jpg
12000805000000022,12,보물,805,보물 대구 북지장사 지장전,대구 북지장사 지장전,169,대구광역시,동구,35.976627959503425,128.71432994011784,19841130,http://www.khs.go.kr/unisearch/images/treasure/1615252.jpg
12000809000000011,12,보물,809,보물 경복궁 자경전,경복궁 자경전,818,서울특별시,종로구,37.58031892813642,126.97808093939332,19850108,http://www.khs.go.kr/unisearch/images/treasure/1613927.jpg
12000810000000011,12,보물,810,보물 경복궁 자경전 십장생굴뚝,경복궁 자경전 십장생굴뚝,3,서울특별시,종로구,37.580466628018605,126.97810863541976,19850108,http://www.khs.go.kr/unisearch/images/treasure/1613945.jpg
12000811000000011,12,보물,811,보물 경복궁 아미산 굴뚝,경복궁 아미산 굴뚝,19,서울특별시,종로구,37.58012994868278,126.97690272137976,19850108,http://www.khs.go.kr/unisearch/images/treasure/1613958.jpg
12000812000000011,12,보물,812,보물 경복궁 근정문 및 행각,경복궁 근정문 및 행각,5034,서울특별시,종로구,37.578291551739575,126.97696306478969,19850108,http://www.khs.go.kr/unisearch/images/treasure/1613973.jpg
12000813000000011,12,보물,813,보물 창덕궁 인정문,창덕궁 인정문,1576,서울특별시,종로구,37.57894284165574,126.99113766250294,19850108,http://www.khs.go.kr/unisearch/images/treasure/1613984.jpg
12000814000000011,12,보물,814,보물 창덕궁 선정전,창덕궁 선정전,398,서울특별시,종로구,37.57965989357685,126.99170911696903,19850108,http://www.khs.go.kr/unisearch/images/treasure/1613988.jpg
12000815000000011,12,보물,815,보물 창덕궁 희정당,창덕궁 희정당,800,서울특별시,종로구,37.57974788152403,126.99229368445368,19850108,http://www.khs.go.kr/unisearch/images/treasure/1613998.jpg
12000816000000011,12,보물,816,보물 창덕궁 대조전,창덕궁 대조전,1095,서울특별시,종로구,37.58014575391999,126.99243345427348,19850108,http://www.khs.go.kr/unisearch/images/treasure/1614007.jpg
12000817000000011,12,보물,817,보물 창덕궁 선원전,창덕궁 선원전,569,서울특별시,종로구,37.57963386753636,126.99013598393832,19850108,http://www.khs.go.kr/unisearch/images/treasure/1614020.jpg
12000818000000011,12,보물,818,보물 창경궁 통명전,창경궁 통명전,610,서울특별시,종로구,37.579682106765645,126.99370941569347,19850108,http://www.khs.go.kr/unisearch/images/treasure/1614024.jpg
12000819000000011,12,보물,819,보물 덕수궁 중화전 및 중화문,덕수궁 중화전 및 중화문,1916,서울특별시,중구,37.56571169162586,126.97481787803343,19850108,http://www.khs.go.kr/unisearch/images/treasure/1614030.jpg
12000820000000011,12,보물,820,보물 덕수궁 함녕전,덕수궁 함녕전,569,서울특별시,중구,37.56594417039722,126.97590937082252,19850108,http://www.khs.go.kr/unisearch/images/treasure/1614039.jpg
12000821000000011,12,보물,821,보물 종묘 영녕전,종묘 영녕전,1657,서울특별시,종로구,37.57594238714407,126.99275055430874,19850108,http://www.khs.go.kr/unisearch/images/treasure/1614044.jpg
12000822000000031,12,보물,822,보물 이천 영월암 마애여래입상,이천 영월암 마애여래입상,30,경기도,이천시,37.281739654460274,127.41524917314426,19850108,http://www.khs.go.kr/unisearch/images/treasure/1615853.jpg
12000823000000031,12,보물,823,보물 안성 석남사 영산전,안성 석남사 영산전,82,경기도,안성시,36.939888020795,127.30676127671757,19850108,http://www.khs.go.kr/unisearch/images/treasure/1615858.jpg
12000824000000031,12,보물,824,보물 안성 청룡사 대웅전,안성 청룡사 대웅전,6241,경기도,안성시,36.91354281818508,127.28907040757704,19850108,http://www.khs.go.kr/unisearch/images/treasure/1615864.jpg
12000825000000035,12,보물,825,보물 익산 숭림사 보광전,익산 숭림사 보광전,146,전북특별자치도,익산시,36.0817930125958,126.91560533502128,19850108,http://www.khs.go.kr/unisearch/images/treasure/1618532.jpg
12000826000000035,12,보물,826,보물 김제 귀신사 대적광전,김제 귀신사 대적광전,212,전북특별자치도,김제시,35.7453168690505,127.04695566556816,19850108,http://www.khs.go.kr/unisearch/images/treasure/1618542.jpg
12000827000000035,12,보물,827,보물 김제 금산사 대장전,김제 금산사 대장전,163,전북특별자치도,김제시,35.72330712793718,127.05291834502565,19850108,http://www.khs.go.kr/unisearch/images/treasure/1618552.jpg
12000828000000035,12,보물,828,보물 김제 금산사 석등,김제 금산사 석등,2,전북특별자치도,김제시,35.72326926449634,127.05304067400044,19850108,http://www.khs.go.kr/unisearch/images/treasure/1618566.jpg
12000829000000036,12,보물,829,보물 강진 금곡사 삼층석탑,강진 금곡사 삼층석탑,8,전남광주통합특별시,강진군,34.666443841203574,126.7775701279636,19850108,http://www.khs.go.kr/unisearch/images/treasure/1619386.jpg
12000830000000036,12,보물,830,보물 영광 불갑사 대웅전,영광 불갑사 대웅전,223,전남광주통합특별시,영광군,35.20075652206261,126.54997192988137,19850108,http://www.khs.go.kr/unisearch/images/treasure/1619396.jpg
12000831000000036,12,보물,831,보물 순천 동화사 삼층석탑,순천 동화사 삼층석탑,4,전남광주통합특별시,순천시,34.87310396239234,127.39474757779531,19850108,http://www.khs.go.kr/unisearch/images/treasure/1619413.jpg
12000832000000037,12,보물,832,보물 영주 성혈사 나한전,영주 성혈사 나한전,69,경상북도,영주시,36.95072657001359,128.54294594821272,19850108,http://www.khs.go.kr/unisearch/images/treasure/1621532.jpg
12000833000000037,12,보물,833,보물 경주 기림사 대적광전,경주 기림사 대적광전,396,경상북도,경주시,35.83812773479192,129.40348744307587,19850108,http://www.khs.go.kr/unisearch/images/treasure/1621548.jpg
12000834000000037,12,보물,834,보물 청도 대비사 대웅전,청도 대비사 대웅전,173,경상북도,청도군,35.65638285896511,128.9360949535253,19850108,http://www.khs.go.kr/unisearch/images/treasure/1621559.jpg
12000835000000037,12,보물,835,보물 청도 운문사 대웅보전,청도 운문사 대웅보전,447,경상북도,청도군,35.661359411764145,128.9597523203135,19850108,http://www.khs.go.kr/unisearch/images/treasure/1621572.jpg
12000836000000037,12,보물,836,보물 청도 대적사 극락전,청도 대적사 극락전,88,경상북도,청도군,35.71593727255227,128.71955390739936,19850108,http://www.khs.go.kr/unisearch/images/treasure/1621580.jpg
12000838000000011,12,보물,838,보물 서울 청계천 수표,서울 청계천 수표,1,서울특별시,동대문구,37.59061469376188,127.0438520235601,19850809,http://www.khs.go.kr/unisearch/images/treasure/1614054.jpg
12000846000000011,12,보물,846,보물 창경궁 풍기대,창경궁 풍기대,0,서울특별시,종로구,37.579987981475966,126.99452779862324,19850809,http://www.khs.go.kr/unisearch/images/treasure/1614084.jpg
12000847000000011,12,보물,847,보물 경복궁 풍기대,경복궁 풍기대,0,서울특별시,종로구,37.58062223539186,126.97695162820494,19850809,http://www.khs.go.kr/unisearch/images/treasure/1614087.jpg
12000851000000011,12,보물,851,보물 창경궁 관천대,창경궁 관천대,6,서울특별시,종로구,37.57749241282059,126.9949381375963,19850809,http://www.khs.go.kr/unisearch/images/treasure/1614100.jpg
12000907000000037,12,보물,907,보물 경주 남사리 삼층석탑,경주 남사리 삼층석탑,6,경상북도,경주시,35.89926372845894,129.1332676137279,19870309,http://www.khs.go.kr/unisearch/images/treasure/1621776.jpg
12000908000000037,12,보물,908,보물 경주 용명리 삼층석탑,경주 용명리 삼층석탑,13,경상북도,경주시,35.86948779161287,129.12176454421044,19870309,http://www.khs.go.kr/unisearch/images/treasure/1621780.jpg
12000909000000037,12,보물,909,보물 경주 남간사지 당간지주,경주 남간사지 당간지주,1,경상북도,경주시,35.8137131844518,129.21705521839934,19870309,http://www.khs.go.kr/unisearch/images/treasure/1621787.jpg
12000910000000037,12,보물,910,보물 경주 보문사지 연화문 당간지주,경주 보문사지 연화문 당간지주,1,경상북도,경주시,35.828878091720135,129.25334834083114,19870309,http://www.khs.go.kr/unisearch/images/treasure/1621791.jpg
12000911000000037,12,보물,911,보물 경주 석굴암 삼층석탑,경주 석굴암 삼층석탑,4,경상북도,경주시,35.79539493722952,129.35093644904626,19870309,http://www.khs.go.kr/unisearch/images/treasure/1621796.jpg
12000912000000037,12,보물,912,보물 경주 마동 삼층석탑,경주 마동 삼층석탑,13,경상북도,경주시,35.79030988455399,129.32205948103274,19870309,http://www.khs.go.kr/unisearch/images/treasure/1621799.jpg
12000913000000037,12,보물,913,보물 경주 남산 용장사지 마애여래좌상,경주 남산 용장사지 마애여래좌상,9,경상북도,경주시,35.7808587405817,129.22289201588188,19870309,http://www.khs.go.kr/unisearch/images/treasure/1621803.jpg
12000914000000035,12,보물,914,보물 정읍 보화리 석조이불입상,정읍 보화리 석조이불입상,24,전북특별자치도,정읍시,35.55931104626848,126.77736511659288,19870309,http://www.khs.go.kr/unisearch/images/treasure/1618593.jpg
12000915000000033,12,보물,915,보물 보은 법주사 대웅보전,보은 법주사 대웅보전,585,충청북도,보은군,36.5427760436172,127.83354062643902,19870309,http://www.khs.go.kr/unisearch/images/treasure/1617131.jpg
12000916000000033,12,보물,916,보물 보은 법주사 원통보전,보은 법주사 원통보전,132,충청북도,보은군,36.54237115071626,127.83301497832484,19870309,http://www.khs.go.kr/unisearch/images/treasure/1617138.jpg
12000943000000036,12,보물,943,보물 보성 우천리 삼층석탑,보성 우천리 삼층석탑,5,전남광주통합특별시,보성군,34.79995437790152,127.23037019539522,19880401,http://www.khs.go.kr/unisearch/images/treasure/1619424.jpg
12000944000000036,12,보물,944,보물 보성 유신리 마애여래좌상,보성 유신리 마애여래좌상,116,전남광주통합특별시,보성군,34.869014962538984,127.23024385654894,19880401,http://www.khs.go.kr/unisearch/images/treasure/1619432.jpg
12000945000000036,12,보물,945,보물 순천 금둔사지 삼층석탑,순천 금둔사지 삼층석탑,9,전남광주통합특별시,순천시,34.925370983540546,127.34077661247652,19880401,http://www.khs.go.kr/unisearch/images/treasure/1619442.jpg
12000946000000036,12,보물,946,보물 순천 금둔사지 석조불비상,순천 금둔사지 석조불비상,3,전남광주통합특별시,순천시,34.92535675311032,127.34083853181862,19880401,http://www.khs.go.kr/unisearch/images/treasure/1619452.jpg
12000947000000036,12,보물,947,보물 해남 미황사 대웅전,해남 미황사 대웅전,244,전남광주통합특별시,해남군,34.38297510188167,126.57786528144746,19880401,http://www.khs.go.kr/unisearch/images/treasure/1619459.jpg
12000979000000034,12,보물,979,보물 공주 서혈사지 석조여래좌상,공주 서혈사지 석조여래좌상,1,충청남도,공주시,36.46599094092439,127.11187391524642,19890410,http://www.khs.go.kr/unisearch/images/treasure/1617995.jpg
12000981000000031,12,보물,981,보물 하남 교산동 마애약사여래좌상,하남 교산동 마애약사여래좌상,3,경기도,하남시,37.51771887833292,127.20901477052178,19890410,http://www.khs.go.kr/unisearch/images/treasure/1615902.jpg
12000982000000031,12,보물,982,보물 이천 장암리 마애보살반가상,이천 장암리 마애보살반가상,3,경기도,이천시,37.27192308554373,127.4006856879309,19890410,http://www.khs.go.kr/unisearch/images/treasure/1615907.jpg
12000983000000031,12,보물,983,보물 안성 봉업사지 석조여래입상,안성 봉업사지 석조여래입상,7,경기도,안성시,37.02671719734113,127.39755475258754,19890410,http://www.khs.go.kr/unisearch/images/treasure/1615917.jpg
12000984000000033,12,보물,984,보물 영동 신항리 석조여래삼존입상,영동 신항리 석조여래삼존입상,1697,충청북도,영동군,36.262284180230026,127.81766664430847,19890410,http://www.khs.go.kr/unisearch/images/treasure/1617152.jpg
12000985000000033,12,보물,985,보물 청주 용화사 석조불상군,청주 용화사 석조불상군,5,충청북도,청주시,36.64193680558811,127.48203708803103,19890410,http://www.khs.go.kr/unisearch/images/treasure/1617153.jpg
12000988000000022,12,보물,988,보물 군위 대율리 석조여래입상,군위 대율리 석조여래입상,1,대구광역시,군위군,36.060991232079154,128.65399264384345,19890410,http://www.khs.go.kr/unisearch/images/treasure/1621907.jpg
12000995000000037,12,보물,995,보물 봉화 축서사 석조비로자나불좌상 및 목조광배,봉화 축서사 석조비로자나불좌상 및 목조광배,6,경상북도,봉화군,36.9812541487303,128.80047701327214,19890410,http://www.khs.go.kr/unisearch/images/treasure/1621925.jpg
12000998000000038,12,보물,998,보물 양산 미타암 석조아미타여래입상,양산 미타암 석조아미타여래입상,0,경상남도,양산시,35.40585918748,129.1317243282581,19890410,http://www.khs.go.kr/unisearch/images/treasure/1622845.jpg
12001112000000038,12,보물,1112,보물 산청 대원사 다층석탑,산청 대원사 다층석탑,3,경상남도,산청군,35.35607492442307,127.80673514463436,19920115,http://www.khs.go.kr/unisearch/images/treasure/1622879.jpg
12001113000000038,12,보물,1113,보물 산청 덕산사 삼층석탑,산청 덕산사 삼층석탑,8,경상남도,산청군,35.30028196550223,127.81021894593287,19920115,http://www.khs.go.kr/unisearch/images/treasure/1622884.jpg
12001114000000038,12,보물,1114,보물 산청 대포리 삼층석탑,산청 대포리 삼층석탑,17,경상남도,산청군,35.2945242786488,127.8059649974308,19920115,http://www.khs.go.kr/unisearch/images/treasure/1622887.jpg
12001115000000036,12,보물,1115,보물 보성 봉천리 오층석탑,보성 봉천리 오층석탑,4,전남광주통합특별시,보성군,34.90029137791849,127.13546777933097,19920115,http://www.khs.go.kr/unisearch/images/treasure/1619513.jpg
12001116000000036,12,보물,1116,보물 화순 유마사 해련탑,화순 유마사 해련탑,3,전남광주통합특별시,화순군,35.01794816473468,127.1717989852999,19920115,http://www.khs.go.kr/unisearch/images/treasure/1619520.jpg
12001117000000036,12,보물,1117,보물 순천 선암사 대각암 승탑,순천 선암사 대각암 승탑,3,전남광주통합특별시,순천시,34.9962524787208,127.32691589035522,19920115,http://www.khs.go.kr/unisearch/images/treasure/1619530.jpg
12001118000000036,12,보물,1118,보물 영암 성풍사지 오층석탑,영암 성풍사지 오층석탑,5,전남광주통합특별시,영암군,34.79111922231613,126.70417723619344,19920115,http://www.khs.go.kr/unisearch/images/treasure/1619536.jpg
12001119000000011,12,보물,1119,보물 창경궁 팔각칠층석탑,창경궁 팔각칠층석탑,5,서울특별시,종로구,37.582133310248274,126.9944595818924,19920115,http://www.khs.go.kr/unisearch/images/treasure/1614590.jpg
12001120000000038,12,보물,1120,보물 양산 신흥사 대광전,양산 신흥사 대광전,287,경상남도,양산시,35.426458010760385,128.95089664402855,19920115,http://www.khs.go.kr/unisearch/images/treasure/1622888.jpg
12001121000000037,12,보물,1121,보물 성주 금봉리 석조비로자나불좌상,성주 금봉리 석조비로자나불좌상,35,경상북도,성주군,35.88635779979202,128.1386608403654,19920115,http://www.khs.go.kr/unisearch/images/treasure/1622054.jpg
12001122000000037,12,보물,1122,보물 구미 황상동 마애여래입상,구미 황상동 마애여래입상,14,경상북도,구미시,36.1151113053768,128.41291224745896,19920115,http://www.khs.go.kr/unisearch/images/treasure/1622055.jpg
12001123000000035,12,보물,1123,보물 남원 개령암지 마애불상군,남원 개령암지 마애불상군,153,전북특별자치도,남원시,35.36756948935906,127.52465440958412,19920115,http://www.khs.go.kr/unisearch/images/treasure/1618618.jpg
12001183000000036,12,보물,1183,보물 해남 미황사 응진당,해남 미황사 응진당,122,전남광주통합특별시,해남군,34.382803138713015,126.57810934167168,19931119,http://www.khs.go.kr/unisearch/images/treasure/1619547.jpg
12001184000000036,12,보물,1184,보물 순천 선암사 북 승탑,순천 선암사 북 승탑,1,전남광주통합특별시,순천시,34.99818276749231,127.32787998240036,19931119,http://www.khs.go.kr/unisearch/images/treasure/1619554.jpg
12001185000000036,12,보물,1185,보물 순천 선암사 동 승탑,순천 선암사 동 승탑,2,전남광주통합특별시,순천시,34.998316522286935,127.32970038665462,19931119,http://www.khs.go.kr/unisearch/images/treasure/1619560.jpg
12001186000000037,12,보물,1186,보물 (전)구미 강락사지 삼층석탑,(전)구미 강락사지 삼층석탑,20,경상북도,김천시,36.11663149331674,128.00367706913605,19931119,http://www.khs.go.kr/unisearch/images/treasure/1622069.jpg
12001187000000050,12,보물,1187,보물 제주 불탑사 오층석탑,제주 불탑사 오층석탑,2,제주특별자치도,제주시,33.52937806757413,126.59854421189904,19931119,http://www.khs.go.kr/unisearch/images/treasure/1623085.jpg
12001188000000037,12,보물,1188,보물 경주 남산 천룡사지 삼층석탑,경주 남산 천룡사지 삼층석탑,6,경상북도,경주시,35.76479985789774,129.22140482363355,19931229,http://www.khs.go.kr/unisearch/images/treasure/1622073.jpg
12001200000000035,12,보물,1200,보물 고창 선운사 동불암지 마애여래좌상,고창 선운사 동불암지 마애여래좌상,131,전북특별자치도,고창군,35.480961098718666,126.5627986415994,19940502,http://www.khs.go.kr/unisearch/images/treasure/1618642.jpg
12001201000000037,12,보물,1201,보물 울진 불영사 대웅보전,울진 불영사 대웅보전,280,경상북도,울진군,36.94112272382304,129.2738435442483,19940502,http://www.khs.go.kr/unisearch/images/treasure/1622076.jpg
12001242000000038,12,보물,1242,보물 합천 해인사 길상탑,합천 해인사 길상탑,6,경상남도,합천군,35.79918039970872,128.09653346803051,19960529,http://www.khs.go.kr/unisearch/images/treasure/1622925.jpg
12001243000000035,12,보물,1243,보물 완주 송광사 대웅전,완주 송광사 대웅전,385,전북특별자치도,완주군,35.88576528206277,127.24175135417326,19960529,http://www.khs.go.kr/unisearch/images/treasure/1618647.jpg
12001244000000035,12,보물,1244,보물 완주 송광사 종루,완주 송광사 종루,118,전북특별자치도,완주군,35.88537399605874,127.2419766022166,19960529,http://www.khs.go.kr/unisearch/images/treasure/1618658.jpg
12001275000000032,12,보물,1275,보물 인제 한계사지 남 삼층석탑,인제 한계사지 남 삼층석탑,5,강원특별자치도,인제군,38.12065095549083,128.341127981132,19980406,http://www.khs.go.kr/unisearch/images/treasure/1616815.jpg
12001276000000032,12,보물,1276,보물 인제 한계사지 북 삼층석탑,인제 한계사지 북 삼층석탑,6,강원특별자치도,인제군,38.12109024564442,128.34056307639318,19980406,http://www.khs.go.kr/unisearch/images/treasure/1616826.jpg
12001277000000032,12,보물,1277,보물 동해 삼화사 삼층석탑,동해 삼화사 삼층석탑,4,강원특별자치도,동해시,37.46357463433812,129.01450350802364,19980406,http://www.khs.go.kr/unisearch/images/treasure/1616836.jpg
12001283000000036,12,보물,1283,보물 영암 월출산 용암사지 삼층석탑,영암 월출산 용암사지 삼층석탑,4,전남광주통합특별시,영암군,34.76281248773591,126.69039149451388,19980808,http://www.khs.go.kr/unisearch/images/treasure/1619588.jpg
12001284000000034,12,보물,1284,보물 공주 청량사지 오층석탑,공주 청량사지 오층석탑,4,충청남도,공주시,36.36262374656536,127.2139627844502,19980915,http://www.khs.go.kr/unisearch/images/treasure/1618045.jpg
12001285000000034,12,보물,1285,보물 공주 청량사지 칠층석탑,공주 청량사지 칠층석탑,6,충청남도,공주시,36.36263709364759,127.21391536919468,19980915,http://www.khs.go.kr/unisearch/images/treasure/1618049.jpg
12001288000000036,12,보물,1288,보물 여수 타루비,여수 타루비,0,전남광주통합특별시,여수시,34.740024036116424,127.7389269795641,19981204,http://www.khs.go.kr/unisearch/images/treasure/1619597.jpg
12001293000000034,12,보물,1293,보물 공주 계룡산 중악단,공주 계룡산 중악단,363,충청남도,공주시,36.33533719186551,127.18481045831425,19990302,http://www.khs.go.kr/unisearch/images/treasure/1618053.jpg
12001295000000033,12,보물,1295,보물 괴산 각연사 통일대사탑비,괴산 각연사 통일대사탑비,6,충청북도,괴산군,36.75136973162808,127.92879146925088,19990623,http://www.khs.go.kr/unisearch/images/treasure/1617244.jpg
12001296000000033,12,보물,1296,보물 제천 신륵사 삼층석탑,제천 신륵사 삼층석탑,4,충청북도,제천시,36.87925881816518,128.1302213738197,19990623,http://www.khs.go.kr/unisearch/images/treasure/1617249.jpg
12001299000000033,12,보물,1299,보물 괴산 보안사 삼층석탑,괴산 보안사 삼층석탑,3,충청북도,괴산군,36.75730103090567,127.65535817617103,20000804,http://www.khs.go.kr/unisearch/images/treasure/1617253.jpg
12001300000000038,12,보물,1300,보물 합천 해인사 홍제암,합천 해인사 홍제암,712,경상남도,합천군,35.80255673563623,128.09516932051628,20000928,http://www.khs.go.kr/unisearch/images/treasure/1622940.jpg
12001301000000038,12,보물,1301,보물 합천 해인사 홍제암 사명대사탑 및 석장비,합천 해인사 홍제암 사명대사탑 및 석장비,10,경상남도,합천군,35.80233649673117,128.09543389464363,20000928,http://www.khs.go.kr/unisearch/images/treasure/1622949.jpg
12001307000000036,12,보물,1307,보물 고흥 능가사 대웅전,고흥 능가사 대웅전,427,전남광주통합특별시,고흥군,34.63881264969458,127.4140653668115,20010223,http://www.khs.go.kr/unisearch/images/treasure/1619603.jpg
12001309000000036,12,보물,1309,보물 영암 엄길리 암각 매향명,영암 엄길리 암각 매향명,32,전남광주통합특별시,영암군,34.76129118948799,126.58495760514072,20010417,http://www.khs.go.kr/unisearch/images/treasure/1619617.jpg
12001310000000036,12,보물,1310,보물 나주 불회사 대웅전,나주 불회사 대웅전,258,전남광주통합특별시,나주시,34.90875721706874,126.82347749963454,20010417,http://www.khs.go.kr/unisearch/images/treasure/1619623.jpg
12001311000000036,12,보물,1311,보물 순천 선암사 대웅전,순천 선암사 대웅전,323,전남광주통합특별시,순천시,34.99654547817003,127.33109659940293,20010608,http://www.khs.go.kr/unisearch/images/treasure/1619643.jpg
12001322000000036,12,보물,1322,보물 곡성 가곡리 오층석탑,곡성 가곡리 오층석탑,8,전남광주통합특별시,곡성군,35.24926077537363,127.143477878078,20010921,http://www.khs.go.kr/unisearch/images/treasure/1619721.jpg
12001323000000031,12,보물,1323,보물 파주 공효공 박중손묘 장명등,파주 공효공 박중손묘 장명등,2,경기도,파주시,37.82493479199015,126.71768413189794,20010921,http://www.khs.go.kr/unisearch/images/treasure/1616068.jpg
12001324000000031,12,보물,1324,보물 시흥 소래산 마애보살입상,시흥 소래산 마애보살입상,67,경기도,시흥시,37.454103902215486,126.7809385505823,20010921,http://www.khs.go.kr/unisearch/images/treasure/1616080.jpg
12001336000000032,12,보물,1336,보물 고성 건봉사 능파교,고성 건봉사 능파교,36229,강원특별자치도,고성군,38.402588759743495,128.3783769015388,20020206,http://www.khs.go.kr/unisearch/images/treasure/1616868.jpg
12001337000000032,12,보물,1337,보물 고성 육송정 홍교,고성 육송정 홍교,48,강원특별자치도,고성군,38.38665785424252,128.39834731108047,20020206,http://www.khs.go.kr/unisearch/images/treasure/1616899.jpg
12001338000000033,12,보물,1338,보물 옥천 용암사 동·서 삼층석탑,옥천 용암사 동·서 삼층석탑,4,충청북도,옥천군,36.25979385247722,127.56424189996802,20020312,http://www.khs.go.kr/unisearch/images/treasure/1617259.jpg
12001346000000036,12,보물,1346,보물 장성 백양사 소요대사탑,장성 백양사 소요대사탑,1,전남광주통합특별시,장성군,35.44046620624081,126.88401965730118,20020925,http://www.khs.go.kr/unisearch/images/treasure/1619806.jpg
12001347000000036,12,보물,1347,보물 해남 대흥사 서산대사탑,해남 대흥사 서산대사탑,2,전남광주통합특별시,해남군,34.47649678150064,126.6138861271334,20020925,http://www.khs.go.kr/unisearch/images/treasure/1619826.jpg
12001370000000033,12,보물,1370,보물 괴산 각연사 통일대사탑,괴산 각연사 통일대사탑,3075,충청북도,괴산군,36.74696174288919,127.92825016271756,20030314,http://www.khs.go.kr/unisearch/images/treasure/1617287.jpg
12001371000000033,12,보물,1371,보물 영동 반야사 삼층석탑,영동 반야사 삼층석탑,3,충청북도,영동군,36.28032562300508,127.90885172626294,20030314,http://www.khs.go.kr/unisearch/images/treasure/1617295.jpg
12001372000000036,12,보물,1372,보물 함평 고막천 석교,함평 고막천 석교,65,전남광주통합특별시,함평군,35.03304511983095,126.59286236440992,20030314,http://www.khs.go.kr/unisearch/images/treasure/1619870.jpg
12001395000000036,12,보물,1395,보물 영암 도갑사 도선국사·수미선사비,영암 도갑사 도선국사·수미선사비,8,전남광주통합특별시,영암군,34.75448305952979,126.66530997361312,20040126,http://www.khs.go.kr/unisearch/images/treasure/1619894.jpg
12001396000000036,12,보물,1396,보물 강진 백련사 사적비,강진 백련사 사적비,4,전남광주통합특별시,강진군,34.58781197858906,126.74738060599869,20040126,http://www.khs.go.kr/unisearch/images/treasure/1619915.jpg
12001401000000033,12,보물,1401,보물 충주 봉황리 마애불상군,충주 봉황리 마애불상군,32,충청북도,충주시,37.06556718445445,127.83065524549804,20040303,http://www.khs.go.kr/unisearch/images/treasure/1617312.jpg
12001402000000037,12,보물,1402,보물 영주 소수서원 문성공묘,영주 소수서원 문성공묘,90,경상북도,영주시,36.92491319719856,128.5798478538697,20040406,http://www.khs.go.kr/unisearch/images/treasure/1622177.jpg
12001403000000037,12,보물,1403,보물 영주 소수서원 강학당,영주 소수서원 강학당,158,경상북도,영주시,36.92478314958874,128.58015188481355,20040406,http://www.khs.go.kr/unisearch/images/treasure/1622186.jpg
12001416000000033,12,보물,1416,보물 보은 법주사 복천암 수암화상탑,보은 법주사 복천암 수암화상탑,7,충청북도,보은군,36.55007062720074,127.85487155720888,20041007,http://www.khs.go.kr/unisearch/images/treasure/1617349.jpg
12001417000000033,12,보물,1417,보물 보은 법주사 석조희견보살입상,보은 법주사 석조희견보살입상,19,충청북도,보은군,36.54244557930736,127.83282601314828,20041007,http://www.khs.go.kr/unisearch/images/treasure/1617363.jpg
12001418000000033,12,보물,1418,보물 보은 법주사 복천암 학조화상탑,보은 법주사 복천암 학조화상탑,7,충청북도,보은군,36.550129965763226,127.85487755694982,20041007,http://www.khs.go.kr/unisearch/images/treasure/1617376.jpg
12001427000000037,12,보물,1427,보물 경주 원성왕릉 석상 및 석주일괄,경주 원성왕릉 석상 및 석주일괄,10,경상북도,경주시,35.75878962598746,129.3202949696663,20050122,http://www.khs.go.kr/unisearch/images/treasure/1622200.jpg
12001429000000037,12,보물,1429,보물 경주 원원사지 동·서 삼층석탑,경주 원원사지 동·서 삼층석탑,26,경상북도,경주시,35.697829777630204,129.3497956461776,20050407,http://www.khs.go.kr/unisearch/images/treasure/1622226.jpg
12001433000000036,12,보물,1433,보물 영암 도갑사 오층석탑,영암 도갑사 오층석탑,5,전남광주통합특별시,영암군,34.75282362559555,126.6628729125418,20050613,http://www.khs.go.kr/unisearch/images/treasure/1619933.jpg
12001434000000035,12,보물,1434,보물 완주 안심사 금강계단,완주 안심사 금강계단,93,전북특별자치도,완주군,36.10888959404901,127.30355007131536,20050613,http://www.khs.go.kr/unisearch/images/treasure/1618690.jpg
12001436000000038,12,보물,1436,보물 거창 농산리 석조여래입상,거창 농산리 석조여래입상,2,경상남도,거창군,35.769802576998075,127.8132488734781,20050707,http://www.khs.go.kr/unisearch/images/treasure/1622982.jpg
12001461000000021,12,보물,1461,보물 부산 범어사 조계문,부산 범어사 조계문,58,부산광역시,금정구,35.283715745442144,129.06967450342412,20060207,http://www.khs.go.kr/unisearch/images/treasure/1615112.jpg
12001462000000011,12,보물,1462,보물 서울 인조별서 유기비,서울 인조별서 유기비,4,서울특별시,은평구,37.60872881044651,126.9166195611562,20060217,http://www.khs.go.kr/unisearch/images/treasure/1614860.jpg
12001471000000038,12,보물,1471,보물 양산 통도사 삼층석탑,양산 통도사 삼층석탑,5,경상남도,양산시,35.48786792850444,129.06493173291196,20060601,http://www.khs.go.kr/unisearch/images/treasure/1623002.jpg
12001523000000037,12,보물,1523,보물 경주 불국사 석조,경주 불국사 석조,3,경상북도,경주시,35.78953991638086,129.33245577604862,20070911,http://www.khs.go.kr/unisearch/images/treasure/1622244.jpg
12001524000000011,12,보물,1524,보물 서울 이윤탁 한글영비,서울 이윤탁 한글영비,257,서울특별시,노원구,37.64544713525076,127.076757688709,20070918,http://www.khs.go.kr/unisearch/images/treasure/1614890.jpg
12001532000000031,12,보물,1532,보물 여주 효종 영릉재실,여주 효종 영릉재실,1765,경기도,여주시,37.31114182864622,127.61023789492702,20071129,http://www.khs.go.kr/unisearch/images/treasure/1616117.jpg
12001563000000022,12,보물,1563,보물 대구 동화사 대웅전,대구 동화사 대웅전,258,대구광역시,동구,35.99343822484107,128.70364016098972,20080428,http://www.khs.go.kr/unisearch/images/treasure/1615304.jpg
12001568000000037,12,보물,1568,보물 상주 양진당,상주 양진당,425,경상북도,상주시,36.364147925096894,128.22903973826942,20080710,http://www.khs.go.kr/unisearch/images/treasure/1622247.jpg
12001569000000034,12,보물,1569,보물 논산 돈암서원 응도당,논산 돈암서원 응도당,212,충청남도,논산시,36.20883442030665,127.18089869268567,20080710,http://www.khs.go.kr/unisearch/images/treasure/1618080.jpg
12001570000000037,12,보물,1570,보물 청송 대전사 보광전,청송 대전사 보광전,203,경상북도,청송군,36.39680263159836,129.14595965994627,20080728,http://www.khs.go.kr/unisearch/images/treasure/1622251.jpg
12001574000000037,12,보물,1574,보물 문경 봉암사 극락전,문경 봉암사 극락전,72,경상북도,문경시,36.70025103758528,128.0063758963327,20080903,http://www.khs.go.kr/unisearch/images/treasure/1622256.jpg
12001575000000037,12,보물,1575,보물 성주향교 대성전 및 명륜당,성주향교 대성전 및 명륜당,17283,경상북도,성주군,35.92708527889201,128.29041177523783,20080903,http://www.khs.go.kr/unisearch/images/treasure/1622258.jpg
12001576000000037,12,보물,1576,보물 김천 직지사 대웅전,김천 직지사 대웅전,407,경상북도,김천시,36.11702329774758,128.0044566715203,20080903,http://www.khs.go.kr/unisearch/images/treasure/1622260.jpg
12001578000000035,12,보물,1578,보물 전주 경기전 정전,전주 경기전 정전,547,전북특별자치도,전주시,35.81530154903934,127.1497719580546,20081201,http://www.khs.go.kr/unisearch/images/treasure/1618713.jpg
12001648000000037,12,보물,1648,보물 예천 명봉사 경청선원자적선사능운탑비,예천 명봉사 경청선원자적선사능운탑비,0,경상북도,예천군,36.77798592654604,128.37724638852714,20100224,http://www.khs.go.kr/unisearch/images/treasure/1622296.jpg
12001656000000037,12,보물,1656,보물 성주 법수사지 삼층석탑,성주 법수사지 삼층석탑,13,경상북도,성주군,35.80328916025261,128.1466791882256,20100705,http://www.khs.go.kr/unisearch/images/treasure/1622299.jpg
12001709000000031,12,보물,1709,보물 수원 방화수류정,수원 방화수류정,0,경기도,수원시,37.287576457143786,127.01813426310872,20110303,http://www.khs.go.kr/unisearch/images/treasure/1616205.jpg
12001710000000031,12,보물,1710,보물 수원 서북공심돈,수원 서북공심돈,0,경기도,수원시,37.2858351647815,127.00956791925402,20110303,http://www.khs.go.kr/unisearch/images/treasure/1616210.jpg
12001723000000032,12,보물,1723,보물 양양 낙산사 해수관음공중사리탑·비 및 사리장엄구 일괄,양양 낙산사 해수관음공중사리탑·비 및 사리장엄구 일괄,241,강원특별자치도,양양군,38.1258732442649,128.6292715180193,20111101,http://www.khs.go.kr/unisearch/images/treasure/1616946.jpg
12001727000000037,12,보물,1727,보물 경주향교 대성전,경주향교 대성전,10958,경상북도,경주시,35.83128911992911,129.21694573574254,20111202,http://www.khs.go.kr/unisearch/images/treasure/1622308.jpg
12001738000000011,12,보물,1738,보물 서울 살곶이 다리,서울 살곶이 다리,10810,서울특별시,성동구,37.553611357634594,127.0461049019737,20111223,http://www.khs.go.kr/unisearch/images/treasure/1615002.jpg
12001739000000038,12,보물,1739,보물 창녕 영산 석빙고,창녕 영산 석빙고,3504,경상남도,창녕군,35.456920296087425,128.5382705052392,20111223,http://www.khs.go.kr/unisearch/images/treasure/1623040.jpg
12001740000000011,12,보물,1740,보물 서울 관상감 관천대,서울 관상감 관천대,179,서울특별시,종로구,37.57776021582678,126.98799704935404,20111223,http://www.khs.go.kr/unisearch/images/treasure/1615010.jpg
12001741000000031,12,보물,1741,보물 구리 동구릉 건원릉 정자각,구리 동구릉 건원릉 정자각,254,경기도,구리시,37.624253251985,127.13109294538532,20111226,http://www.khs.go.kr/unisearch/images/treasure/1616219.jpg
12001742000000031,12,보물,1742,보물 구리 동구릉 숭릉 정자각,구리 동구릉 숭릉 정자각,456,경기도,구리시,37.61597594538571,127.128234017352,20111226,http://www.khs.go.kr/unisearch/images/treasure/1616221.jpg
12001743000000031,12,보물,1743,보물 구리 동구릉 목릉 정자각,구리 동구릉 목릉 정자각,258,경기도,구리시,37.62567800483061,127.13313981709328,20111226,http://www.khs.go.kr/unisearch/images/treasure/1616223.jpg
12001744000000037,12,보물,1744,보물 경주 불국사 대웅전,경주 불국사 대웅전,427,경상북도,경주시,35.79015420145952,129.33206429853664,20111230,http://www.khs.go.kr/unisearch/images/treasure/1622310.jpg
12001745000000037,12,보물,1745,보물 경주 불국사 가구식 석축,경주 불국사 가구식 석축,493,경상북도,경주시,35.78987935187974,129.33174275441027,20111230,http://www.khs.go.kr/unisearch/images/treasure/1622312.jpg
12001746000000034,12,보물,1746,보물 논산 노강서원 강당,논산 노강서원 강당,2318,충청남도,논산시,36.25983891401405,127.07321017200158,20111230,http://www.khs.go.kr/unisearch/images/treasure/1618097.jpg
12001759000000011,12,보물,1759,보물 경복궁 사정전,경복궁 사정전,499,서울특별시,종로구,37.57908892362358,126.97701947447014,20120302,http://www.khs.go.kr/unisearch/images/treasure/1615013.jpg
12001760000000011,12,보물,1760,보물 경복궁 수정전,경복궁 수정전,607,서울특별시,종로구,37.57898121808771,126.97593829318208,20120302,http://www.khs.go.kr/unisearch/images/treasure/1615018.jpg
12001761000000011,12,보물,1761,보물 경복궁 향원정,경복궁 향원정,630,서울특별시,종로구,37.58235623961703,126.97703507837636,20120302,http://www.khs.go.kr/unisearch/images/treasure/1615023.jpg
12001762000000011,12,보물,1762,보물 창덕궁 금천교,창덕궁 금천교,155,서울특별시,종로구,37.578473042444514,126.99005173820215,20120302,http://www.khs.go.kr/unisearch/images/treasure/1615026.jpg
12001763000000011,12,보물,1763,보물 창덕궁 부용정,창덕궁 부용정,73,서울특별시,종로구,37.581555992345,126.992962654533,20120302,http://www.khs.go.kr/unisearch/images/treasure/1615027.jpg
12001764000000011,12,보물,1764,보물 창덕궁 낙선재,창덕궁 낙선재,194,서울특별시,종로구,37.57874275964751,126.99346412924844,20120302,http://www.khs.go.kr/unisearch/images/treasure/1615028.jpg
12001769000000011,12,보물,1769,보물 창덕궁 주합루,창덕궁 주합루,281,서울특별시,종로구,37.58207233000832,126.99270777174009,20120816,http://www.khs.go.kr/unisearch/images/treasure/1615031.jpg
12001770000000011,12,보물,1770,보물 창덕궁 연경당,창덕궁 연경당,282,서울특별시,종로구,37.5833075176224,126.99239695265706,20120816,http://www.khs.go.kr/unisearch/images/treasure/1615033.jpg
12001771000000021,12,보물,1771,보물 기장 장안사 대웅전,기장 장안사 대웅전,1,부산광역시,기장군,35.37486600938603,129.23288683548668,20120806,http://www.khs.go.kr/unisearch/images/treasure/1615126.jpg
12001807000000036,12,보물,1807,보물 해남 대흥사 천불전,해남 대흥사 천불전,206,전남광주통합특별시,해남군,34.4766437518438,126.61671652444316,20130805,http://www.khs.go.kr/unisearch/images/treasure/1620020.jpg
12001808000000031,12,보물,1808,보물 남양주 수종사 팔각오층석탑,남양주 수종사 팔각오층석탑,4,경기도,남양주시,37.57115382628163,127.30250679728624,20130904,http://www.khs.go.kr/unisearch/images/treasure/1616238.jpg
12001820000000011,12,보물,1820,보물 서울 옥천암 마애보살좌상,서울 옥천암 마애보살좌상,0,서울특별시,서대문구,37.59699773981454,126.95355431574193,20140311,http://www.khs.go.kr/unisearch/images/treasure/1615048.jpg
12001825000000037,12,보물,1825,보물 의성 만취당,의성 만취당,3547,경상북도,의성군,36.424209664335685,128.76208611156164,20140605,http://www.khs.go.kr/unisearch/images/treasure/2338461.jpg
12001826000000038,12,보물,1826,보물 양산 통도사 영산전,양산 통도사 영산전,35841,경상남도,양산시,35.48803503962695,129.06496191802762,20140605,http://www.khs.go.kr/unisearch/images/treasure/2338506.jpg
12001827000000038,12,보물,1827,보물 양산 통도사 대광명전,양산 통도사 대광명전,35841,경상남도,양산시,35.48828995042042,129.06426528964178,20140605,http://www.khs.go.kr/unisearch/images/treasure/2338507.jpg
12001828000000011,12,보물,1828,보물 서울 보타사 마애보살좌상,서울 보타사 마애보살좌상,627,서울특별시,성북구,37.59113332942186,127.03106546345768,20140702,http://www.khs.go.kr/unisearch/images/treasure/2338511.jpg
12001831000000037,12,보물,1831,보물 의성 대곡사 대웅전,의성 대곡사 대웅전,3250,경상북도,의성군,36.49018688383364,128.3771727618555,20140703,http://www.khs.go.kr/unisearch/images/treasure/2338513.jpg
12001832000000032,12,보물,1832,보물 인제 봉정암 오층석탑,인제 봉정암 오층석탑,485,강원특별자치도,인제군,38.12636179553139,128.45434641034166,20140703,http://www.khs.go.kr/unisearch/images/treasure/2338519.jpg
12001840000000037,12,보물,1840,보물 청송 보광사 극락전,청송 보광사 극락전,3766,경상북도,청송군,36.41769881922299,129.044205814696,20141217,http://www.khs.go.kr/unisearch/images/treasure/2338526.jpg
12001849000000038,12,보물,1849,보물 남해 용문사 대웅전,남해 용문사 대웅전,16375,경상남도,남해군,34.78811039235472,127.92312990152708,20141229,http://www.khs.go.kr/unisearch/images/treasure/2338501.jpg
12001850000000022,12,보물,1850,보물 대구 파계사 원통전,대구 파계사 원통전,157,대구광역시,동구,36.001588964581764,128.64045546709323,20141229,http://www.khs.go.kr/unisearch/images/treasure/2338481.jpg
12001867000000037,12,보물,1867,보물 경주 남산 창림사지 삼층석탑,경주 남산 창림사지 삼층석탑,20,경상북도,경주시,35.8102838407711,129.21602458660476,20150309,http://www.khs.go.kr/unisearch/images/treasure/2338466.jpg
12001868000000037,12,보물,1868,보물 포항 보경사 적광전,포항 보경사 적광전,62,경상북도,포항시,36.25224034834349,129.3178074185246,20150330,http://www.khs.go.kr/unisearch/images/treasure/2400654.jpg
12001881000000011,12,보물,1881,보물 서울 창의문,서울 창의문,247,서울특별시,종로구,37.59258485475976,126.96650902967806,20151202,http://www.khs.go.kr/unisearch/images/treasure/2015120214573400.jpg
12001896000000021,12,보물,1896,보물 부산 운수사 대웅전,부산 운수사 대웅전,4151,부산광역시,사상구,35.18356999096285,129.0126990219035,20160302,http://www.khs.go.kr/unisearch/images/treasure/2016030216064000.JPG
12001902000000050,12,보물,1902,보물 제주향교 대성전,제주향교 대성전,8428,제주특별자치도,제주시,33.51155228480788,126.51561791280687,20160613,http://www.khs.go.kr/unisearch/images/treasure/2016061316550500.JPG
12001917000000037,12,보물,1917,보물 예천 야옹정,예천 야옹정,0,경상북도,예천군,36.705340435360405,128.4387444520852,20160909,http://www.khs.go.kr/unisearch/images/treasure/2016090909193500.JPG
12001928000000037,12,보물,1928,보물 경주 미탄사지 삼층석탑,경주 미탄사지 삼층석탑,0,경상북도,경주시,35.833592987272404,129.23433800149053,20170111,http://www.khs.go.kr/unisearch/images/treasure/2017011209530400.JPG
12001935000000037,12,보물,1935,보물 경주 남산 용장계 지곡 제3사지 삼층석탑,경주 남산 용장계 지곡 제3사지 삼층석탑,6,경상북도,경주시,35.7705903002682,129.23280245149172,20170407,http://www.khs.go.kr/unisearch/images/treasure/2017040708555600.JPG
12001941000000033,12,보물,1941,보물 청주 비중리 석조여래삼존상 및 석조여래입상,청주 비중리 석조여래삼존상 및 석조여래입상,2626,충청북도,청주시,36.71671575601452,127.57891923180884,20170623,http://www.khs.go.kr/unisearch/images/treasure/2017062319042600.jpg
12001942000000031,12,보물,1942,보물 화성 용주사 대웅보전,화성 용주사 대웅보전,25664,경기도,화성시,37.21243297069049,127.00498374891272,20170814,http://www.khs.go.kr/unisearch/images/treasure/2017081413221900.JPG
12001945000000037,12,보물,1945,보물 구미 대둔사 대웅전,구미 대둔사 대웅전,66,경상북도,구미시,36.336036802862544,128.24191033237005,20171128,http://www.khs.go.kr/unisearch/images/treasure/2017112809465500.JPG
12001976000000034,12,보물,1976,보물 서산 명종대왕 태실 및 비,서산 명종대왕 태실 및 비,625,충청남도,서산시,36.77916972046888,126.57858146106634,20180326,http://www.khs.go.kr/unisearch/images/treasure/2018032613180000.jpg
12001981000000032,12,보물,1981,보물 속초 신흥사 극락보전,속초 신흥사 극락보전,315,강원특별자치도,속초시,38.17598489515901,128.48415095002804,20180604,http://www.khs.go.kr/unisearch/images/treasure/2018060417470200.JPG
12001995000000032,12,보물,1995,보물 평창 오대산 중대 적멸보궁,평창 오대산 중대 적멸보궁,2336,강원특별자치도,평창군,37.78998087226127,128.55606223740384,20180704,http://www.khs.go.kr/unisearch/images/treasure/2018070509460200.JPG
12002013000000031,12,보물,2013,보물 남양주 수종사 사리탑,남양주 수종사 사리탑,0,경기도,남양주시,37.57115626735991,127.30246965057871,20190125,http://www.khs.go.kr/unisearch/images/treasure/2019012509505600.jpg
12002021000000034,12,보물,2021,보물 보령 성주사지 동 삼층석탑,보령 성주사지 동 삼층석탑,4,충청남도,보령시,36.34470437453498,126.65613331788832,20190328,http://www.khs.go.kr/unisearch/images/treasure/2019032809321600.jpg
12002024000000036,12,보물,2024,보물 구례 천은사 극락보전,구례 천은사 극락보전,201,전남광주통합특별시,구례군,35.27391043262136,127.4763274889515,20190523,http://www.khs.go.kr/unisearch/images/treasure/2019052310073900.JPG
12002031000000035,12,보물,2031,보물 고창 선운사 참당암 석조지장보살좌상,고창 선운사 참당암 석조지장보살좌상,56,전북특별자치도,고창군,35.49305919148718,126.56398736676137,20190626,http://www.khs.go.kr/unisearch/images/treasure/2019062715351100.jpg
12002035000000031,12,보물,2035,보물 수원 화령전 운한각·복도각·이안청,수원 화령전 운한각·복도각·이안청,522,경기도,수원시,37.28335878428316,127.01242958191878,20190829,http://www.khs.go.kr/unisearch/images/treasure/2019082909263600.JPG
12002036000000031,12,보물,2036,보물 안성 칠장사 대웅전,안성 칠장사 대웅전,155,경기도,안성시,37.02660089386757,127.39753428745848,20190829,http://www.khs.go.kr/unisearch/images/treasure/2019082909113900.JPG
12002037000000036,12,보물,2037,보물 나주 금성관,나주 금성관,683,전남광주통합특별시,나주시,35.03332902440277,126.71648171449952,20191025,http://www.khs.go.kr/unisearch/images/treasure/2019102508051000.jpg
12002046000000032,12,보물,2046,보물 강릉 경포대,강릉 경포대,6651,강원특별자치도,강릉시,37.79508797195252,128.89662697898456,20191230,http://www.khs.go.kr/unisearch/images/treasure/2019122715013100.JPG
12002047000000037,12,보물,2047,보물 김천 방초정,김천 방초정,1694,경상북도,김천시,36.02962632900839,128.04004323433696,20191230,http://www.khs.go.kr/unisearch/images/treasure/2019122715045100.JPG
12002048000000037,12,보물,2048,보물 봉화 한수정,봉화 한수정,1868,경상북도,봉화군,36.938742204007454,128.91652008205426,20191230,http://www.khs.go.kr/unisearch/images/treasure/2019122715063300.JPG
12002049000000037,12,보물,2049,보물 청송 찬경루,청송 찬경루,0,경상북도,청송군,36.433142855186944,129.05552046461256,20191230,http://www.khs.go.kr/unisearch/images/treasure/2019122715190600.JPG
12002050000000037,12,보물,2050,보물 안동 청원루,안동 청원루,4152,경상북도,안동시,36.579671275918194,128.54877293600222,20191230,http://www.khs.go.kr/unisearch/images/treasure/2019122715202500.JPG
12002051000000037,12,보물,2051,보물 안동 체화정,안동 체화정,5851,경상북도,안동시,36.579044337364415,128.57825511443846,20191230,http://www.khs.go.kr/unisearch/images/treasure/2019122715230700.JPG
12002052000000037,12,보물,2052,보물 경주 귀래정,경주 귀래정,1008,경상북도,경주시,36.04892720526777,129.24614015413988,20191230,http://www.khs.go.kr/unisearch/images/treasure/2019122715241300.JPG
12002053000000022,12,보물,2053,보물 달성 하목정,달성 하목정,3398,대구광역시,달성군,35.882231215878946,128.39806198457973,20191230,http://www.khs.go.kr/unisearch/images/treasure/2019122715264100.JPG
12002054000000036,12,보물,2054,보물 영암 영보정,영암 영보정,3388,전남광주통합특별시,영암군,34.82956832804299,126.73220276900932,20191230,http://www.khs.go.kr/unisearch/images/treasure/2019122715280200.JPG
12002055000000035,12,보물,2055,보물 진안 수선루,진안 수선루,676,전북특별자치도,진안군,35.74598696329287,127.34431587094345,20191230,http://www.khs.go.kr/unisearch/images/treasure/2019122715290500.JPG
12002065000000035,12,보물,2065,보물 고창 선운사 만세루,고창 선운사 만세루,343,전북특별자치도,고창군,35.49697934367011,126.57835121214828,20200601,http://www.khs.go.kr/unisearch/images/treasure/2022020914232900.jpg
12002068000000037,12,보물,2068,보물 안동 봉황사 대웅전,안동 봉황사 대웅전,0,경상북도,안동시,36.54664860335741,128.93268981955958,20200625,http://www.khs.go.kr/unisearch/images/treasure/2020062509402500.JPG
12002069000000037,12,보물,2069,보물 영양 현리 오층모전석탑,영양 현리 오층모전석탑,1513,경상북도,영양군,36.65047453541021,129.11414861108892,20200727,http://www.khs.go.kr/unisearch/images/treasure/2020072712561600.JPG
12002078000000037,12,보물,2078,보물 의성 고운사 연수전,의성 고운사 연수전,79,경상북도,의성군,36.45868196704584,128.75029163877298,20200831,http://www.khs.go.kr/unisearch/images/treasure/2020083110142900.jpg
12002088000000032,12,보물,2088,보물 강릉향교 명륜당,강릉향교 명륜당,5079,강원특별자치도,강릉시,37.76327439608544,128.89516168832648,20201228,http://www.khs.go.kr/unisearch/images/treasure/2020122909001400.JPG
12002089000000032,12,보물,2089,보물 강릉향교 동무.서무.전랑,강릉향교 동무.서무.전랑,5138,강원특별자치도,강릉시,37.7634743194721,128.89524299957364,20201228,http://www.khs.go.kr/unisearch/images/treasure/2020122909053900.JPG
12002090000000031,12,보물,2090,보물 수원향교 대성전,수원향교 대성전,4398,경기도,수원시,37.27283984931464,127.0121264753339,20201228,http://www.khs.go.kr/unisearch/images/treasure/2020122909152500.JPG
12002091000000031,12,보물,2091,보물 안성향교 대성전,안성향교 대성전,1692,경기도,안성시,37.014154322435104,127.27651462187266,20201228,http://www.khs.go.kr/unisearch/images/treasure/2020122909220300.JPG
12002092000000031,12,보물,2092,보물 안성향교 풍화루,안성향교 풍화루,1684,경기도,안성시,37.01376433477882,127.2763450161821,20201228,http://www.khs.go.kr/unisearch/images/treasure/2020122909265600.JPG
12002093000000038,12,보물,2093,보물 산청 단성향교 명륜당,산청 단성향교 명륜당,3498,경상남도,산청군,35.30897718341867,127.95518081338112,20201228,http://www.khs.go.kr/unisearch/images/treasure/2020122909312800.jpg
12002094000000038,12,보물,2094,보물 밀양향교 대성전,밀양향교 대성전,5936,경상남도,밀양시,35.506701785908334,128.7541903330613,20201228,http://www.khs.go.kr/unisearch/images/treasure/2020122909432100.JPG
12002095000000038,12,보물,2095,보물 밀양향교 명륜당,밀양향교 명륜당,6053,경상남도,밀양시,35.506619529015744,128.75453997894078,20201228,http://www.khs.go.kr/unisearch/images/treasure/2020122910275700.jpg
12002096000000037,12,보물,2096,보물 상주향교 대성전.동무.서무,상주향교 대성전.동무.서무,8099,경상북도,상주시,36.40671260634832,128.1573810425242,20201228,http://www.khs.go.kr/unisearch/images/treasure/2020122910360900.jpg
12002097000000037,12,보물,2097,보물 경주향교 명륜당,경주향교 명륜당,10144,경상북도,경주시,35.83159036490021,129.2168362049821,20201228,http://www.khs.go.kr/unisearch/images/treasure/2020122910400500.JPG
12002098000000037,12,보물,2098,보물 경주향교 동무.서무.신삼문,경주향교 동무.서무.신삼문,10421,경상북도,경주시,35.831091769499025,129.21702460777547,20201228,http://www.khs.go.kr/unisearch/images/treasure/2020122910423500.jpg
12002099000000036,12,보물,2099,보물 담양 창평향교 대성전,담양 창평향교 대성전,3413,전남광주통합특별시,담양군,35.216823539790575,126.98454321467446,20201228,http://www.khs.go.kr/unisearch/images/treasure/2020122910454600.jpg
12002100000000036,12,보물,2100,보물 담양 창평향교 명륜당,담양 창평향교 명륜당,3396,전남광주통합특별시,담양군,35.21670857249248,126.98435868797482,20201228,http://www.khs.go.kr/unisearch/images/treasure/2020122910494600.jpg
12002101000000036,12,보물,2101,보물 순천향교 대성전,순천향교 대성전,0,전남광주통합특별시,순천시,34.95435519244779,127.47907240448478,20201228,http://www.khs.go.kr/unisearch/images/treasure/2020122910513100.jpg
12002102000000037,12,보물,2102,보물 구미 금오서원 정학당,구미 금오서원 정학당,0,경상북도,구미시,36.22768992978004,128.3386766845111,20201228,http://www.khs.go.kr/unisearch/images/treasure/2020122910545200.jpg
12002103000000037,12,보물,2103,보물 구미 금오서원 상현묘,구미 금오서원 상현묘,5362,경상북도,구미시,36.22782658474336,128.338583976061,20201228,http://www.khs.go.kr/unisearch/images/treasure/2020122910565600.jpg
12002104000000037,12,보물,2104,보물 안동 병산서원 만대루,안동 병산서원 만대루,76,경상북도,안동시,36.54042320185213,128.55272314838558,20201228,http://www.khs.go.kr/unisearch/images/treasure/2020122911055100.jpg
12002105000000037,12,보물,2105,보물 안동 도산서원 도산서당,안동 도산서원 도산서당,29,경상북도,안동시,36.72701010104026,128.84362687871035,20201228,http://www.khs.go.kr/unisearch/images/treasure/2020122911095400.jpg
12002106000000037,12,보물,2106,보물 안동 도산서원 농운정사,안동 도산서원 농운정사,109,경상북도,안동시,36.72693006559293,128.8433880391748,20201228,http://www.khs.go.kr/unisearch/images/treasure/2020122911122400.jpg
12002107000000033,12,보물,2107,보물 옥천 이지당,옥천 이지당,1600,충청북도,옥천군,36.3295479622461,127.55587320582066,20201228,http://www.khs.go.kr/unisearch/images/treasure/2020122911145300.JPG
12002108000000037,12,보물,2108,보물 문경 봉암사 마애미륵여래좌상,문경 봉암사 마애미륵여래좌상,321,경상북도,문경시,36.70245178325987,128.00109066715146,20210105,http://www.khs.go.kr/unisearch/images/treasure/2021010617453300.jpg
12002119000000045,12,보물,2119,보물 세종 비암사 극락보전,세종 비암사 극락보전,2388,세종특별자치시,세종특별자치시,36.61119736762201,127.19210095395586,20210226,http://www.khs.go.kr/unisearch/images/treasure/2021030209322100.jpg
12002120000000034,12,보물,2120,보물 공주 갑사 대웅전,공주 갑사 대웅전,294,충청남도,공주시,36.365375340357375,127.18766340197966,20210325,http://www.khs.go.kr/unisearch/images/treasure/2021032509442800.JPG
12002121000000037,12,보물,2121,보물 의성 대곡사 범종루,의성 대곡사 범종루,0,경상북도,의성군,36.49016581875145,128.37762518065674,20210325,http://www.khs.go.kr/unisearch/images/treasure/2021032509300400.JPG
12002122000000036,12,보물,2122,보물 순천 팔마비,순천 팔마비,1,전남광주통합특별시,순천시,34.954371689097094,127.48378788191484,20210325,http://www.khs.go.kr/unisearch/images/treasure/2021032509262800.jpg
12002129000000035,12,보물,2129,보물 무주 한풍루,무주 한풍루,155,전북특별자치도,무주군,36.00398514618169,127.66233875752916,20210624,http://www.khs.go.kr/unisearch/images/treasure/2021062409381200.jpg
12002130000000031,12,보물,2130,보물 양주 회암사지 사리탑,양주 회암사지 사리탑,144,경기도,양주시,37.84612788758937,127.1066984991604,20210624,http://www.khs.go.kr/unisearch/images/treasure/2021062409424700.jpg
12002131000000037,12,보물,2131,보물 칠곡 송림사 대웅전,칠곡 송림사 대웅전,4719,경상북도,칠곡군,35.982388369540914,128.57751595043243,20210722,http://www.khs.go.kr/unisearch/images/treasure/2021072116213400.jpg
12002132000000022,12,보물,2132,보물 대구 동화사 극락전,대구 동화사 극락전,181,대구광역시,동구,35.9927108657488,128.70465227688743,20210722,http://www.khs.go.kr/unisearch/images/treasure/2021072116170900.JPG
12002133000000022,12,보물,2133,보물 대구 동화사 수마제전,대구 동화사 수마제전,61,대구광역시,동구,35.99297848327863,128.7048240278119,20210722,http://www.khs.go.kr/unisearch/images/treasure/2021072116152900.jpg
12002143000000037,12,보물,2143,보물 경주 분황사 당간지주,경주 분황사 당간지주,3,경상북도,경주시,35.83996024267008,129.23323968063028,20211126,http://www.khs.go.kr/unisearch/images/treasure/2021112909161800.JPG
12002151000000011,12,보물,2151,보물 종친부 경근당과 옥첩당,종친부 경근당과 옥첩당,0,서울특별시,종로구,37.57895566424548,126.98134008242452,20211227,http://www.khs.go.kr/unisearch/images/treasure/2021122709213100.jpg
12002152000000022,12,보물,2152,보물 대구 경상감영 선화당,대구 경상감영 선화당,0,대구광역시,중구,35.87205343132898,128.5922230543723,20211227,http://www.khs.go.kr/unisearch/images/treasure/2021122709111400.jpg
12002153000000031,12,보물,2153,보물 남한산성 수어장대,남한산성 수어장대,0,경기도,광주시,37.4798507240868,127.1765634809017,20211227,http://www.khs.go.kr/unisearch/images/treasure/2021122709260100.JPG
12002154000000031,12,보물,2154,보물 남한산성 연무관,남한산성 연무관,0,경기도,광주시,37.47846683494613,127.18650786189356,20211227,http://www.khs.go.kr/unisearch/images/treasure/2021122709305200.jpg
12002155000000031,12,보물,2155,보물 안성 객사 정청,안성 객사 정청,0,경기도,안성시,37.015054218339365,127.32329820449306,20211227,http://www.khs.go.kr/unisearch/images/treasure/2021122709332100.JPG
12002156000000032,12,보물,2156,보물 강릉 칠사당,강릉 칠사당,0,강원특별자치도,강릉시,37.75189351226633,128.89188332328283,20211227,http://www.khs.go.kr/unisearch/images/treasure/2021122709360700.jpg
12002157000000032,12,보물,2157,보물 원주 강원감영 선화당,원주 강원감영 선화당,0,강원특별자치도,원주시,37.347958550793976,127.95040131159234,20211227,http://www.khs.go.kr/unisearch/images/treasure/2021122709392400.jpg
12002158000000038,12,보물,2158,보물 거제 기성관,거제 기성관,0,경상남도,거제시,34.85114042314528,128.59122281125624,20211227,http://www.khs.go.kr/unisearch/images/treasure/2021122709440900.JPG
12002172000000037,12,보물,2172,보물 경주 옥산서원 무변루,경주 옥산서원 무변루,64,경상북도,경주시,36.011845550133984,129.16314308435173,20220729,http://www.khs.go.kr/unisearch/images/treasure/2022072815394700.jpg
12002178000000037,12,보물,2178,보물 영천 인종대왕 태실,영천 인종대왕 태실,0,경상북도,영천시,35.99725839137064,128.77683865837312,20220826,http://www.khs.go.kr/unisearch/images/treasure/2022082609172200.jpg
12002182000000037,12,보물,2182,보물 봉화 청암정,봉화 청암정,102,경상북도,봉화군,36.90491204628613,128.74198199122802,20221031,http://www.khs.go.kr/unisearch/images/treasure/2022103113060700.jpg
12002183000000037,12,보물,2183,보물 영주 부석사 안양루,영주 부석사 안양루,85,경상북도,영주시,36.99873307128048,128.68743563808005,20221031,http://www.khs.go.kr/unisearch/images/treasure/2022103113072900.JPG
12002184000000037,12,보물,2184,보물 영주 부석사 범종각,영주 부석사 범종각,131,경상북도,영주시,36.998444928046354,128.6870825135236,20221031,http://www.khs.go.kr/unisearch/images/treasure/2022103113085700.JPG
12002185000000031,12,보물,2185,보물 남한산성 숭렬전,남한산성 숭렬전,0,경기도,광주시,37.48146144677239,127.18025268294934,20221125,http://www.khs.go.kr/unisearch/images/treasure/2022112415120800.jpg
12002186000000032,12,보물,2186,보물 영월 창절사,영월 창절사,0,강원특별자치도,영월군,37.187986692665,128.46556438581547,20221125,http://www.khs.go.kr/unisearch/images/treasure/2022112415154100.JPG
12002187000000033,12,보물,2187,보물 영동 세천재,영동 세천재,0,충청북도,영동군,36.1792310149421,127.94238491286764,20221125,http://www.khs.go.kr/unisearch/images/treasure/2022112415174100.jpg
12002188000000036,12,보물,2188,보물 고흥 여산송씨 쌍충 정려각,고흥 여산송씨 쌍충 정려각,0,전남광주통합특별시,고흥군,34.78313504120072,127.29020096797224,20221125,http://www.khs.go.kr/unisearch/images/treasure/2022112415201400.jpg
12002189000000036,12,보물,2189,보물 강진 해남윤씨 추원당,강진 해남윤씨 추원당,0,전남광주통합특별시,강진군,34.58830189275344,126.6795064139017,20221125,http://www.khs.go.kr/unisearch/images/treasure/2022112415235900.jpg
12002190000000036,12,보물,2190,보물 강진 해남윤씨 영모당,강진 해남윤씨 영모당,0,전남광주통합특별시,강진군,34.57780458357205,126.70564005197376,20221125,http://www.khs.go.kr/unisearch/images/treasure/2022112415260500.jpg
12002191000000035,12,보물,2191,보물 전주 조경묘 정묘,전주 조경묘 정묘,0,전북특별자치도,전주시,35.81662995248153,127.1499499647729,20221125,http://www.khs.go.kr/unisearch/images/treasure/2022112415272901.jpg
12002192000000037,12,보물,2192,보물 포항 상달암,포항 상달암,0,경상북도,포항시,36.03944753619528,129.2879609924695,20221125,http://www.khs.go.kr/unisearch/images/treasure/2022112415284401.jpg
12002193000000035,12,보물,2193,보물 김제 내아,김제 내아,0,전북특별자치도,김제시,35.80099823589233,126.8817573726337,20221125,http://www.khs.go.kr/unisearch/images/treasure/2022112415301500.jpg
12002194000000037,12,보물,2194,보물 경주 (전)염불사지 동·서 삼층석탑,경주 (전)염불사지 동·서 삼층석탑,0,경상북도,경주시,35.7878243407469,129.24341921709646,20221125,http://www.khs.go.kr/unisearch/images/treasure/2022112415325101.jpg
12002201000000036,12,보물,2201,보물 순천 선암사 일주문,순천 선암사 일주문,0,전남광주통합특별시,순천시,34.99600893724807,127.33158504811225,20221228,http://www.khs.go.kr/unisearch/images/treasure/2022122809480501.jpg
12002202000000037,12,보물,2202,보물 문경 봉암사 봉황문,문경 봉암사 봉황문,0,경상북도,문경시,36.698620685159455,128.0084512420111,20221228,http://www.khs.go.kr/unisearch/images/treasure/2022122809493501.JPG
12002203000000036,12,보물,2203,보물 구례 천은사 일주문,구례 천은사 일주문,0,전남광주통합특별시,구례군,35.271989620051635,127.4762923579564,20221228,http://www.khs.go.kr/unisearch/images/treasure/2022122809505201.jpg
12002204000000022,12,보물,2204,보물 대구 동화사 봉황문,대구 동화사 봉황문,0,대구광역시,동구,35.98594346208037,128.70124423891792,20221228,http://www.khs.go.kr/unisearch/images/treasure/2022122809523001.jpg
12002205000000038,12,보물,2205,보물 고성 옥천사 자방루,고성 옥천사 자방루,0,경상남도,고성군,35.080384283138535,128.26240491985237,20221228,http://www.khs.go.kr/unisearch/images/treasure/2022122809535200.jpg
12002206000000037,12,보물,2206,보물 상주 대산루,상주 대산루,0,경상북도,상주시,36.47645206659013,128.06194648782744,20221228,http://www.khs.go.kr/unisearch/images/treasure/2022122809563701.JPG
12002207000000031,12,보물,2207,보물 성남 봉국사 대광명전,성남 봉국사 대광명전,0,경기도,성남시,37.45083496619096,127.13505123930058,20221228,http://www.khs.go.kr/unisearch/images/treasure/2022122809575501.jpg
12002208000000035,12,보물,2208,보물 남원 실상사 편운화상탑,남원 실상사 편운화상탑,0,전북특별자치도,남원시,35.411140358140614,127.63383723838726,20221228,http://www.khs.go.kr/unisearch/images/treasure/2022122809592400.jpg
12002220000000036,12,보물,2220,보물 강진 백련사 대웅보전,강진 백련사 대웅보전,233,전남광주통합특별시,강진군,34.587925415179924,126.74788505955156,20230626,http://www.khs.go.kr/unisearch/images/treasure/2023062609161100.JPG
12002232000000038,12,보물,2232,보물 합천 해인사 홍하문,합천 해인사 홍하문,19,경상남도,합천군,35.80005541597102,128.0964152975158,20231102,http://www.khs.go.kr/unisearch/images/treasure/2023110117302203.jpg
12002233000000038,12,보물,2233,보물 함양 용추사 일주문,함양 용추사 일주문,73,경상남도,함양군,35.68392714396279,127.76581484384488,20231102,http://www.khs.go.kr/unisearch/images/treasure/2023110117374301.jpg
12002234000000036,12,보물,2234,보물 곡성 태안사 일주문,곡성 태안사 일주문,48,전남광주통합특별시,곡성군,35.13111214005856,127.38666778647776,20231102,http://www.khs.go.kr/unisearch/images/treasure/2023110117423401.jpg
12002235000000038,12,보물,2235,보물 하동 쌍계사 일주문,하동 쌍계사 일주문,64,경상남도,하동군,35.23217474639456,127.64918536498278,20231102,http://www.khs.go.kr/unisearch/images/treasure/2023110117463001.jpg
12002236000000022,12,보물,2236,보물 달성 용연사 자운문,달성 용연사 자운문,49,대구광역시,달성군,35.747754308210745,128.51823710428545,20231102,http://www.khs.go.kr/unisearch/images/treasure/2023110117491401.jpg
12002237000000036,12,보물,2237,보물 순천 송광사 조계문,순천 송광사 조계문,44,전남광주통합특별시,순천시,35.002169743364746,127.2749311153164,20231102,http://www.khs.go.kr/unisearch/images/treasure/2023110117523701.jpg
12002250000000032,12,보물,2250,보물 홍천 수타사 대적광전,홍천 수타사 대적광전,6360,강원특별자치도,홍천군,37.6985669601336,127.95937379686264,20240228,http://www.khs.go.kr/unisearch/images/treasure/2024022809260101.JPG
12002251000000035,12,보물,2251,보물 완주 송광사 금강문,완주 송광사 금강문,43,전북특별자치도,완주군,35.885019894831714,127.2425840906129,20240402,http://www.khs.go.kr/unisearch/images/treasure/2024040513340900.jpg
12002252000000033,12,보물,2252,보물 보은 법주사 천왕문,보은 법주사 천왕문,132,충청북도,보은군,36.54173838230406,127.832977101436,20240402,http://www.khs.go.kr/unisearch/images/treasure/2024040513353300.jpg
12002253000000038,12,보물,2253,보물 양산 통도사 천왕문,양산 통도사 천왕문,86,경상남도,양산시,35.48775934167298,129.06529776493684,20240402,http://www.khs.go.kr/unisearch/images/treasure/2024040513415400.jpg
12002254000000036,12,보물,2254,보물 순천 송광사 사천왕문,순천 송광사 사천왕문,135,전남광주통합특별시,순천시,35.00204960330927,127.27533281443024,20240402,http://www.khs.go.kr/unisearch/images/treasure/2024040513444400.jpg
12002255000000036,12,보물,2255,보물 구례 화엄사 천왕문,구례 화엄사 천왕문,64,전남광주통합특별시,구례군,35.25631171045382,127.49746275906314,20240402,http://www.khs.go.kr/unisearch/images/treasure/2024040513461000.JPG
12002256000000036,12,보물,2256,보물 영광 불갑사 천왕문,영광 불갑사 천왕문,146,전남광주통합특별시,영광군,35.200673831133,126.54935780998552,20240402,http://www.khs.go.kr/unisearch/images/treasure/2024041114060501.jpg
12002257000000037,12,보물,2257,보물 포항 보경사 천왕문,포항 보경사 천왕문,43,경상북도,포항시,36.25199813422298,129.3178528983637,20240402,http://www.khs.go.kr/unisearch/images/treasure/2024040513492500.jpg
12002258000000037,12,보물,2258,보물 김천 직지사 천왕문,김천 직지사 천왕문,63,경상북도,김천시,36.11622909137512,128.00475575415385,20240402,http://www.khs.go.kr/unisearch/images/treasure/2024040513505800.JPG
12002259000000034,12,보물,2259,보물 서산 문수사 극락보전,서산 문수사 극락보전,192,충청남도,서산시,36.77888193068184,126.58977600608895,20240402,http://www.khs.go.kr/unisearch/images/treasure/2024040210321900.jpg
12002266000000035,12,보물,2266,보물 고창 문수사 대웅전,고창 문수사 대웅전,53,전북특별자치도,고창군,35.380744721412704,126.72627774739912,20240717,http://www.khs.go.kr/unisearch/images/treasure/2024071710214700.jpg
12002267000000037,12,보물,2267,보물 의성 고운사 가운루,의성 고운사 가운루,232,경상북도,의성군,36.45817918518647,128.74976212586762,20240717,http://www.khs.go.kr/unisearch/images/treasure/2024071710244500.JPG
12002272000000037,12,보물,2272,보물 포항 용계정,포항 용계정,145,경상북도,포항시,36.16623210974736,129.18650357666394,20240829,http://www.khs.go.kr/unisearch/images/treasure/2024082911043000.JPG
12002273000000037,12,보물,2273,보물 포항 분옥정,포항 분옥정,76,경상북도,포항시,36.06877079477929,129.16767266665005,20240829,http://www.khs.go.kr/unisearch/images/treasure/2024082911091002.JPG
12002274000000037,12,보물,2274,보물 포항 보경사 오층석탑,포항 보경사 오층석탑,4,경상북도,포항시,36.25213674231013,129.31785468455445,20241016,http://www.khs.go.kr/unisearch/images/treasure/2024101609222000.jpg
12002302000000037,12,보물,2302,보물 안동 광흥사 응진전,안동 광흥사 응진전,187,경상북도,안동시,36.64601170851651,128.6137067519364,20251103,http://www.khs.go.kr/unisearch/images/treasure/2025110317040490.jpg
12002309000000031,12,보물,2309,보물 안성 청원사 대웅전,안성 청원사 대웅전,733,경기도,안성시,37.07158410962522,127.17395699855516,20260123,http://www.khs.go.kr/unisearch/images/treasure/2026012313210200.jpg
12002314000000036,12,보물,2314,보물 순천 송광사 침계루,순천 송광사 침계루,429,전국,,35.001835900667814,127.2753945495489,20260226,http://www.khs.go.kr/unisearch/images/treasure/2026022616343502.jpg
12002315000000037,12,보물,2315,보물 안동 봉정사 덕휘루,안동 봉정사 덕휘루,183,전국,,36.65318253707742,128.6626469246565,20260226,http://www.khs.go.kr/unisearch/images/treasure/2026022617144602.JPG
12002316000000031,12,보물,2316,보물 화성 용주사 천보루,화성 용주사 천보루,244,경기도,화성시,37.21212161636082,127.0050478056451,20260226,http://www.khs.go.kr/unisearch/images/treasure/2026022613132602.jpg
12002324000000031,12,보물,2324,보물 가평 현등사 극락전,가평 현등사 극락전,52,경기도,가평군,37.87080517096224,127.33105192324216,20260707,http://www.khs.go.kr/unisearch/images/treasure/2026070711083300.JPG
12002325000000033,12,보물,2325,보물 괴산 각연사 비로전,괴산 각연사 비로전,219,충청북도,괴산군,36.75474471729309,127.92769344977482,20260707,http://www.khs.go.kr/unisearch/images/treasure/2026070711101500.JPG
12002326000000035,12,보물,2326,보물 고창 선운사 영산전,고창 선운사 영산전,122,전북특별자치도,고창군,35.497013447026845,126.57770803865225,20260707,http://www.khs.go.kr/unisearch/images/treasure/2026070711110700.JPG
12002327000000052,12,보물,2327,보물 순천 선암사 원통전,순천 선암사 원통전,175,전남광주통합특별시,순천시,34.996970832036155,127.33085184500663,20260707,http://www.khs.go.kr/unisearch/images/treasure/2026070711115600.JPG
12002328000000052,12,보물,2328,보물 순천 송광사 응진당,순천 송광사 응진당,79,전남광주통합특별시,순천시,35.00233252394444,127.2765579819938,20260707,http://www.khs.go.kr/unisearch/images/treasure/2026070711122600.jpg
12002329000000037,12,보물,2329,보물 경주 기림사 응진전,경주 기림사 응진전,65,경상북도,경주시,35.83790784255013,129.40341573127813,20260707,http://www.khs.go.kr/unisearch/images/treasure/2026070711125900.JPG
12002330000000034,12,보물,2330,보물 금산 영천암 무량수각,금산 영천암 무량수각,132,충청남도,금산군,36.06041446363865,127.46935459601832,20260707,http://www.khs.go.kr/unisearch/images/treasure/2026070711133300.jpg
12002332000000035,12,보물,2332,보물 부안 내소사 설선당과 요사,부안 내소사 설선당과 요사,418,전북특별자치도,부안군,35.61758374434789,126.58727668016732,20260707,http://www.khs.go.kr/unisearch/images/treasure/2026070711160100.jpg
12002333000000035,12,보물,2333,보물 익산 숭림사 정혜원,익산 숭림사 정혜원,87,전북특별자치도,익산시,36.08162459859273,126.91554191424436,20260707,http://www.khs.go.kr/unisearch/images/treasure/2026070711163400.jpg
12002334000000037,12,보물,2334,보물 안동 예안향교 대성전,안동 예안향교 대성전,2354,경상북도,안동시,36.70077177903092,128.81548814810353,20260807,http://www.khs.go.kr/unisearch/images/treasure/2026080709171090.jpg
