{
"type": "FeatureCollection",
"name": "국보_보물_위치정보",
"crs": { "type": "name", "properties": { "name": "urn:ogc:def:crs:OGC:1.3:CRS84" } },
"features": [
{ "type": "Feature", "properties": { "heritage_code": "11000001000000011", "category_code": "11", "category": "국보", "designation_no": 1, "display_name": "국보 서울 숭례문", "name": "서울 숭례문", "area": 833, "province": "서울특별시", "district": "중구" }, "geometry": { "type": "Point", "coordinates": [ 126.975312652739262, 37.559975222290085 ] } },
{ "type": "Feature", "properties": { "heritage_code": "11000002000000011", "category_code": "11", "category": "국보", "designation_no": 2, "display_name": "국보 서울 원각사지 십층석탑", "name": "서울 원각사지 십층석탑", "area": 20, "province": "서울특별시", "district": "종로구" }, "geometry": { "type": "Point", "coordinates": [ 126.988207994364231, 37.57154617045709 ] } },
{ "type": "Feature", "properties": { "heritage_code": "11000004000000031", "category_code": "11", "category": "국보", "designation_no": 4, "display_name": "국보 여주 고달사지 승탑", "name": "여주 고달사지 승탑", "area": 9, "province": "경기도", "district": "여주시" }, "geometry": { "type": "Point", "coordinates": [ 127.652160778359459, 37.393907246430842 ] } },
{ "type": "Feature", "properties": { "heritage_code": "11000005000000033", "category_code": "11", "category": "국보", "designation_no": 5, "display_name": "국보 보은 법주사 쌍사자 석등", "name": "보은 법주사 쌍사자 석등", "area": 30, "province": "충청북도", "district": "보은군" }, "geometry": { "type": "Point", "coordinates": [ 127.833219375596727, 36.542167941300136 ] } },
{ "type": "Feature", "properties": { "heritage_code": "11000006000000033", "category_code": "11", "category": "국보", "designation_no": 6, "display_name": "국보 충주 탑평리 칠층석탑", "name": "충주 탑평리 칠층석탑", "area": 32, "province": "충청북도", "district": "충주시" }, "geometry": { "type": "Point", "coordinates": [ 127.866630082821999, 37.015888541376789 ] } },
{ "type": "Feature", "properties": { "heritage_code": "11000007000000034", "category_code": "11", "category": "국보", "designation_no": 7, "display_name": "국보 천안 봉선홍경사 갈기비", "name": "천안 봉선홍경사 갈기비", "area": 4, "province": "충청남도", "district": "천안시" }, "geometry": { "type": "Point", "coordinates": [ 127.134710477185038, 36.943151951211675 ] } },
{ "type": "Feature", "properties": { "heritage_code": "11000008000000034", "category_code": "11", "category": "국보", "designation_no": 8, "display_name": "국보 보령 성주사지 대낭혜화상탑비", "name": "보령 성주사지 대낭혜화상탑비", "area": 6, "province": "충청남도", "district": "보령시" }, "geometry": { "type": "Point", "coordinates": [ 126.655469090758359, 36.344699692231792 ] } },
{ "type": "Feature", "properties": { "heritage_code": "11000009000000034", "category_code": "11", "category": "국보", "designation_no": 9, "display_name": "국보 부여 정림사지 오층석탑", "name": "부여 정림사지 오층석탑", "area": 23, "province": "충청남도", "district": "부여군" }, "geometry": { "type": "Point", "coordinates": [ 126.913363436976084, 36.279297352913986 ] } },
{ "type": "Feature", "properties": { "heritage_code": "11000010000000035", "category_code": "11", "category": "국보", "designation_no": 10, "display_name": "국보 남원 실상사 백장암 삼층석탑", "name": "남원 실상사 백장암 삼층석탑", "area": 3, "province": "전북특별자치도", "district": "남원시" }, "geometry": { "type": "Point", "coordinates": [ 127.619971568516732, 35.442539125073189 ] } },
{ "type": "Feature", "properties": { "heritage_code": "11000011000000035", "category_code": "11", "category": "국보", "designation_no": 11, "display_name": "국보 익산 미륵사지 석탑", "name": "익산 미륵사지 석탑", "area": 213, "province": "전북특별자치도", "district": "익산시" }, "geometry": { "type": "Point", "coordinates": [ 127.030560529125125, 36.012422323972416 ] } },
{ "type": "Feature", "properties": { "heritage_code": "11000012000000036", "category_code": "11", "category": "국보", "designation_no": 12, "display_name": "국보 구례 화엄사 각황전 앞 석등", "name": "구례 화엄사 각황전 앞 석등", "area": 5, "province": "전남광주통합특별시", "district": "구례군" }, "geometry": { "type": "Point", "coordinates": [ 127.497444533919136, 35.257153138658282 ] } },
{ "type": "Feature", "properties": { "heritage_code": "11000013000000036", "category_code": "11", "category": "국보", "designation_no": 13, "display_name": "국보 강진 무위사 극락보전", "name": "강진 무위사 극락보전", "area": 207, "province": "전남광주통합특별시", "district": "강진군" }, "geometry": { "type": "Point", "coordinates": [ 126.686758419185082, 34.738787663658904 ] } },
{ "type": "Feature", "properties": { "heritage_code": "11000014000000037", "category_code": "11", "category": "국보", "designation_no": 14, "display_name": "국보 영천 거조사 영산전", "name": "영천 거조사 영산전", "area": 520, "province": "경상북도", "district": "영천시" }, "geometry": { "type": "Point", "coordinates": [ 128.764535947917722, 36.020079476054704 ] } },
{ "type": "Feature", "properties": { "heritage_code": "11000015000000037", "category_code": "11", "category": "국보", "designation_no": 15, "display_name": "국보 안동 봉정사 극락전", "name": "안동 봉정사 극락전", "area": 172, "province": "경상북도", "district": "안동시" }, "geometry": { "type": "Point", "coordinates": [ 128.662410829215503, 36.65348637874564 ] } },
{ "type": "Feature", "properties": { "heritage_code": "11000016000000037", "category_code": "11", "category": "국보", "designation_no": 16, "display_name": "국보 안동 법흥사지 칠층전탑", "name": "안동 법흥사지 칠층전탑", "area": 41, "province": "경상북도", "district": "안동시" }, "geometry": { "type": "Point", "coordinates": [ 128.746392271242883, 36.565975122807977 ] } },
{ "type": "Feature", "properties": { "heritage_code": "11000017000000037", "category_code": "11", "category": "국보", "designation_no": 17, "display_name": "국보 영주 부석사 무량수전 앞 석등", "name": "영주 부석사 무량수전 앞 석등", "area": 2, "province": "경상북도", "district": "영주시" }, "geometry": { "type": "Point", "coordinates": [ 128.687451710932407, 36.998805011803867 ] } },
{ "type": "Feature", "properties": { "heritage_code": "11000018000000037", "category_code": "11", "category": "국보", "designation_no": 18, "display_name": "국보 영주 부석사 무량수전", "name": "영주 부석사 무량수전", "area": 466, "province": "경상북도", "district": "영주시" }, "geometry": { "type": "Point", "coordinates": [ 128.687485550420689, 36.998953988701253 ] } },
{ "type": "Feature", "properties": { "heritage_code": "11000019000000037", "category_code": "11", "category": "국보", "designation_no": 19, "display_name": "국보 영주 부석사 조사당", "name": "영주 부석사 조사당", "area": 107, "province": "경상북도", "district": "영주시" }, "geometry": { "type": "Point", "coordinates": [ 128.688515469067056, 36.999601829586886 ] } },
{ "type": "Feature", "properties": { "heritage_code": "11000020000000037", "category_code": "11", "category": "국보", "designation_no": 20, "display_name": "국보 경주 불국사 다보탑", "name": "경주 불국사 다보탑", "area": 32, "province": "경상북도", "district": "경주시" }, "geometry": { "type": "Point", "coordinates": [ 129.332267999296022, 35.789969819502346 ] } },
{ "type": "Feature", "properties": { "heritage_code": "11000021000000037", "category_code": "11", "category": "국보", "designation_no": 21, "display_name": "국보 경주 불국사 삼층석탑", "name": "경주 불국사 삼층석탑", "area": 19, "province": "경상북도", "district": "경주시" }, "geometry": { "type": "Point", "coordinates": [ 129.331984595091797, 35.789967724684658 ] } },
{ "type": "Feature", "properties": { "heritage_code": "11000022000000037", "category_code": "11", "category": "국보", "designation_no": 22, "display_name": "국보 경주 불국사 연화교 및 칠보교", "name": "경주 불국사 연화교 및 칠보교", "area": 29, "province": "경상북도", "district": "경주시" }, "geometry": { "type": "Point", "coordinates": [ 129.331642804335615, 35.789719106017813 ] } },
{ "type": "Feature", "properties": { "heritage_code": "11000023000000037", "category_code": "11", "category": "국보", "designation_no": 23, "display_name": "국보 경주 불국사 청운교 및 백운교", "name": "경주 불국사 청운교 및 백운교", "area": 49, "province": "경상북도", "district": "경주시" }, "geometry": { "type": "Point", "coordinates": [ 129.332158169199943, 35.78972295924855 ] } },
{ "type": "Feature", "properties": { "heritage_code": "11000024000000037", "category_code": "11", "category": "국보", "designation_no": 24, "display_name": "국보 경주 석굴암 석굴", "name": "경주 석굴암 석굴", "area": 11676, "province": "경상북도", "district": "경주시" }, "geometry": { "type": "Point", "coordinates": [ 129.350226974894639, 35.79496777736491 ] } },
{ "type": "Feature", "properties": { "heritage_code": "11000025000000037", "category_code": "11", "category": "국보", "designation_no": 25, "display_name": "국보 경주 태종무열왕릉비", "name": "경주 태종무열왕릉비", "area": 9, "province": "경상북도", "district": "경주시" }, "geometry": { "type": "Point", "coordinates": [ 129.188548279325346, 35.825133558558868 ] } },
{ "type": "Feature", "properties": { "heritage_code": "11000030000000037", "category_code": "11", "category": "국보", "designation_no": 30, "display_name": "국보 경주 분황사 모전석탑", "name": "경주 분황사 모전석탑", "area": 174, "province": "경상북도", "district": "경주시" }, "geometry": { "type": "Point", "coordinates": [ 129.233641826763431, 35.840561549194938 ] } },
{ "type": "Feature", "properties": { "heritage_code": "11000031000000037", "category_code": "11", "category": "국보", "designation_no": 31, "display_name": "국보 경주 첨성대", "name": "경주 첨성대", "area": 29, "province": "경상북도", "district": "경주시" }, "geometry": { "type": "Point", "coordinates": [ 129.218993693668295, 35.834695848949863 ] } },
{ "type": "Feature", "properties": { "heritage_code": "11000033000000038", "category_code": "11", "category": "국보", "designation_no": 33, "display_name": "국보 창녕 신라 진흥왕 척경비", "name": "창녕 신라 진흥왕 척경비", "area": 2, "province": "경상남도", "district": "창녕군" }, "geometry": { "type": "Point", "coordinates": [ 128.5026450196805, 35.540725070459487 ] } },
{ "type": "Feature", "properties": { "heritage_code": "11000034000000038", "category_code": "11", "category": "국보", "designation_no": 34, "display_name": "국보 창녕 술정리 동 삼층석탑", "name": "창녕 술정리 동 삼층석탑", "area": 13, "province": "경상남도", "district": "창녕군" }, "geometry": { "type": "Point", "coordinates": [ 128.49610361745323, 35.539596320491341 ] } },
{ "type": "Feature", "properties": { "heritage_code": "11000035000000036", "category_code": "11", "category": "국보", "designation_no": 35, "display_name": "국보 구례 화엄사 사사자 삼층석탑", "name": "구례 화엄사 사사자 삼층석탑", "area": 17, "province": "전남광주통합특별시", "district": "구례군" }, "geometry": { "type": "Point", "coordinates": [ 127.496527014060632, 35.25697737121363 ] } },
{ "type": "Feature", "properties": { "heritage_code": "11000037000000037", "category_code": "11", "category": "국보", "designation_no": 37, "display_name": "국보 경주 황복사지 삼층석탑", "name": "경주 황복사지 삼층석탑", "area": 17, "province": "경상북도", "district": "경주시" }, "geometry": { "type": "Point", "coordinates": [ 129.242391005133101, 35.832185718495516 ] } },
{ "type": "Feature", "properties": { "heritage_code": "11000038000000037", "category_code": "11", "category": "국보", "designation_no": 38, "display_name": "국보 경주 고선사지 삼층석탑", "name": "경주 고선사지 삼층석탑", "area": 47, "province": "경상북도", "district": "경주시" }, "geometry": { "type": "Point", "coordinates": [ 129.229057533909867, 35.828128140083038 ] } },
{ "type": "Feature", "properties": { "heritage_code": "11000039000000037", "category_code": "11", "category": "국보", "designation_no": 39, "display_name": "국보 경주 나원리 오층석탑", "name": "경주 나원리 오층석탑", "area": 30, "province": "경상북도", "district": "경주시" }, "geometry": { "type": "Point", "coordinates": [ 129.212255439354777, 35.893607755594857 ] } },
{ "type": "Feature", "properties": { "heritage_code": "11000040000000037", "category_code": "11", "category": "국보", "designation_no": 40, "display_name": "국보 경주 정혜사지 십삼층석탑", "name": "경주 정혜사지 십삼층석탑", "area": 8, "province": "경상북도", "district": "경주시" }, "geometry": { "type": "Point", "coordinates": [ 129.15766951494345, 36.01904735033532 ] } },
{ "type": "Feature", "properties": { "heritage_code": "11000041000000033", "category_code": "11", "category": "국보", "designation_no": 41, "display_name": "국보 청주 용두사지 철당간", "name": "청주 용두사지 철당간", "area": 2, "province": "충청북도", "district": "청주시" }, "geometry": { "type": "Point", "coordinates": [ 127.489754648690209, 36.633087366165221 ] } },
{ "type": "Feature", "properties": { "heritage_code": "11000044000000036", "category_code": "11", "category": "국보", "designation_no": 44, "display_name": "국보 장흥 보림사 남·북 삼층석탑 및 석등", "name": "장흥 보림사 남·북 삼층석탑 및 석등", "area": 1, "province": "전남광주통합특별시", "district": "장흥군" }, "geometry": { "type": "Point", "coordinates": [ 126.896264475771289, 34.807743503088275 ] } },
{ "type": "Feature", "properties": { "heritage_code": "11000047000000038", "category_code": "11", "category": "국보", "designation_no": 47, "display_name": "국보 하동 쌍계사 진감선사탑비", "name": "하동 쌍계사 진감선사탑비", "area": 4, "province": "경상남도", "district": "하동군" }, "geometry": { "type": "Point", "coordinates": [ 127.650504705527723, 35.232478462022762 ] } },
{ "type": "Feature", "properties": { "heritage_code": "11000048000010032", "category_code": "11", "category": "국보", "designation_no": 48, "display_name": "국보 평창 월정사 팔각 구층석탑", "name": "평창 월정사 팔각 구층석탑", "area": 12096, "province": "강원특별자치도", "district": "평창군" }, "geometry": { "type": "Point", "coordinates": [ 128.592070081831054, 37.731603807373084 ] } },
{ "type": "Feature", "properties": { "heritage_code": "11000049000000034", "category_code": "11", "category": "국보", "designation_no": 49, "display_name": "국보 예산 수덕사 대웅전", "name": "예산 수덕사 대웅전", "area": 307, "province": "충청남도", "district": "예산군" }, "geometry": { "type": "Point", "coordinates": [ 126.622672726278793, 36.663284548674895 ] } },
{ "type": "Feature", "properties": { "heritage_code": "11000050000000036", "category_code": "11", "category": "국보", "designation_no": 50, "display_name": "국보 영암 도갑사 해탈문", "name": "영암 도갑사 해탈문", "area": 98, "province": "전남광주통합특별시", "district": "영암군" }, "geometry": { "type": "Point", "coordinates": [ 126.662111686294523, 34.752754311223718 ] } },
{ "type": "Feature", "properties": { "heritage_code": "11000051000000032", "category_code": "11", "category": "국보", "designation_no": 51, "display_name": "국보 강릉 임영관 삼문", "name": "강릉 임영관 삼문", "area": 136, "province": "강원특별자치도", "district": "강릉시" }, "geometry": { "type": "Point", "coordinates": [ 128.891896913434636, 37.752941198315099 ] } },
{ "type": "Feature", "properties": { "heritage_code": "11000052000000038", "category_code": "11", "category": "국보", "designation_no": 52, "display_name": "국보 합천 해인사 장경판전", "name": "합천 해인사 장경판전", "area": 1862, "province": "경상남도", "district": "합천군" }, "geometry": { "type": "Point", "coordinates": [ 128.098720300091145, 35.801602378792133 ] } },
{ "type": "Feature", "properties": { "heritage_code": "11000053000000036", "category_code": "11", "category": "국보", "designation_no": 53, "display_name": "국보 구례 연곡사 동 승탑", "name": "구례 연곡사 동 승탑", "area": 2, "province": "전남광주통합특별시", "district": "구례군" }, "geometry": { "type": "Point", "coordinates": [ 127.58843020640515, 35.255227871585035 ] } },
{ "type": "Feature", "properties": { "heritage_code": "11000054000000036", "category_code": "11", "category": "국보", "designation_no": 54, "display_name": "국보 구례 연곡사 북 승탑", "name": "구례 연곡사 북 승탑", "area": 3, "province": "전남광주통합특별시", "district": "구례군" }, "geometry": { "type": "Point", "coordinates": [ 127.588262244393746, 35.256103344653582 ] } },
{ "type": "Feature", "properties": { "heritage_code": "11000055000000033", "category_code": "11", "category": "국보", "designation_no": 55, "display_name": "국보 보은 법주사 팔상전", "name": "보은 법주사 팔상전", "area": 192, "province": "충청북도", "district": "보은군" }, "geometry": { "type": "Point", "coordinates": [ 127.833098082724845, 36.541941710453216 ] } },
{ "type": "Feature", "properties": { "heritage_code": "11000056000000036", "category_code": "11", "category": "국보", "designation_no": 56, "display_name": "국보 순천 송광사 국사전", "name": "순천 송광사 국사전", "area": 111, "province": "전남광주통합특별시", "district": "순천시" }, "geometry": { "type": "Point", "coordinates": [ 127.276492525680951, 35.001881671499241 ] } },
{ "type": "Feature", "properties": { "heritage_code": "11000057000000036", "category_code": "11", "category": "국보", "designation_no": 57, "display_name": "국보 화순 쌍봉사 철감선사탑", "name": "화순 쌍봉사 철감선사탑", "area": 4, "province": "전남광주통합특별시", "district": "화순군" }, "geometry": { "type": "Point", "coordinates": [ 127.059222230132377, 34.888293674293919 ] } },
{ "type": "Feature", "properties": { "heritage_code": "11000059000000032", "category_code": "11", "category": "국보", "designation_no": 59, "display_name": "국보 원주 법천사지 지광국사탑비", "name": "원주 법천사지 지광국사탑비", "area": 12, "province": "강원특별자치도", "district": "원주시" }, "geometry": { "type": "Point", "coordinates": [ 127.764709296462229, 37.209619755590133 ] } },
{ "type": "Feature", "properties": { "heritage_code": "11000062000000035", "category_code": "11", "category": "국보", "designation_no": 62, "display_name": "국보 김제 금산사 미륵전", "name": "김제 금산사 미륵전", "area": 502, "province": "전북특별자치도", "district": "김제시" }, "geometry": { "type": "Point", "coordinates": [ 127.053933184269525, 35.72311152594559 ] } },
{ "type": "Feature", "properties": { "heritage_code": "11000064000000033", "category_code": "11", "category": "국보", "designation_no": 64, "display_name": "국보 보은 법주사 석련지", "name": "보은 법주사 석련지", "area": 37, "province": "충청북도", "district": "보은군" }, "geometry": { "type": "Point", "coordinates": [ 127.832483864655913, 36.541486087390936 ] } },
{ "type": "Feature", "properties": { "heritage_code": "11000067000000036", "category_code": "11", "category": "국보", "designation_no": 67, "display_name": "국보 구례 화엄사 각황전", "name": "구례 화엄사 각황전", "area": 818, "province": "전남광주통합특별시", "district": "구례군" }, "geometry": { "type": "Point", "coordinates": [ 127.497211018003767, 35.257238211547737 ] } },
{ "type": "Feature", "properties": { "heritage_code": "11000077000000037", "category_code": "11", "category": "국보", "designation_no": 77, "display_name": "국보 의성 탑리리 오층석탑", "name": "의성 탑리리 오층석탑", "area": 20, "province": "경상북도", "district": "의성군" }, "geometry": { "type": "Point", "coordinates": [ 128.683830177852201, 36.25520653459067 ] } },
{ "type": "Feature", "properties": { "heritage_code": "11000084000000034", "category_code": "11", "category": "국보", "designation_no": 84, "display_name": "국보 서산 용현리 마애여래삼존상", "name": "서산 용현리 마애여래삼존상", "area": 28, "province": "충청남도", "district": "서산시" }, "geometry": { "type": "Point", "coordinates": [ 126.605229576013244, 36.773805835317347 ] } },
{ "type": "Feature", "properties": { "heritage_code": "11000099000000011", "category_code": "11", "category": "국보", "designation_no": 99, "display_name": "국보 김천 갈항사지 동·서 삼층석탑", "name": "김천 갈항사지 동·서 삼층석탑", "area": 18, "province": "서울특별시", "district": "용산구" }, "geometry": { "type": "Point", "coordinates": [ 126.980757030004767, 37.52212910094164 ] } },
{ "type": "Feature", "properties": { "heritage_code": "11000100000000011", "category_code": "11", "category": "국보", "designation_no": 100, "display_name": "국보 개성 남계원지 칠층석탑", "name": "개성 남계원지 칠층석탑", "area": 11, "province": "서울특별시", "district": "용산구" }, "geometry": { "type": "Point", "coordinates": [ 126.980984368113155, 37.522300290965518 ] } },
{ "type": "Feature", "properties": { "heritage_code": "11000101000000025", "category_code": "11", "category": "국보", "designation_no": 101, "display_name": null, "name": null, "area": 14, "province": "대전광역시", "district": "유성구" }, "geometry": { "type": "Point", "coordinates": [ 126.97539307144919, 37.577146999443073 ] } },
{ "type": "Feature", "properties": { "heritage_code": "11000104000000011", "category_code": "11", "category": "국보", "designation_no": 104, "display_name": "국보 전 원주 흥법사지 염거화상탑", "name": "전 원주 흥법사지 염거화상탑", "area": 1, "province": "서울특별시", "district": "용산구" }, "geometry": { "type": "Point", "coordinates": [ 126.980619356019602, 37.523513711037566 ] } },
{ "type": "Feature", "properties": { "heritage_code": "11000109000000022", "category_code": "11", "category": "국보", "designation_no": 109, "display_name": "국보 군위 아미타여래삼존 석굴", "name": "군위 아미타여래삼존 석굴", "area": 5, "province": "대구광역시", "district": "군위군" }, "geometry": { "type": "Point", "coordinates": [ 128.641104213920329, 36.048994690425289 ] } },
{ "type": "Feature", "properties": { "heritage_code": "11000112000000037", "category_code": "11", "category": "국보", "designation_no": 112, "display_name": "국보 경주 감은사지 동·서 삼층석탑", "name": "경주 감은사지 동·서 삼층석탑", "area": 118, "province": "경상북도", "district": "경주시" }, "geometry": { "type": "Point", "coordinates": [ 129.477006979333055, 35.748139912319601 ] } },
{ "type": "Feature", "properties": { "heritage_code": "11000122000000032", "category_code": "11", "category": "국보", "designation_no": 122, "display_name": "국보 양양 진전사지 삼층석탑", "name": "양양 진전사지 삼층석탑", "area": 9, "province": "강원특별자치도", "district": "양양군" }, "geometry": { "type": "Point", "coordinates": [ 128.54970669000042, 38.121109827599341 ] } },
{ "type": "Feature", "properties": { "heritage_code": "11000130000000037", "category_code": "11", "category": "국보", "designation_no": 130, "display_name": "국보 구미 죽장리 오층석탑", "name": "구미 죽장리 오층석탑", "area": 50, "province": "경상북도", "district": "구미시" }, "geometry": { "type": "Point", "coordinates": [ 128.281699692974286, 36.24855799326523 ] } },
{ "type": "Feature", "properties": { "heritage_code": "11000144000000036", "category_code": "11", "category": "국보", "designation_no": 144, "display_name": "국보 영암 월출산 마애여래좌상", "name": "영암 월출산 마애여래좌상", "area": 34, "province": "전남광주통합특별시", "district": "영암군" }, "geometry": { "type": "Point", "coordinates": [ 126.69050240003692, 34.763859462137098 ] } },
{ "type": "Feature", "properties": { "heritage_code": "11000147000000026", "category_code": "11", "category": "국보", "designation_no": 147, "display_name": "국보 울주 천전리 명문과 암각화", "name": "울주 천전리 명문과 암각화", "area": 140, "province": "울산광역시", "district": "울주군" }, "geometry": { "type": "Point", "coordinates": [ 129.175090963127843, 35.61434638820031 ] } },
{ "type": "Feature", "properties": { "heritage_code": "11000187000000037", "category_code": "11", "category": "국보", "designation_no": 187, "display_name": "국보 영양 산해리 오층모전석탑", "name": "영양 산해리 오층모전석탑", "area": 46, "province": "경상북도", "district": "영양군" }, "geometry": { "type": "Point", "coordinates": [ 129.069496721185715, 36.584862573970561 ] } },
{ "type": "Feature", "properties": { "heritage_code": "11000197000000033", "category_code": "11", "category": "국보", "designation_no": 197, "display_name": "국보 충주 청룡사지 보각국사탑", "name": "충주 청룡사지 보각국사탑", "area": 2, "province": "충청북도", "district": "충주시" }, "geometry": { "type": "Point", "coordinates": [ 127.838116122621244, 37.130875591759271 ] } },
{ "type": "Feature", "properties": { "heritage_code": "11000198000000033", "category_code": "11", "category": "국보", "designation_no": 198, "display_name": "국보 단양 신라 적성비", "name": "단양 신라 적성비", "area": 1, "province": "충청북도", "district": "단양군" }, "geometry": { "type": "Point", "coordinates": [ 128.321025920588738, 36.944434452418669 ] } },
{ "type": "Feature", "properties": { "heritage_code": "11000199000000037", "category_code": "11", "category": "국보", "designation_no": 199, "display_name": "국보 경주 단석산 신선사 마애불상군", "name": "경주 단석산 신선사 마애불상군", "area": 124, "province": "경상북도", "district": "경주시" }, "geometry": { "type": "Point", "coordinates": [ 129.081942767651583, 35.796818019736456 ] } },
{ "type": "Feature", "properties": { "heritage_code": "11000201000000037", "category_code": "11", "category": "국보", "designation_no": 201, "display_name": "국보 봉화 북지리 마애여래좌상", "name": "봉화 북지리 마애여래좌상", "area": 4, "province": "경상북도", "district": "봉화군" }, "geometry": { "type": "Point", "coordinates": [ 128.736910477051225, 36.931284178959288 ] } },
{ "type": "Feature", "properties": { "heritage_code": "11000205000000033", "category_code": "11", "category": "국보", "designation_no": 205, "display_name": "국보 충주 고구려비", "name": "충주 고구려비", "area": 1, "province": "충청북도", "district": "충주시" }, "geometry": { "type": "Point", "coordinates": [ 127.848500056674823, 37.028086836382307 ] } },
{ "type": "Feature", "properties": { "heritage_code": "11000223000000011", "category_code": "11", "category": "국보", "designation_no": 223, "display_name": "국보 경복궁 근정전", "name": "경복궁 근정전", "area": 3053, "province": "서울특별시", "district": "종로구" }, "geometry": { "type": "Point", "coordinates": [ 126.976983677880241, 37.57849330004386 ] } },
{ "type": "Feature", "properties": { "heritage_code": "11000224000000011", "category_code": "11", "category": "국보", "designation_no": 224, "display_name": "국보 경복궁 경회루", "name": "경복궁 경회루", "area": 1482, "province": "서울특별시", "district": "종로구" }, "geometry": { "type": "Point", "coordinates": [ 126.975987690796075, 37.579749904174847 ] } },
{ "type": "Feature", "properties": { "heritage_code": "11000225000000011", "category_code": "11", "category": "국보", "designation_no": 225, "display_name": "국보 창덕궁 인정전", "name": "창덕궁 인정전", "area": 1522, "province": "서울특별시", "district": "종로구" }, "geometry": { "type": "Point", "coordinates": [ 126.99110000861306, 37.579379473828169 ] } },
{ "type": "Feature", "properties": { "heritage_code": "11000226000000011", "category_code": "11", "category": "국보", "designation_no": 226, "display_name": "국보 창경궁 명정전", "name": "창경궁 명정전", "area": 789, "province": "서울특별시", "district": "종로구" }, "geometry": { "type": "Point", "coordinates": [ 126.994948126136507, 37.5787582617452 ] } },
{ "type": "Feature", "properties": { "heritage_code": "11000227000000011", "category_code": "11", "category": "국보", "designation_no": 227, "display_name": "국보 종묘 정전", "name": "종묘 정전", "area": 2421, "province": "서울특별시", "district": "종로구" }, "geometry": { "type": "Point", "coordinates": [ 126.993964895223357, 37.574899587123014 ] } },
{ "type": "Feature", "properties": { "heritage_code": "11000233000010038", "category_code": "11", "category": "국보", "designation_no": 233, "display_name": "국보 산청 석남암사지 석조비로자나불좌상", "name": "산청 석남암사지 석조비로자나불좌상", "area": 941, "province": "경상남도", "district": "산청군" }, "geometry": { "type": "Point", "coordinates": [ 127.810030229352122, 35.3002724380571 ] } },
{ "type": "Feature", "properties": { "heritage_code": "11000236000000037", "category_code": "11", "category": "국보", "designation_no": 236, "display_name": "국보 경주 장항리 서 오층석탑", "name": "경주 장항리 서 오층석탑", "area": 23, "province": "경상북도", "district": "경주시" }, "geometry": { "type": "Point", "coordinates": [ 129.372992687773348, 35.774866067710185 ] } },
{ "type": "Feature", "properties": { "heritage_code": "11000264000000037", "category_code": "11", "category": "국보", "designation_no": 264, "display_name": "국보 포항 냉수리 신라비", "name": "포항 냉수리 신라비", "area": 444, "province": "경상북도", "district": "포항시" }, "geometry": { "type": "Point", "coordinates": [ 129.26306375229106, 36.129873248780989 ] } },
{ "type": "Feature", "properties": { "heritage_code": "11000285000000026", "category_code": "11", "category": "국보", "designation_no": 285, "display_name": "국보 울주 대곡리 반구대 암각화", "name": "울주 대곡리 반구대 암각화", "area": 427, "province": "울산광역시", "district": "울주군" }, "geometry": { "type": "Point", "coordinates": [ 129.177842844766417, 35.603815133352207 ] } },
{ "type": "Feature", "properties": { "heritage_code": "11000289000000035", "category_code": "11", "category": "국보", "designation_no": 289, "display_name": "국보 익산 왕궁리 오층석탑", "name": "익산 왕궁리 오층석탑", "area": 24, "province": "전북특별자치도", "district": "익산시" }, "geometry": { "type": "Point", "coordinates": [ 127.054583714475029, 35.973125312152654 ] } },
{ "type": "Feature", "properties": { "heritage_code": "11000290000000038", "category_code": "11", "category": "국보", "designation_no": 290, "display_name": "국보 양산 통도사 대웅전 및 금강계단", "name": "양산 통도사 대웅전 및 금강계단", "area": 782, "province": "경상남도", "district": "양산시" }, "geometry": { "type": "Point", "coordinates": [ 129.063712922387936, 35.488044168318311 ] } },
{ "type": "Feature", "properties": { "heritage_code": "11000304000000036", "category_code": "11", "category": "국보", "designation_no": 304, "display_name": "국보 여수 진남관", "name": "여수 진남관", "area": 1360, "province": "전남광주통합특별시", "district": "여수시" }, "geometry": { "type": "Point", "coordinates": [ 127.736594309190338, 34.742001124088404 ] } },
{ "type": "Feature", "properties": { "heritage_code": "11000305000000038", "category_code": "11", "category": "국보", "designation_no": 305, "display_name": "국보 통영 세병관", "name": "통영 세병관", "area": 927, "province": "경상남도", "district": "통영시" }, "geometry": { "type": "Point", "coordinates": [ 128.423094998737639, 34.847749952236988 ] } },
{ "type": "Feature", "properties": { "heritage_code": "11000307000000034", "category_code": "11", "category": "국보", "designation_no": 307, "display_name": "국보 태안 동문리 마애삼존불입상", "name": "태안 동문리 마애삼존불입상", "area": 30, "province": "충청남도", "district": "태안군" }, "geometry": { "type": "Point", "coordinates": [ 126.298992185921833, 36.767084740192892 ] } },
{ "type": "Feature", "properties": { "heritage_code": "11000308000000036", "category_code": "11", "category": "국보", "designation_no": 308, "display_name": "국보 해남 대흥사 북미륵암 마애여래좌상", "name": "해남 대흥사 북미륵암 마애여래좌상", "area": 80, "province": "전남광주통합특별시", "district": "해남군" }, "geometry": { "type": "Point", "coordinates": [ 126.631143109891298, 34.474833610185364 ] } },
{ "type": "Feature", "properties": { "heritage_code": "11000311000000037", "category_code": "11", "category": "국보", "designation_no": 311, "display_name": "국보 안동 봉정사 대웅전", "name": "안동 봉정사 대웅전", "area": 289, "province": "경상북도", "district": "안동시" }, "geometry": { "type": "Point", "coordinates": [ 128.662676014702811, 36.653441755274777 ] } },
{ "type": "Feature", "properties": { "heritage_code": "11000312000000037", "category_code": "11", "category": "국보", "designation_no": 312, "display_name": "국보 경주 남산 칠불암 마애불상군", "name": "경주 남산 칠불암 마애불상군", "area": 20, "province": "경상북도", "district": "경주시" }, "geometry": { "type": "Point", "coordinates": [ 129.235351103533446, 35.771455912999343 ] } },
{ "type": "Feature", "properties": { "heritage_code": "11000315000000037", "category_code": "11", "category": "국보", "designation_no": 315, "display_name": "국보 문경 봉암사 지증대사탑비", "name": "문경 봉암사 지증대사탑비", "area": 7, "province": "경상북도", "district": "문경시" }, "geometry": { "type": "Point", "coordinates": [ 128.005421632425936, 36.700628438695794 ] } },
{ "type": "Feature", "properties": { "heritage_code": "11000316000000035", "category_code": "11", "category": "국보", "designation_no": 316, "display_name": "국보 완주 화암사 극락전", "name": "완주 화암사 극락전", "area": 152, "province": "전북특별자치도", "district": "완주군" }, "geometry": { "type": "Point", "coordinates": [ 127.287158566049357, 36.06641743897368 ] } },
{ "type": "Feature", "properties": { "heritage_code": "11000323000000034", "category_code": "11", "category": "국보", "designation_no": 323, "display_name": "국보 논산 관촉사 석조미륵보살입상", "name": "논산 관촉사 석조미륵보살입상", "area": 40, "province": "충청남도", "district": "논산시" }, "geometry": { "type": "Point", "coordinates": [ 127.112734768118742, 36.188263869351317 ] } },
{ "type": "Feature", "properties": { "heritage_code": "11000328000000037", "category_code": "11", "category": "국보", "designation_no": 328, "display_name": "국보 예천 용문사 대장전과 윤장대", "name": "예천 용문사 대장전과 윤장대", "area": 14196, "province": "경상북도", "district": "예천군" }, "geometry": { "type": "Point", "coordinates": [ 128.369685778572574, 36.731498675254024 ] } },
{ "type": "Feature", "properties": { "heritage_code": "11000332000000032", "category_code": "11", "category": "국보", "designation_no": 332, "display_name": "국보 정선 정암사 수마노탑", "name": "정선 정암사 수마노탑", "area": 9, "province": "강원특별자치도", "district": "정선군" }, "geometry": { "type": "Point", "coordinates": [ 128.893162091149122, 37.182291318555038 ] } },
{ "type": "Feature", "properties": { "heritage_code": "11000343000000032", "category_code": "11", "category": "국보", "designation_no": 343, "display_name": "국보 삼척 죽서루", "name": "삼척 죽서루", "area": 0, "province": "강원특별자치도", "district": "삼척시" }, "geometry": { "type": "Point", "coordinates": [ 129.160545583942962, 37.440882912400014 ] } },
{ "type": "Feature", "properties": { "heritage_code": "11000344000000038", "category_code": "11", "category": "국보", "designation_no": 344, "display_name": "국보 밀양 영남루", "name": "밀양 영남루", "area": 694, "province": "경상남도", "district": "밀양시" }, "geometry": { "type": "Point", "coordinates": [ 128.755108189419474, 35.491531070261942 ] } },
{ "type": "Feature", "properties": { "heritage_code": "11000348000000034", "category_code": "11", "category": "국보", "designation_no": 348, "display_name": "국보 공주 마곡사 오층석탑", "name": "공주 마곡사 오층석탑", "area": 5, "province": "충청남도", "district": "공주시" }, "geometry": { "type": "Point", "coordinates": [ 127.012103255949143, 36.559044864568435 ] } },
{ "type": "Feature", "properties": { "heritage_code": "11000349000000036", "category_code": "11", "category": "국보", "designation_no": 349, "display_name": "국보 곡성 태안사 적인선사탑", "name": "곡성 태안사 적인선사탑", "area": 3, "province": "전남광주통합특별시", "district": "곡성군" }, "geometry": { "type": "Point", "coordinates": [ 127.388158688991155, 35.131943088313442 ] } },
{ "type": "Feature", "properties": { "heritage_code": "11000351000000037", "category_code": "11", "category": "국보", "designation_no": 351, "display_name": "국보 영천 청제비", "name": "영천 청제비", "area": 10, "province": "경상북도", "district": "영천시" }, "geometry": { "type": "Point", "coordinates": [ 128.940976339498661, 35.92516013249827 ] } },
{ "type": "Feature", "properties": { "heritage_code": "11000352000000034", "category_code": "11", "category": "국보", "designation_no": 352, "display_name": "국보 서산 보원사지 오층석탑", "name": "서산 보원사지 오층석탑", "area": 13, "province": "충청남도", "district": "서산시" }, "geometry": { "type": "Point", "coordinates": [ 126.601376116462561, 36.761534042326019 ] } },
{ "type": "Feature", "properties": { "heritage_code": "11000353000000037", "category_code": "11", "category": "국보", "designation_no": 353, "display_name": "국보 예천 개심사지 오층석탑", "name": "예천 개심사지 오층석탑", "area": 6, "province": "경상북도", "district": "예천군" }, "geometry": { "type": "Point", "coordinates": [ 128.454774422337607, 36.652004303582714 ] } },
{ "type": "Feature", "properties": { "heritage_code": "11000355000000035", "category_code": "11", "category": "국보", "designation_no": 355, "display_name": "국보 남원 광한루", "name": "남원 광한루", "area": 488, "province": "전북특별자치도", "district": "남원시" }, "geometry": { "type": "Point", "coordinates": [ 127.379771273587139, 35.403954662953666 ] } },
{ "type": "Feature", "properties": { "heritage_code": "12000001000000011", "category_code": "12", "category": "보물", "designation_no": 1, "display_name": "보물 서울 흥인지문", "name": "서울 흥인지문", "area": 1133, "province": "서울특별시", "district": "종로구" }, "geometry": { "type": "Point", "coordinates": [ 127.009658622204498, 37.57113097692001 ] } },
{ "type": "Feature", "properties": { "heritage_code": "12000003000000011", "category_code": "12", "category": "보물", "designation_no": 3, "display_name": "보물 서울 원각사지 대원각사비", "name": "서울 원각사지 대원각사비", "area": 8, "province": "서울특별시", "district": "종로구" }, "geometry": { "type": "Point", "coordinates": [ 126.988634645148096, 37.571069399497013 ] } },
{ "type": "Feature", "properties": { "heritage_code": "12000004000000031", "category_code": "12", "category": "보물", "designation_no": 4, "display_name": "보물 안양 중초사지 당간지주", "name": "안양 중초사지 당간지주", "area": 5, "province": "경기도", "district": "안양시" }, "geometry": { "type": "Point", "coordinates": [ 126.917722494379134, 37.417899270442284 ] } },
{ "type": "Feature", "properties": { "heritage_code": "12000006000000031", "category_code": "12", "category": "보물", "designation_no": 6, "display_name": "보물 여주 고달사지 원종대사탑비", "name": "여주 고달사지 원종대사탑비", "area": 9, "province": "경기도", "district": "여주시" }, "geometry": { "type": "Point", "coordinates": [ 127.653907947180357, 37.392791494421168 ] } },
{ "type": "Feature", "properties": { "heritage_code": "12000007000000031", "category_code": "12", "category": "보물", "designation_no": 7, "display_name": "보물 여주 고달사지 원종대사탑", "name": "여주 고달사지 원종대사탑", "area": 7, "province": "경기도", "district": "여주시" }, "geometry": { "type": "Point", "coordinates": [ 127.653058838789264, 37.394300789057873 ] } },
{ "type": "Feature", "properties": { "heritage_code": "12000008000000031", "category_code": "12", "category": "보물", "designation_no": 8, "display_name": "보물 여주 고달사지 석조대좌", "name": "여주 고달사지 석조대좌", "area": 7, "province": "경기도", "district": "여주시" }, "geometry": { "type": "Point", "coordinates": [ 127.654336061579301, 37.392892177763223 ] } },
{ "type": "Feature", "properties": { "heritage_code": "12000009000000031", "category_code": "12", "category": "보물", "designation_no": 9, "display_name": "보물 용인 서봉사지 현오국사탑비", "name": "용인 서봉사지 현오국사탑비", "area": 1, "province": "경기도", "district": "용인시" }, "geometry": { "type": "Point", "coordinates": [ 127.038757664452007, 37.337785520618638 ] } },
{ "type": "Feature", "properties": { "heritage_code": "12000010000000023", "category_code": "12", "category": "보물", "designation_no": 10, "display_name": "보물 강화 장정리 오층석탑", "name": "강화 장정리 오층석탑", "area": 3, "province": "인천광역시", "district": "강화군" }, "geometry": { "type": "Point", "coordinates": [ 126.420042864761783, 37.78002086143924 ] } },
{ "type": "Feature", "properties": { "heritage_code": "12000012000000031", "category_code": "12", "category": "보물", "designation_no": 12, "display_name": "보물 하남 동사지 오층석탑", "name": "하남 동사지 오층석탑", "area": 13, "province": "경기도", "district": "하남시" }, "geometry": { "type": "Point", "coordinates": [ 127.185863542521872, 37.516859634694789 ] } },
{ "type": "Feature", "properties": { "heritage_code": "12000013000000031", "category_code": "12", "category": "보물", "designation_no": 13, "display_name": "보물 하남 동사지 삼층석탑", "name": "하남 동사지 삼층석탑", "area": 6, "province": "경기도", "district": "하남시" }, "geometry": { "type": "Point", "coordinates": [ 127.185912868769222, 37.516943525036673 ] } },
{ "type": "Feature", "properties": { "heritage_code": "12000014000000031", "category_code": "12", "category": "보물", "designation_no": 14, "display_name": "보물 수원 창성사지 진각국사탑비", "name": "수원 창성사지 진각국사탑비", "area": 1, "province": "경기도", "district": "수원시" }, "geometry": { "type": "Point", "coordinates": [ 127.018724549967956, 37.286847697238038 ] } },
{ "type": "Feature", "properties": { "heritage_code": "12000015000000033", "category_code": "12", "category": "보물", "designation_no": 15, "display_name": "보물 보은 법주사 사천왕 석등", "name": "보은 법주사 사천왕 석등", "area": 6, "province": "충청북도", "district": "보은군" }, "geometry": { "type": "Point", "coordinates": [ 127.833394479264101, 36.542501580295578 ] } },
{ "type": "Feature", "properties": { "heritage_code": "12000016000000033", "category_code": "12", "category": "보물", "designation_no": 16, "display_name": "보물 충주 억정사지 대지국사탑비", "name": "충주 억정사지 대지국사탑비", "area": 7, "province": "충청북도", "district": "충주시" }, "geometry": { "type": "Point", "coordinates": [ 127.927344714459593, 37.103573530538334 ] } },
{ "type": "Feature", "properties": { "heritage_code": "12000017000000033", "category_code": "12", "category": "보물", "designation_no": 17, "display_name": "보물 충주 정토사지 법경대사탑비", "name": "충주 정토사지 법경대사탑비", "area": 6, "province": "충청북도", "district": "충주시" }, "geometry": { "type": "Point", "coordinates": [ 128.04703247866658, 37.030621891752098 ] } },
{ "type": "Feature", "properties": { "heritage_code": "12000018000000034", "category_code": "12", "category": "보물", "designation_no": 18, "display_name": "보물 청양 서정리 구층석탑", "name": "청양 서정리 구층석탑", "area": 8, "province": "충청남도", "district": "청양군" }, "geometry": { "type": "Point", "coordinates": [ 126.953050520418557, 36.410707227135525 ] } },
{ "type": "Feature", "properties": { "heritage_code": "12000019000000034", "category_code": "12", "category": "보물", "designation_no": 19, "display_name": "보물 보령 성주사지 오층석탑", "name": "보령 성주사지 오층석탑", "area": 8, "province": "충청남도", "district": "보령시" }, "geometry": { "type": "Point", "coordinates": [ 126.656298342483169, 36.344390966863905 ] } },
{ "type": "Feature", "properties": { "heritage_code": "12000020000000034", "category_code": "12", "category": "보물", "designation_no": 20, "display_name": "보물 보령 성주사지 중앙 삼층석탑", "name": "보령 성주사지 중앙 삼층석탑", "area": 8, "province": "충청남도", "district": "보령시" }, "geometry": { "type": "Point", "coordinates": [ 126.656036092539523, 36.344636059690828 ] } },
{ "type": "Feature", "properties": { "heritage_code": "12000021000000034", "category_code": "12", "category": "보물", "designation_no": 21, "display_name": "보물 부여 당 유인원 기공비", "name": "부여 당 유인원 기공비", "area": 2, "province": "충청남도", "district": "부여군" }, "geometry": { "type": "Point", "coordinates": [ 126.91766984440217, 36.276357324467845 ] } },
{ "type": "Feature", "properties": { "heritage_code": "12000022000000035", "category_code": "12", "category": "보물", "designation_no": 22, "display_name": "보물 김제 금산사 노주", "name": "김제 금산사 노주", "area": 2, "province": "전북특별자치도", "district": "김제시" }, "geometry": { "type": "Point", "coordinates": [ 127.053183321227266, 35.72345081096897 ] } },
{ "type": "Feature", "properties": { "heritage_code": "12000023000000035", "category_code": "12", "category": "보물", "designation_no": 23, "display_name": "보물 김제 금산사 석련대", "name": "김제 금산사 석련대", "area": 8, "province": "전북특별자치도", "district": "김제시" }, "geometry": { "type": "Point", "coordinates": [ 127.053554106480249, 35.723342899449769 ] } },
{ "type": "Feature", "properties": { "heritage_code": "12000024000000035", "category_code": "12", "category": "보물", "designation_no": 24, "display_name": "보물 김제 금산사 혜덕왕사탑비", "name": "김제 금산사 혜덕왕사탑비", "area": 10, "province": "전북특별자치도", "district": "김제시" }, "geometry": { "type": "Point", "coordinates": [ 127.056328073876514, 35.724150771130752 ] } },
{ "type": "Feature", "properties": { "heritage_code": "12000025000000035", "category_code": "12", "category": "보물", "designation_no": 25, "display_name": "보물 김제 금산사 오층석탑", "name": "김제 금산사 오층석탑", "area": 14, "province": "전북특별자치도", "district": "김제시" }, "geometry": { "type": "Point", "coordinates": [ 127.053868473384682, 35.723437048866501 ] } },
{ "type": "Feature", "properties": { "heritage_code": "12000026000000035", "category_code": "12", "category": "보물", "designation_no": 26, "display_name": "보물 김제 금산사 금강계단", "name": "김제 금산사 금강계단", "area": 1563, "province": "전북특별자치도", "district": "김제시" }, "geometry": { "type": "Point", "coordinates": [ 127.053920970463508, 35.723463655455426 ] } },
{ "type": "Feature", "properties": { "heritage_code": "12000027000000035", "category_code": "12", "category": "보물", "designation_no": 27, "display_name": "보물 김제 금산사 육각 다층석탑", "name": "김제 금산사 육각 다층석탑", "area": 2, "province": "전북특별자치도", "district": "김제시" }, "geometry": { "type": "Point", "coordinates": [ 127.053473134113133, 35.723268440457133 ] } },
{ "type": "Feature", "properties": { "heritage_code": "12000028000000035", "category_code": "12", "category": "보물", "designation_no": 28, "display_name": "보물 김제 금산사 당간지주", "name": "김제 금산사 당간지주", "area": 14, "province": "전북특별자치도", "district": "김제시" }, "geometry": { "type": "Point", "coordinates": [ 127.053056901582408, 35.722114654752971 ] } },
{ "type": "Feature", "properties": { "heritage_code": "12000029000000035", "category_code": "12", "category": "보물", "designation_no": 29, "display_name": "보물 김제 금산사 심원암 삼층석탑", "name": "김제 금산사 심원암 삼층석탑", "area": 4, "province": "전북특별자치도", "district": "김제시" }, "geometry": { "type": "Point", "coordinates": [ 127.0681789547737, 35.729344965799314 ] } },
{ "type": "Feature", "properties": { "heritage_code": "12000030000000035", "category_code": "12", "category": "보물", "designation_no": 30, "display_name": "보물 남원 만복사지 오층석탑", "name": "남원 만복사지 오층석탑", "area": 11, "province": "전북특별자치도", "district": "남원시" }, "geometry": { "type": "Point", "coordinates": [ 127.367797149282396, 35.40701890260835 ] } },
{ "type": "Feature", "properties": { "heritage_code": "12000031000000035", "category_code": "12", "category": "보물", "designation_no": 31, "display_name": "보물 남원 만복사지 석조대좌", "name": "남원 만복사지 석조대좌", "area": 4, "province": "전북특별자치도", "district": "남원시" }, "geometry": { "type": "Point", "coordinates": [ 127.367292969082897, 35.406687768561291 ] } },
{ "type": "Feature", "properties": { "heritage_code": "12000032000000035", "category_code": "12", "category": "보물", "designation_no": 32, "display_name": "보물 남원 만복사지 당간지주", "name": "남원 만복사지 당간지주", "area": 1, "province": "전북특별자치도", "district": "남원시" }, "geometry": { "type": "Point", "coordinates": [ 127.367677127273524, 35.406312823353112 ] } },
{ "type": "Feature", "properties": { "heritage_code": "12000033000000035", "category_code": "12", "category": "보물", "designation_no": 33, "display_name": "보물 남원 실상사 수철화상탑", "name": "남원 실상사 수철화상탑", "area": 2, "province": "전북특별자치도", "district": "남원시" }, "geometry": { "type": "Point", "coordinates": [ 127.634406194833247, 35.415863127159923 ] } },
{ "type": "Feature", "properties": { "heritage_code": "12000034000000035", "category_code": "12", "category": "보물", "designation_no": 34, "display_name": "보물 남원 실상사 수철화상탑비", "name": "남원 실상사 수철화상탑비", "area": 2, "province": "전북특별자치도", "district": "남원시" }, "geometry": { "type": "Point", "coordinates": [ 127.634416593750586, 35.416089974316847 ] } },
{ "type": "Feature", "properties": { "heritage_code": "12000035000000035", "category_code": "12", "category": "보물", "designation_no": 35, "display_name": "보물 남원 실상사 석등", "name": "남원 실상사 석등", "area": 3, "province": "전북특별자치도", "district": "남원시" }, "geometry": { "type": "Point", "coordinates": [ 127.635147847885364, 35.416804882475077 ] } },
{ "type": "Feature", "properties": { "heritage_code": "12000036000000035", "category_code": "12", "category": "보물", "designation_no": 36, "display_name": "보물 남원 실상사 승탑", "name": "남원 실상사 승탑", "area": 3, "province": "전북특별자치도", "district": "남원시" }, "geometry": { "type": "Point", "coordinates": [ 127.633485421757342, 35.417034246441702 ] } },
{ "type": "Feature", "properties": { "heritage_code": "12000037000000035", "category_code": "12", "category": "보물", "designation_no": 37, "display_name": "보물 남원 실상사 동·서 삼층석탑", "name": "남원 실상사 동·서 삼층석탑", "area": 18, "province": "전북특별자치도", "district": "남원시" }, "geometry": { "type": "Point", "coordinates": [ 127.635233436021508, 35.416742714714957 ] } },
{ "type": "Feature", "properties": { "heritage_code": "12000038000000035", "category_code": "12", "category": "보물", "designation_no": 38, "display_name": "보물 남원 실상사 증각대사탑", "name": "남원 실상사 증각대사탑", "area": 2, "province": "전북특별자치도", "district": "남원시" }, "geometry": { "type": "Point", "coordinates": [ 127.634325764645908, 35.415627408753089 ] } },
{ "type": "Feature", "properties": { "heritage_code": "12000039000000035", "category_code": "12", "category": "보물", "designation_no": 39, "display_name": "보물 남원 실상사 증각대사탑비", "name": "남원 실상사 증각대사탑비", "area": 3, "province": "전북특별자치도", "district": "남원시" }, "geometry": { "type": "Point", "coordinates": [ 127.634625689081716, 35.415784174776732 ] } },
{ "type": "Feature", "properties": { "heritage_code": "12000040000000035", "category_code": "12", "category": "보물", "designation_no": 40, "display_name": "보물 남원 실상사 백장암 석등", "name": "남원 실상사 백장암 석등", "area": 1, "province": "전북특별자치도", "district": "남원시" }, "geometry": { "type": "Point", "coordinates": [ 127.619954931253559, 35.44256074479047 ] } },
{ "type": "Feature", "properties": { "heritage_code": "12000042000000035", "category_code": "12", "category": "보물", "designation_no": 42, "display_name": "보물 남원 용담사지 석조여래입상", "name": "남원 용담사지 석조여래입상", "area": 6, "province": "전북특별자치도", "district": "남원시" }, "geometry": { "type": "Point", "coordinates": [ 127.41262685794355, 35.410390213881414 ] } },
{ "type": "Feature", "properties": { "heritage_code": "12000043000000035", "category_code": "12", "category": "보물", "designation_no": 43, "display_name": "보물 남원 만복사지 석조여래입상", "name": "남원 만복사지 석조여래입상", "area": 126, "province": "전북특별자치도", "district": "남원시" }, "geometry": { "type": "Point", "coordinates": [ 127.367752293722191, 35.407180506324465 ] } },
{ "type": "Feature", "properties": { "heritage_code": "12000045000000035", "category_code": "12", "category": "보물", "designation_no": 45, "display_name": "보물 익산 연동리 석조여래좌상", "name": "익산 연동리 석조여래좌상", "area": 6, "province": "전북특별자치도", "district": "익산시" }, "geometry": { "type": "Point", "coordinates": [ 127.00761120725933, 36.029881496708434 ] } },
{ "type": "Feature", "properties": { "heritage_code": "12000046000000035", "category_code": "12", "category": "보물", "designation_no": 46, "display_name": "보물 익산 고도리 석조여래입상", "name": "익산 고도리 석조여래입상", "area": 1, "province": "전북특별자치도", "district": "익산시" }, "geometry": { "type": "Point", "coordinates": [ 127.050791145279248, 35.979418575236728 ] } },
{ "type": "Feature", "properties": { "heritage_code": "12000047000000034", "category_code": "12", "category": "보물", "designation_no": 47, "display_name": "보물 보령 성주사지 서 삼층석탑", "name": "보령 성주사지 서 삼층석탑", "area": 7, "province": "충청남도", "district": "보령시" }, "geometry": { "type": "Point", "coordinates": [ 126.655938134385949, 36.344568517469462 ] } },
{ "type": "Feature", "properties": { "heritage_code": "12000049000000036", "category_code": "12", "category": "보물", "designation_no": 49, "display_name": "보물 나주 동점문 밖 석당간", "name": "나주 동점문 밖 석당간", "area": 4, "province": "전남광주통합특별시", "district": "나주시" }, "geometry": { "type": "Point", "coordinates": [ 126.722738553288806, 35.036914753421868 ] } },
{ "type": "Feature", "properties": { "heritage_code": "12000050000000036", "category_code": "12", "category": "보물", "designation_no": 50, "display_name": "보물 나주 북망문 밖 삼층석탑", "name": "나주 북망문 밖 삼층석탑", "area": 2, "province": "전남광주통합특별시", "district": "나주시" }, "geometry": { "type": "Point", "coordinates": [ 126.712242374639175, 35.039511740720727 ] } },
{ "type": "Feature", "properties": { "heritage_code": "12000051000000037", "category_code": "12", "category": "보물", "designation_no": 51, "display_name": "보물 문경 내화리 삼층석탑", "name": "문경 내화리 삼층석탑", "area": 16, "province": "경상북도", "district": "문경시" }, "geometry": { "type": "Point", "coordinates": [ 128.29492606235317, 36.692699111307419 ] } },
{ "type": "Feature", "properties": { "heritage_code": "12000052000000037", "category_code": "12", "category": "보물", "designation_no": 52, "display_name": "보물 봉화 서동리 동·서 삼층석탑", "name": "봉화 서동리 동·서 삼층석탑", "area": 15, "province": "경상북도", "district": "봉화군" }, "geometry": { "type": "Point", "coordinates": [ 128.914910450716718, 36.947290521172178 ] } },
{ "type": "Feature", "properties": { "heritage_code": "12000054000000037", "category_code": "12", "category": "보물", "designation_no": 54, "display_name": "보물 고령 지산리 당간지주", "name": "고령 지산리 당간지주", "area": 1, "province": "경상북도", "district": "고령군" }, "geometry": { "type": "Point", "coordinates": [ 128.265527219705291, 35.727209039800115 ] } },
{ "type": "Feature", "properties": { "heritage_code": "12000056000000037", "category_code": "12", "category": "보물", "designation_no": 56, "display_name": "보물 안동 운흥동 오층전탑", "name": "안동 운흥동 오층전탑", "area": 13, "province": "경상북도", "district": "안동시" }, "geometry": { "type": "Point", "coordinates": [ 128.731387122263328, 36.562548612608964 ] } },
{ "type": "Feature", "properties": { "heritage_code": "12000057000000037", "category_code": "12", "category": "보물", "designation_no": 57, "display_name": "보물 안동 조탑리 오층전탑", "name": "안동 조탑리 오층전탑", "area": 7, "province": "경상북도", "district": "안동시" }, "geometry": { "type": "Point", "coordinates": [ 128.635399734616129, 36.48204396891709 ] } },
{ "type": "Feature", "properties": { "heritage_code": "12000058000000037", "category_code": "12", "category": "보물", "designation_no": 58, "display_name": "보물 안동 안기동 석조여래좌상", "name": "안동 안기동 석조여래좌상", "area": 1, "province": "경상북도", "district": "안동시" }, "geometry": { "type": "Point", "coordinates": [ 128.717782277905627, 36.572288801046597 ] } },
{ "type": "Feature", "properties": { "heritage_code": "12000059000000037", "category_code": "12", "category": "보물", "designation_no": 59, "display_name": "보물 영주 숙수사지 당간지주", "name": "영주 숙수사지 당간지주", "area": 0, "province": "경상북도", "district": "영주시" }, "geometry": { "type": "Point", "coordinates": [ 128.579600953573078, 36.924222587271302 ] } },
{ "type": "Feature", "properties": { "heritage_code": "12000060000000037", "category_code": "12", "category": "보물", "designation_no": 60, "display_name": "보물 영주 영주동 석조여래입상", "name": "영주 영주동 석조여래입상", "area": 1, "province": "경상북도", "district": "영주시" }, "geometry": { "type": "Point", "coordinates": [ 128.612616517450306, 36.809712330730996 ] } },
{ "type": "Feature", "properties": { "heritage_code": "12000061000000037", "category_code": "12", "category": "보물", "designation_no": 61, "display_name": "보물 경주 불국사 사리탑", "name": "경주 불국사 사리탑", "area": 1, "province": "경상북도", "district": "경주시" }, "geometry": { "type": "Point", "coordinates": [ 129.331763886940593, 35.790643714531257 ] } },
{ "type": "Feature", "properties": { "heritage_code": "12000062000000037", "category_code": "12", "category": "보물", "designation_no": 62, "display_name": "보물 경주 서악동 마애여래삼존입상", "name": "경주 서악동 마애여래삼존입상", "area": 12, "province": "경상북도", "district": "경주시" }, "geometry": { "type": "Point", "coordinates": [ 129.175688357773254, 35.833366183322788 ] } },
{ "type": "Feature", "properties": { "heritage_code": "12000063000000037", "category_code": "12", "category": "보물", "designation_no": 63, "display_name": "보물 경주 배동 석조여래삼존입상", "name": "경주 배동 석조여래삼존입상", "area": 5, "province": "경상북도", "district": "경주시" }, "geometry": { "type": "Point", "coordinates": [ 129.211247408685466, 35.801772070141261 ] } },
{ "type": "Feature", "properties": { "heritage_code": "12000064000000037", "category_code": "12", "category": "보물", "designation_no": 64, "display_name": "보물 경주 보문사지 석조", "name": "경주 보문사지 석조", "area": 3, "province": "경상북도", "district": "경주시" }, "geometry": { "type": "Point", "coordinates": [ 129.254229363082914, 35.826181585900443 ] } },
{ "type": "Feature", "properties": { "heritage_code": "12000065000000037", "category_code": "12", "category": "보물", "designation_no": 65, "display_name": "보물 경주 서악동 삼층석탑", "name": "경주 서악동 삼층석탑", "area": 7, "province": "경상북도", "district": "경주시" }, "geometry": { "type": "Point", "coordinates": [ 129.184826578431029, 35.827959646421725 ] } },
{ "type": "Feature", "properties": { "heritage_code": "12000066000000037", "category_code": "12", "category": "보물", "designation_no": 66, "display_name": "보물 경주 석빙고", "name": "경주 석빙고", "area": 184, "province": "경상북도", "district": "경주시" }, "geometry": { "type": "Point", "coordinates": [ 129.223945484651182, 35.833143450400094 ] } },
{ "type": "Feature", "properties": { "heritage_code": "12000067000000037", "category_code": "12", "category": "보물", "designation_no": 67, "display_name": "보물 경주 효현동 삼층석탑", "name": "경주 효현동 삼층석탑", "area": 6, "province": "경상북도", "district": "경주시" }, "geometry": { "type": "Point", "coordinates": [ 129.169688452798482, 35.823290918295498 ] } },
{ "type": "Feature", "properties": { "heritage_code": "12000068000000037", "category_code": "12", "category": "보물", "designation_no": 68, "display_name": "보물 경주 황남동 효자 손시양 정려비", "name": "경주 황남동 효자 손시양 정려비", "area": 629, "province": "경상북도", "district": "경주시" }, "geometry": { "type": "Point", "coordinates": [ 129.210983562293961, 35.836269451887517 ] } },
{ "type": "Feature", "properties": { "heritage_code": "12000069000000037", "category_code": "12", "category": "보물", "designation_no": 69, "display_name": "보물 경주 망덕사지 당간지주", "name": "경주 망덕사지 당간지주", "area": 1, "province": "경상북도", "district": "경주시" }, "geometry": { "type": "Point", "coordinates": [ 129.24316291855456, 35.816421317402174 ] } },
{ "type": "Feature", "properties": { "heritage_code": "12000070000000037", "category_code": "12", "category": "보물", "designation_no": 70, "display_name": "보물 경주 서악동 귀부", "name": "경주 서악동 귀부", "area": 7, "province": "경상북도", "district": "경주시" }, "geometry": { "type": "Point", "coordinates": [ 129.189941084065737, 35.825008794921715 ] } },
{ "type": "Feature", "properties": { "heritage_code": "12000071000000038", "category_code": "12", "category": "보물", "designation_no": 71, "display_name": "보물 함안 대산리 석조삼존상", "name": "함안 대산리 석조삼존상", "area": 2, "province": "경상남도", "district": "함안군" }, "geometry": { "type": "Point", "coordinates": [ 128.428651248698912, 35.255216548410957 ] } },
{ "type": "Feature", "properties": { "heritage_code": "12000072000000038", "category_code": "12", "category": "보물", "designation_no": 72, "display_name": "보물 산청 단속사지 동 삼층석탑", "name": "산청 단속사지 동 삼층석탑", "area": 26, "province": "경상남도", "district": "산청군" }, "geometry": { "type": "Point", "coordinates": [ 127.899849916022461, 35.321230300836504 ] } },
{ "type": "Feature", "properties": { "heritage_code": "12000073000000038", "category_code": "12", "category": "보물", "designation_no": 73, "display_name": "보물 산청 단속사지 서 삼층석탑", "name": "산청 단속사지 서 삼층석탑", "area": 27, "province": "경상남도", "district": "산청군" }, "geometry": { "type": "Point", "coordinates": [ 127.899597871283973, 35.321230295879992 ] } },
{ "type": "Feature", "properties": { "heritage_code": "12000074000000038", "category_code": "12", "category": "보물", "designation_no": 74, "display_name": "보물 양산 통도사 국장생 석표", "name": "양산 통도사 국장생 석표", "area": 3, "province": "경상남도", "district": "양산시" }, "geometry": { "type": "Point", "coordinates": [ 129.086520866965088, 35.473938612365828 ] } },
{ "type": "Feature", "properties": { "heritage_code": "12000075000000038", "category_code": "12", "category": "보물", "designation_no": 75, "display_name": "보물 창녕 송현동 마애여래좌상", "name": "창녕 송현동 마애여래좌상", "area": 7, "province": "경상남도", "district": "창녕군" }, "geometry": { "type": "Point", "coordinates": [ 128.50843412427102, 35.541110903659977 ] } },
{ "type": "Feature", "properties": { "heritage_code": "12000076000000032", "category_code": "12", "category": "보물", "designation_no": 76, "display_name": "보물 춘천 근화동 당간지주", "name": "춘천 근화동 당간지주", "area": 1, "province": "강원특별자치도", "district": "춘천시" }, "geometry": { "type": "Point", "coordinates": [ 127.721658731938462, 37.892071799409962 ] } },
{ "type": "Feature", "properties": { "heritage_code": "12000077000000032", "category_code": "12", "category": "보물", "designation_no": 77, "display_name": "보물 춘천 칠층석탑", "name": "춘천 칠층석탑", "area": 597, "province": "강원특별자치도", "district": "춘천시" }, "geometry": { "type": "Point", "coordinates": [ 127.724496630161269, 37.885559395405053 ] } },
{ "type": "Feature", "properties": { "heritage_code": "12000078000000032", "category_code": "12", "category": "보물", "designation_no": 78, "display_name": "보물 원주 거돈사지 원공국사탑비", "name": "원주 거돈사지 원공국사탑비", "area": 40, "province": "강원특별자치도", "district": "원주시" }, "geometry": { "type": "Point", "coordinates": [ 127.793275821331747, 37.193435261377928 ] } },
{ "type": "Feature", "properties": { "heritage_code": "12000079000000032", "category_code": "12", "category": "보물", "designation_no": 79, "display_name": "보물 홍천 희망리 삼층석탑", "name": "홍천 희망리 삼층석탑", "area": 3, "province": "강원특별자치도", "district": "홍천군" }, "geometry": { "type": "Point", "coordinates": [ 127.888847286299438, 37.694271736281131 ] } },
{ "type": "Feature", "properties": { "heritage_code": "12000080000000032", "category_code": "12", "category": "보물", "designation_no": 80, "display_name": "보물 홍천 희망리 당간지주", "name": "홍천 희망리 당간지주", "area": 1, "province": "강원특별자치도", "district": "홍천군" }, "geometry": { "type": "Point", "coordinates": [ 127.883185524975289, 37.687650760753677 ] } },
{ "type": "Feature", "properties": { "heritage_code": "12000082000000032", "category_code": "12", "category": "보물", "designation_no": 82, "display_name": "보물 강릉 대창리 당간지주", "name": "강릉 대창리 당간지주", "area": 1, "province": "강원특별자치도", "district": "강릉시" }, "geometry": { "type": "Point", "coordinates": [ 128.901236631821433, 37.760906597043189 ] } },
{ "type": "Feature", "properties": { "heritage_code": "12000083000000032", "category_code": "12", "category": "보물", "designation_no": 83, "display_name": "보물 강릉 수문리 당간지주", "name": "강릉 수문리 당간지주", "area": 1, "province": "강원특별자치도", "district": "강릉시" }, "geometry": { "type": "Point", "coordinates": [ 128.903753176917519, 37.756736436785417 ] } },
{ "type": "Feature", "properties": { "heritage_code": "12000084000000032", "category_code": "12", "category": "보물", "designation_no": 84, "display_name": "보물 강릉 신복사지 석조보살좌상", "name": "강릉 신복사지 석조보살좌상", "area": 1, "province": "강원특별자치도", "district": "강릉시" }, "geometry": { "type": "Point", "coordinates": [ 128.885556583881879, 37.742805467694701 ] } },
{ "type": "Feature", "properties": { "heritage_code": "12000085000000032", "category_code": "12", "category": "보물", "designation_no": 85, "display_name": "보물 강릉 굴산사지 승탑", "name": "강릉 굴산사지 승탑", "area": 4, "province": "강원특별자치도", "district": "강릉시" }, "geometry": { "type": "Point", "coordinates": [ 128.887123286684755, 37.707740309942125 ] } },
{ "type": "Feature", "properties": { "heritage_code": "12000086000000032", "category_code": "12", "category": "보물", "designation_no": 86, "display_name": "보물 강릉 굴산사지 당간지주", "name": "강릉 굴산사지 당간지주", "area": 2, "province": "강원특별자치도", "district": "강릉시" }, "geometry": { "type": "Point", "coordinates": [ 128.891837213896395, 37.70730552249757 ] } },
{ "type": "Feature", "properties": { "heritage_code": "12000087000000032", "category_code": "12", "category": "보물", "designation_no": 87, "display_name": "보물 강릉 신복사지 삼층석탑", "name": "강릉 신복사지 삼층석탑", "area": 6, "province": "강원특별자치도", "district": "강릉시" }, "geometry": { "type": "Point", "coordinates": [ 128.885595908644433, 37.742789731316293 ] } },
{ "type": "Feature", "properties": { "heritage_code": "12000089000000036", "category_code": "12", "category": "보물", "designation_no": 89, "display_name": "보물 영암 도갑사 석조여래좌상", "name": "영암 도갑사 석조여래좌상", "area": 5, "province": "전남광주통합특별시", "district": "영암군" }, "geometry": { "type": "Point", "coordinates": [ 126.663802889187323, 34.753988073764987 ] } },
{ "type": "Feature", "properties": { "heritage_code": "12000091000000031", "category_code": "12", "category": "보물", "designation_no": 91, "display_name": "보물 여주 창리 삼층석탑", "name": "여주 창리 삼층석탑", "area": 2, "province": "경기도", "district": "여주시" }, "geometry": { "type": "Point", "coordinates": [ 127.648092560684603, 37.294250025752831 ] } },
{ "type": "Feature", "properties": { "heritage_code": "12000092000000031", "category_code": "12", "category": "보물", "designation_no": 92, "display_name": "보물 여주 하리 삼층석탑", "name": "여주 하리 삼층석탑", "area": 2, "province": "경기도", "district": "여주시" }, "geometry": { "type": "Point", "coordinates": [ 127.648132646123415, 37.294195798938361 ] } },
{ "type": "Feature", "properties": { "heritage_code": "12000093000000031", "category_code": "12", "category": "보물", "designation_no": 93, "display_name": "보물 파주 용미리 마애이불입상", "name": "파주 용미리 마애이불입상", "area": 69, "province": "경기도", "district": "파주시" }, "geometry": { "type": "Point", "coordinates": [ 126.864549240478652, 37.754182541201835 ] } },
{ "type": "Feature", "properties": { "heritage_code": "12000094000000033", "category_code": "12", "category": "보물", "designation_no": 94, "display_name": "보물 제천 사자빈신사지 사사자 구층석탑", "name": "제천 사자빈신사지 사사자 구층석탑", "area": 3, "province": "충청북도", "district": "제천시" }, "geometry": { "type": "Point", "coordinates": [ 128.083275303486118, 36.857326874254994 ] } },
{ "type": "Feature", "properties": { "heritage_code": "12000095000000033", "category_code": "12", "category": "보물", "designation_no": 95, "display_name": "보물 충주 미륵리 오층석탑", "name": "충주 미륵리 오층석탑", "area": 7, "province": "충청북도", "district": "충주시" }, "geometry": { "type": "Point", "coordinates": [ 128.095107699145416, 36.822017181139849 ] } },
{ "type": "Feature", "properties": { "heritage_code": "12000096000000033", "category_code": "12", "category": "보물", "designation_no": 96, "display_name": "보물 충주 미륵리 석조여래입상", "name": "충주 미륵리 석조여래입상", "area": 9, "province": "충청북도", "district": "충주시" }, "geometry": { "type": "Point", "coordinates": [ 128.095110064091955, 36.821604879677587 ] } },
{ "type": "Feature", "properties": { "heritage_code": "12000097000000033", "category_code": "12", "category": "보물", "designation_no": 97, "display_name": "보물 괴산 원풍리 마애이불병좌상", "name": "괴산 원풍리 마애이불병좌상", "area": 66, "province": "충청북도", "district": "괴산군" }, "geometry": { "type": "Point", "coordinates": [ 128.02316545371815, 36.791826341045613 ] } },
{ "type": "Feature", "properties": { "heritage_code": "12000099000000034", "category_code": "12", "category": "보물", "designation_no": 99, "display_name": "보물 천안 천흥사지 당간지주", "name": "천안 천흥사지 당간지주", "area": 10, "province": "충청남도", "district": "천안시" }, "geometry": { "type": "Point", "coordinates": [ 127.213630253287576, 36.872204527122356 ] } },
{ "type": "Feature", "properties": { "heritage_code": "12000100000000034", "category_code": "12", "category": "보물", "designation_no": 100, "display_name": "보물 당진 안국사지 석조여래삼존입상", "name": "당진 안국사지 석조여래삼존입상", "area": 5, "province": "충청남도", "district": "당진시" }, "geometry": { "type": "Point", "coordinates": [ 126.557463415606705, 36.832014404095816 ] } },
{ "type": "Feature", "properties": { "heritage_code": "12000101000000034", "category_code": "12", "category": "보물", "designation_no": 101, "display_name": "보물 당진 안국사지 석탑", "name": "당진 안국사지 석탑", "area": 3, "province": "충청남도", "district": "당진시" }, "geometry": { "type": "Point", "coordinates": [ 126.557427344102265, 36.831933551408461 ] } },
{ "type": "Feature", "properties": { "heritage_code": "12000102000000034", "category_code": "12", "category": "보물", "designation_no": 102, "display_name": "보물 서산 보원사지 석조", "name": "서산 보원사지 석조", "area": 6, "province": "충청남도", "district": "서산시" }, "geometry": { "type": "Point", "coordinates": [ 126.602346384311389, 36.762293709267517 ] } },
{ "type": "Feature", "properties": { "heritage_code": "12000103000000034", "category_code": "12", "category": "보물", "designation_no": 103, "display_name": "보물 서산 보원사지 당간지주", "name": "서산 보원사지 당간지주", "area": 5, "province": "충청남도", "district": "서산시" }, "geometry": { "type": "Point", "coordinates": [ 126.602499416169678, 36.761668458124269 ] } },
{ "type": "Feature", "properties": { "heritage_code": "12000105000000034", "category_code": "12", "category": "보물", "designation_no": 105, "display_name": "보물 서산 보원사지 법인국사탑", "name": "서산 보원사지 법인국사탑", "area": 4, "province": "충청남도", "district": "서산시" }, "geometry": { "type": "Point", "coordinates": [ 126.600765935704004, 36.761242973277021 ] } },
{ "type": "Feature", "properties": { "heritage_code": "12000106000000034", "category_code": "12", "category": "보물", "designation_no": 106, "display_name": "보물 서산 보원사지 법인국사탑비", "name": "서산 보원사지 법인국사탑비", "area": 6, "province": "충청남도", "district": "서산시" }, "geometry": { "type": "Point", "coordinates": [ 126.600813241600065, 36.761160938811365 ] } },
{ "type": "Feature", "properties": { "heritage_code": "12000107000000034", "category_code": "12", "category": "보물", "designation_no": 107, "display_name": "보물 부여 보광사지 대보광선사비", "name": "부여 보광사지 대보광선사비", "area": 1, "province": "충청남도", "district": "부여군" }, "geometry": { "type": "Point", "coordinates": [ 126.918096612390045, 36.27568250818269 ] } },
{ "type": "Feature", "properties": { "heritage_code": "12000108000000034", "category_code": "12", "category": "보물", "designation_no": 108, "display_name": "보물 부여 정림사지 석조여래좌상", "name": "부여 정림사지 석조여래좌상", "area": 6, "province": "충청남도", "district": "부여군" }, "geometry": { "type": "Point", "coordinates": [ 126.913342999646119, 36.279820426237585 ] } },
{ "type": "Feature", "properties": { "heritage_code": "12000109000000024", "category_code": "12", "category": "보물", "designation_no": 109, "display_name": "보물 (전)광주 성거사지 오층석탑", "name": "(전)광주 성거사지 오층석탑", "area": 9, "province": "전남광주통합특별시", "district": "남구" }, "geometry": { "type": "Point", "coordinates": [ 126.907895345621071, 35.147901372355548 ] } },
{ "type": "Feature", "properties": { "heritage_code": "12000110000000024", "category_code": "12", "category": "보물", "designation_no": 110, "display_name": "보물 광주 지산동 오층석탑", "name": "광주 지산동 오층석탑", "area": 594, "province": "전남광주통합특별시", "district": "동구" }, "geometry": { "type": "Point", "coordinates": [ 126.933087626735812, 35.148910731409586 ] } },
{ "type": "Feature", "properties": { "heritage_code": "12000111000000036", "category_code": "12", "category": "보물", "designation_no": 111, "display_name": "보물 담양 개선사지 석등", "name": "담양 개선사지 석등", "area": 5, "province": "전남광주통합특별시", "district": "담양군" }, "geometry": { "type": "Point", "coordinates": [ 126.982598028680343, 35.18548570502044 ] } },
{ "type": "Feature", "properties": { "heritage_code": "12000112000000036", "category_code": "12", "category": "보물", "designation_no": 112, "display_name": "보물 광양 중흥산성 삼층석탑", "name": "광양 중흥산성 삼층석탑", "area": 9, "province": "전남광주통합특별시", "district": "광양시" }, "geometry": { "type": "Point", "coordinates": [ 127.607355149932218, 35.024540089309639 ] } },
{ "type": "Feature", "properties": { "heritage_code": "12000113000000037", "category_code": "12", "category": "보물", "designation_no": 113, "display_name": "보물 청도 봉기리 삼층석탑", "name": "청도 봉기리 삼층석탑", "area": 13, "province": "경상북도", "district": "청도군" }, "geometry": { "type": "Point", "coordinates": [ 128.614793162587432, 35.64317107747442 ] } },
{ "type": "Feature", "properties": { "heritage_code": "12000114000000037", "category_code": "12", "category": "보물", "designation_no": 114, "display_name": "보물 안동 평화동 삼층석탑", "name": "안동 평화동 삼층석탑", "area": 8, "province": "경상북도", "district": "안동시" }, "geometry": { "type": "Point", "coordinates": [ 128.716720664532801, 36.567888109097069 ] } },
{ "type": "Feature", "properties": { "heritage_code": "12000115000000037", "category_code": "12", "category": "보물", "designation_no": 115, "display_name": "보물 안동 이천동 마애여래입상", "name": "안동 이천동 마애여래입상", "area": 2, "province": "경상북도", "district": "안동시" }, "geometry": { "type": "Point", "coordinates": [ 128.705249316376353, 36.606555410295734 ] } },
{ "type": "Feature", "properties": { "heritage_code": "12000116000000037", "category_code": "12", "category": "보물", "designation_no": 116, "display_name": "보물 영주 석교리 석조여래입상", "name": "영주 석교리 석조여래입상", "area": 1, "province": "경상북도", "district": "영주시" }, "geometry": { "type": "Point", "coordinates": [ 128.581945065526611, 36.911877383936385 ] } },
{ "type": "Feature", "properties": { "heritage_code": "12000117000000037", "category_code": "12", "category": "보물", "designation_no": 117, "display_name": "보물 상주 화달리 삼층석탑", "name": "상주 화달리 삼층석탑", "area": 16, "province": "경상북도", "district": "상주시" }, "geometry": { "type": "Point", "coordinates": [ 128.223198600087187, 36.444786268204268 ] } },
{ "type": "Feature", "properties": { "heritage_code": "12000118000000037", "category_code": "12", "category": "보물", "designation_no": 118, "display_name": "보물 상주 증촌리 석조여래입상", "name": "상주 증촌리 석조여래입상", "area": 0, "province": "경상북도", "district": "상주시" }, "geometry": { "type": "Point", "coordinates": [ 128.171560642364454, 36.568138975247862 ] } },
{ "type": "Feature", "properties": { "heritage_code": "12000119000000037", "category_code": "12", "category": "보물", "designation_no": 119, "display_name": "보물 상주 복용동 석조여래좌상", "name": "상주 복용동 석조여래좌상", "area": 1, "province": "경상북도", "district": "상주시" }, "geometry": { "type": "Point", "coordinates": [ 128.162037407286732, 36.416934107882604 ] } },
{ "type": "Feature", "properties": { "heritage_code": "12000120000000037", "category_code": "12", "category": "보물", "designation_no": 120, "display_name": "보물 상주 증촌리 석조여래좌상", "name": "상주 증촌리 석조여래좌상", "area": 2, "province": "경상북도", "district": "상주시" }, "geometry": { "type": "Point", "coordinates": [ 128.171565419470227, 36.568152628394252 ] } },
{ "type": "Feature", "properties": { "heritage_code": "12000121000000037", "category_code": "12", "category": "보물", "designation_no": 121, "display_name": "보물 경주 굴불사지 석조사면불상", "name": "경주 굴불사지 석조사면불상", "area": 10, "province": "경상북도", "district": "경주시" }, "geometry": { "type": "Point", "coordinates": [ 129.230076089400995, 35.857778137567188 ] } },
{ "type": "Feature", "properties": { "heritage_code": "12000122000000037", "category_code": "12", "category": "보물", "designation_no": 122, "display_name": "보물 경주 율동 마애여래삼존입상", "name": "경주 율동 마애여래삼존입상", "area": 45, "province": "경상북도", "district": "경주시" }, "geometry": { "type": "Point", "coordinates": [ 129.174539387363808, 35.804710798961061 ] } },
{ "type": "Feature", "properties": { "heritage_code": "12000123000000037", "category_code": "12", "category": "보물", "designation_no": 123, "display_name": "보물 경주 보문사지 당간지주", "name": "경주 보문사지 당간지주", "area": 1, "province": "경상북도", "district": "경주시" }, "geometry": { "type": "Point", "coordinates": [ 129.252743665298482, 35.825176101547854 ] } },
{ "type": "Feature", "properties": { "heritage_code": "12000124000000037", "category_code": "12", "category": "보물", "designation_no": 124, "display_name": "보물 경주 남산동 동·서 삼층석탑", "name": "경주 남산동 동·서 삼층석탑", "area": 21, "province": "경상북도", "district": "경주시" }, "geometry": { "type": "Point", "coordinates": [ 129.244012212610613, 35.793126170172116 ] } },
{ "type": "Feature", "properties": { "heritage_code": "12000125000000037", "category_code": "12", "category": "보물", "designation_no": 125, "display_name": "보물 경주 무장사지 아미타불 조상 사적비", "name": "경주 무장사지 아미타불 조상 사적비", "area": 2, "province": "경상북도", "district": "경주시" }, "geometry": { "type": "Point", "coordinates": [ 129.351130587928253, 35.880938610549521 ] } },
{ "type": "Feature", "properties": { "heritage_code": "12000126000000037", "category_code": "12", "category": "보물", "designation_no": 126, "display_name": "보물 경주 무장사지 삼층석탑", "name": "경주 무장사지 삼층석탑", "area": 11, "province": "경상북도", "district": "경주시" }, "geometry": { "type": "Point", "coordinates": [ 129.35020682999189, 35.881341735394059 ] } },
{ "type": "Feature", "properties": { "heritage_code": "12000127000000037", "category_code": "12", "category": "보물", "designation_no": 127, "display_name": "보물 경주 삼랑사지 당간지주", "name": "경주 삼랑사지 당간지주", "area": 6195, "province": "경상북도", "district": "경주시" }, "geometry": { "type": "Point", "coordinates": [ 129.201942957472596, 35.845714702209222 ] } },
{ "type": "Feature", "properties": { "heritage_code": "12000128000000038", "category_code": "12", "category": "보물", "designation_no": 128, "display_name": "보물 합천 반야사지 원경왕사비", "name": "합천 반야사지 원경왕사비", "area": 2, "province": "경상남도", "district": "합천군" }, "geometry": { "type": "Point", "coordinates": [ 128.096469424945866, 35.799382239594699 ] } },
{ "type": "Feature", "properties": { "heritage_code": "12000129000000038", "category_code": "12", "category": "보물", "designation_no": 129, "display_name": "보물 합천 월광사지 동·서 삼층석탑", "name": "합천 월광사지 동·서 삼층석탑", "area": 22, "province": "경상남도", "district": "합천군" }, "geometry": { "type": "Point", "coordinates": [ 128.152623156521059, 35.734345951616454 ] } },
{ "type": "Feature", "properties": { "heritage_code": "12000132000000036", "category_code": "12", "category": "보물", "designation_no": 132, "display_name": "보물 구례 화엄사 동 오층석탑", "name": "구례 화엄사 동 오층석탑", "area": 8, "province": "전남광주통합특별시", "district": "구례군" }, "geometry": { "type": "Point", "coordinates": [ 127.497844531907219, 35.256978564727206 ] } },
{ "type": "Feature", "properties": { "heritage_code": "12000133000000036", "category_code": "12", "category": "보물", "designation_no": 133, "display_name": "보물 구례 화엄사 서 오층석탑", "name": "구례 화엄사 서 오층석탑", "area": 12, "province": "전남광주통합특별시", "district": "구례군" }, "geometry": { "type": "Point", "coordinates": [ 127.497579767234186, 35.25706023444706 ] } },
{ "type": "Feature", "properties": { "heritage_code": "12000136000000037", "category_code": "12", "category": "보물", "designation_no": 136, "display_name": "보물 경주 남산 미륵곡 석조여래좌상", "name": "경주 남산 미륵곡 석조여래좌상", "area": 10, "province": "경상북도", "district": "경주시" }, "geometry": { "type": "Point", "coordinates": [ 129.235633710182611, 35.811522487440037 ] } },
{ "type": "Feature", "properties": { "heritage_code": "12000137000000037", "category_code": "12", "category": "보물", "designation_no": 137, "display_name": "보물 문경 봉암사 지증대사탑", "name": "문경 봉암사 지증대사탑", "area": 5, "province": "경상북도", "district": "문경시" }, "geometry": { "type": "Point", "coordinates": [ 128.005505452229926, 36.700626710155355 ] } },
{ "type": "Feature", "properties": { "heritage_code": "12000141000000011", "category_code": "12", "category": "보물", "designation_no": 141, "display_name": "보물 서울 문묘 및 성균관<대성전·동무·서무·삼문·명륜당>", "name": "서울 문묘 및 성균관<대성전·동무·서무·삼문·명륜당>", "area": 2599, "province": "서울특별시", "district": "종로구" }, "geometry": { "type": "Point", "coordinates": [ 126.99599462441418, 37.585535428645166 ] } },
{ "type": "Feature", "properties": { "heritage_code": "12000142000000011", "category_code": "12", "category": "보물", "designation_no": 142, "display_name": "보물 서울 동관왕묘", "name": "서울 동관왕묘", "area": 1815, "province": "서울특별시", "district": "종로구" }, "geometry": { "type": "Point", "coordinates": [ 127.018335917946644, 37.572967016994845 ] } },
{ "type": "Feature", "properties": { "heritage_code": "12000143000000034", "category_code": "12", "category": "보물", "designation_no": 143, "display_name": "보물 서산 개심사 대웅전", "name": "서산 개심사 대웅전", "area": 189, "province": "충청남도", "district": "서산시" }, "geometry": { "type": "Point", "coordinates": [ 126.59044716580685, 36.747033774127637 ] } },
{ "type": "Feature", "properties": { "heritage_code": "12000146000000038", "category_code": "12", "category": "보물", "designation_no": 146, "display_name": "보물 창녕 관룡사 약사전", "name": "창녕 관룡사 약사전", "area": 48, "province": "경상남도", "district": "창녕군" }, "geometry": { "type": "Point", "coordinates": [ 128.553249212686296, 35.531779760268172 ] } },
{ "type": "Feature", "properties": { "heritage_code": "12000148000000034", "category_code": "12", "category": "보물", "designation_no": 148, "display_name": "보물 공주 중동 석조", "name": "공주 중동 석조", "area": 4, "province": "충청남도", "district": "공주시" }, "geometry": { "type": "Point", "coordinates": [ 127.111822069327218, 36.466032981187261 ] } },
{ "type": "Feature", "properties": { "heritage_code": "12000149000000034", "category_code": "12", "category": "보물", "designation_no": 149, "display_name": "보물 공주 반죽동 석조", "name": "공주 반죽동 석조", "area": 4, "province": "충청남도", "district": "공주시" }, "geometry": { "type": "Point", "coordinates": [ 127.11179658884096, 36.466053609306634 ] } },
{ "type": "Feature", "properties": { "heritage_code": "12000150000000034", "category_code": "12", "category": "보물", "designation_no": 150, "display_name": "보물 공주 반죽동 당간지주", "name": "공주 반죽동 당간지주", "area": 25, "province": "충청남도", "district": "공주시" }, "geometry": { "type": "Point", "coordinates": [ 127.122431760967046, 36.45168888497566 ] } },
{ "type": "Feature", "properties": { "heritage_code": "12000151000000036", "category_code": "12", "category": "보물", "designation_no": 151, "display_name": "보물 구례 연곡사 삼층석탑", "name": "구례 연곡사 삼층석탑", "area": 8, "province": "전남광주통합특별시", "district": "구례군" }, "geometry": { "type": "Point", "coordinates": [ 127.587401122974342, 35.254505792233857 ] } },
{ "type": "Feature", "properties": { "heritage_code": "12000152000000036", "category_code": "12", "category": "보물", "designation_no": 152, "display_name": "보물 구례 연곡사 현각선사탑비", "name": "구례 연곡사 현각선사탑비", "area": 4, "province": "전남광주통합특별시", "district": "구례군" }, "geometry": { "type": "Point", "coordinates": [ 127.587304676959164, 35.254870209228294 ] } },
{ "type": "Feature", "properties": { "heritage_code": "12000153000000036", "category_code": "12", "category": "보물", "designation_no": 153, "display_name": "보물 구례 연곡사 동 승탑비", "name": "구례 연곡사 동 승탑비", "area": 3, "province": "전남광주통합특별시", "district": "구례군" }, "geometry": { "type": "Point", "coordinates": [ 127.588332433117145, 35.255190871734435 ] } },
{ "type": "Feature", "properties": { "heritage_code": "12000154000000052", "category_code": "12", "category": "보물", "designation_no": 154, "display_name": "보물 구례 연곡사 소요대사탑", "name": "구례 연곡사 소요대사탑", "area": 3, "province": "전남광주통합특별시", "district": "구례군" }, "geometry": { "type": "Point", "coordinates": [ 127.586879932105006, 35.255165768473624 ] } },
{ "type": "Feature", "properties": { "heritage_code": "12000155000000036", "category_code": "12", "category": "보물", "designation_no": 155, "display_name": "보물 장흥 보림사 동 승탑", "name": "장흥 보림사 동 승탑", "area": 3, "province": "전남광주통합특별시", "district": "장흥군" }, "geometry": { "type": "Point", "coordinates": [ 126.899894879990129, 34.808490511361924 ] } },
{ "type": "Feature", "properties": { "heritage_code": "12000156000000036", "category_code": "12", "category": "보물", "designation_no": 156, "display_name": "보물 장흥 보림사 서 승탑", "name": "장흥 보림사 서 승탑", "area": 4, "province": "전남광주통합특별시", "district": "장흥군" }, "geometry": { "type": "Point", "coordinates": [ 126.887663100671105, 34.812837279417344 ] } },
{ "type": "Feature", "properties": { "heritage_code": "12000157000000036", "category_code": "12", "category": "보물", "designation_no": 157, "display_name": "보물 장흥 보림사 보조선사탑", "name": "장흥 보림사 보조선사탑", "area": 4, "province": "전남광주통합특별시", "district": "장흥군" }, "geometry": { "type": "Point", "coordinates": [ 126.897489787911908, 34.80849943537099 ] } },
{ "type": "Feature", "properties": { "heritage_code": "12000158000000036", "category_code": "12", "category": "보물", "designation_no": 158, "display_name": "보물 장흥 보림사 보조선사탑비", "name": "장흥 보림사 보조선사탑비", "area": 5, "province": "전남광주통합특별시", "district": "장흥군" }, "geometry": { "type": "Point", "coordinates": [ 126.897361300190127, 34.808264376260944 ] } },
{ "type": "Feature", "properties": { "heritage_code": "12000159000000038", "category_code": "12", "category": "보물", "designation_no": 159, "display_name": "보물 함안 방어산 마애약사여래삼존입상", "name": "함안 방어산 마애약사여래삼존입상", "area": 30, "province": "경상남도", "district": "함안군" }, "geometry": { "type": "Point", "coordinates": [ 128.301141909366464, 35.247701973500426 ] } },
{ "type": "Feature", "properties": { "heritage_code": "12000161000000023", "category_code": "12", "category": "보물", "designation_no": 161, "display_name": "보물 강화 정수사 법당", "name": "강화 정수사 법당", "area": 150, "province": "인천광역시", "district": "강화군" }, "geometry": { "type": "Point", "coordinates": [ 126.445811043771172, 37.608488246604885 ] } },
{ "type": "Feature", "properties": { "heritage_code": "12000162000000034", "category_code": "12", "category": "보물", "designation_no": 162, "display_name": "보물 청양 장곡사 상 대웅전", "name": "청양 장곡사 상 대웅전", "area": 199, "province": "충청남도", "district": "청양군" }, "geometry": { "type": "Point", "coordinates": [ 126.860268129605174, 36.417626543944053 ] } },
{ "type": "Feature", "properties": { "heritage_code": "12000164000000032", "category_code": "12", "category": "보물", "designation_no": 164, "display_name": "보물 춘천 청평사 회전문", "name": "춘천 청평사 회전문", "area": 48, "province": "강원특별자치도", "district": "춘천시" }, "geometry": { "type": "Point", "coordinates": [ 127.808931340218521, 37.986170468602566 ] } },
{ "type": "Feature", "properties": { "heritage_code": "12000165000000032", "category_code": "12", "category": "보물", "designation_no": 165, "display_name": "보물 강릉 오죽헌", "name": "강릉 오죽헌", "area": 169, "province": "강원특별자치도", "district": "강릉시" }, "geometry": { "type": "Point", "coordinates": [ 128.877708015345718, 37.779342131847713 ] } },
{ "type": "Feature", "properties": { "heritage_code": "12000166000000011", "category_code": "12", "category": "보물", "designation_no": 166, "display_name": "보물 서울 홍제동 오층석탑", "name": "서울 홍제동 오층석탑", "area": 1, "province": "서울특별시", "district": "용산구" }, "geometry": { "type": "Point", "coordinates": [ 126.980990206749851, 37.522058883242323 ] } },
{ "type": "Feature", "properties": { "heritage_code": "12000167000000035", "category_code": "12", "category": "보물", "designation_no": 167, "display_name": "보물 정읍 은선리 삼층석탑", "name": "정읍 은선리 삼층석탑", "area": 8, "province": "전북특별자치도", "district": "정읍시" }, "geometry": { "type": "Point", "coordinates": [ 126.79366283085767, 35.643679749389143 ] } },
{ "type": "Feature", "properties": { "heritage_code": "12000168000000037", "category_code": "12", "category": "보물", "designation_no": 168, "display_name": "보물 경주 천군동 동·서 삼층석탑", "name": "경주 천군동 동·서 삼층석탑", "area": 34, "province": "경상북도", "district": "경주시" }, "geometry": { "type": "Point", "coordinates": [ 129.281191258189153, 35.831571846812267 ] } },
{ "type": "Feature", "properties": { "heritage_code": "12000169000000037", "category_code": "12", "category": "보물", "designation_no": 169, "display_name": "보물 문경 봉암사 삼층석탑", "name": "문경 봉암사 삼층석탑", "area": 12, "province": "경상북도", "district": "문경시" }, "geometry": { "type": "Point", "coordinates": [ 128.005250624069248, 36.700096340540178 ] } },
{ "type": "Feature", "properties": { "heritage_code": "12000170000000036", "category_code": "12", "category": "보물", "designation_no": 170, "display_name": "보물 화순 쌍봉사 철감선사탑비", "name": "화순 쌍봉사 철감선사탑비", "area": 5, "province": "전남광주통합특별시", "district": "화순군" }, "geometry": { "type": "Point", "coordinates": [ 127.059119052400305, 34.888225547825584 ] } },
{ "type": "Feature", "properties": { "heritage_code": "12000171000000037", "category_code": "12", "category": "보물", "designation_no": 171, "display_name": "보물 문경 봉암사 정진대사탑", "name": "문경 봉암사 정진대사탑", "area": 4, "province": "경상북도", "district": "문경시" }, "geometry": { "type": "Point", "coordinates": [ 128.010121525135048, 36.701332583106321 ] } },
{ "type": "Feature", "properties": { "heritage_code": "12000172000000037", "category_code": "12", "category": "보물", "designation_no": 172, "display_name": "보물 문경 봉암사 정진대사탑비", "name": "문경 봉암사 정진대사탑비", "area": 7, "province": "경상북도", "district": "문경시" }, "geometry": { "type": "Point", "coordinates": [ 128.009834082219527, 36.699637866526622 ] } },
{ "type": "Feature", "properties": { "heritage_code": "12000173000000026", "category_code": "12", "category": "보물", "designation_no": 173, "display_name": "보물 울주 망해사지 승탑", "name": "울주 망해사지 승탑", "area": 13, "province": "울산광역시", "district": "울주군" }, "geometry": { "type": "Point", "coordinates": [ 129.238075712455384, 35.53283870211888 ] } },
{ "type": "Feature", "properties": { "heritage_code": "12000177000000011", "category_code": "12", "category": "보물", "designation_no": 177, "display_name": "보물 사직단 대문", "name": "사직단 대문", "area": 115, "province": "서울특별시", "district": "종로구" }, "geometry": { "type": "Point", "coordinates": [ 126.968631844562267, 37.575702043030773 ] } },
{ "type": "Feature", "properties": { "heritage_code": "12000178000000023", "category_code": "12", "category": "보물", "designation_no": 178, "display_name": "보물 강화 전등사 대웅전", "name": "강화 전등사 대웅전", "area": 184, "province": "인천광역시", "district": "강화군" }, "geometry": { "type": "Point", "coordinates": [ 126.48504198193649, 37.633027440379799 ] } },
{ "type": "Feature", "properties": { "heritage_code": "12000179000000023", "category_code": "12", "category": "보물", "designation_no": 179, "display_name": "보물 강화 전등사 약사전", "name": "강화 전등사 약사전", "area": 90, "province": "인천광역시", "district": "강화군" }, "geometry": { "type": "Point", "coordinates": [ 126.484656678444708, 37.633033756175244 ] } },
{ "type": "Feature", "properties": { "heritage_code": "12000180000000031", "category_code": "12", "category": "보물", "designation_no": 180, "display_name": "보물 여주 신륵사 조사당", "name": "여주 신륵사 조사당", "area": 79, "province": "경기도", "district": "여주시" }, "geometry": { "type": "Point", "coordinates": [ 127.661388882618141, 37.297911603174811 ] } },
{ "type": "Feature", "properties": { "heritage_code": "12000181000000034", "category_code": "12", "category": "보물", "designation_no": 181, "display_name": "보물 청양 장곡사 하 대웅전", "name": "청양 장곡사 하 대웅전", "area": 126, "province": "충청남도", "district": "청양군" }, "geometry": { "type": "Point", "coordinates": [ 126.859699027809725, 36.417410874107624 ] } },
{ "type": "Feature", "properties": { "heritage_code": "12000182000000037", "category_code": "12", "category": "보물", "designation_no": 182, "display_name": "보물 안동 임청각", "name": "안동 임청각", "area": 728, "province": "경상북도", "district": "안동시" }, "geometry": { "type": "Point", "coordinates": [ 128.744690946119249, 36.565112783808125 ] } },
{ "type": "Feature", "properties": { "heritage_code": "12000183000000032", "category_code": "12", "category": "보물", "designation_no": 183, "display_name": "보물 강릉 해운정", "name": "강릉 해운정", "area": 97, "province": "강원특별자치도", "district": "강릉시" }, "geometry": { "type": "Point", "coordinates": [ 128.89115461264845, 37.786199958557702 ] } },
{ "type": "Feature", "properties": { "heritage_code": "12000184000000034", "category_code": "12", "category": "보물", "designation_no": 184, "display_name": "보물 부여 장하리 삼층석탑", "name": "부여 장하리 삼층석탑", "area": 6, "province": "충청남도", "district": "부여군" }, "geometry": { "type": "Point", "coordinates": [ 126.947025397665698, 36.235332790874466 ] } },
{ "type": "Feature", "properties": { "heritage_code": "12000185000000034", "category_code": "12", "category": "보물", "designation_no": 185, "display_name": "보물 부여 무량사 오층석탑", "name": "부여 무량사 오층석탑", "area": 18, "province": "충청남도", "district": "부여군" }, "geometry": { "type": "Point", "coordinates": [ 126.693329932675184, 36.316951631484727 ] } },
{ "type": "Feature", "properties": { "heritage_code": "12000186000000037", "category_code": "12", "category": "보물", "designation_no": 186, "display_name": "보물 경주 남산 용장사곡 삼층석탑", "name": "경주 남산 용장사곡 삼층석탑", "area": 4, "province": "경상북도", "district": "경주시" }, "geometry": { "type": "Point", "coordinates": [ 129.222831407515287, 35.781108879365448 ] } },
{ "type": "Feature", "properties": { "heritage_code": "12000187000000037", "category_code": "12", "category": "보물", "designation_no": 187, "display_name": "보물 경주 남산 용장사곡 석조여래좌상", "name": "경주 남산 용장사곡 석조여래좌상", "area": 3, "province": "경상북도", "district": "경주시" }, "geometry": { "type": "Point", "coordinates": [ 129.222798835045239, 35.780797285398322 ] } },
{ "type": "Feature", "properties": { "heritage_code": "12000188000000037", "category_code": "12", "category": "보물", "designation_no": 188, "display_name": "보물 의성 관덕리 삼층석탑", "name": "의성 관덕리 삼층석탑", "area": 3, "province": "경상북도", "district": "의성군" }, "geometry": { "type": "Point", "coordinates": [ 128.691391674690976, 36.431472406481475 ] } },
{ "type": "Feature", "properties": { "heritage_code": "12000189000000037", "category_code": "12", "category": "보물", "designation_no": 189, "display_name": "보물 칠곡 송림사 오층전탑", "name": "칠곡 송림사 오층전탑", "area": 0, "province": "경상북도", "district": "칠곡군" }, "geometry": { "type": "Point", "coordinates": [ 128.577598457816975, 35.982142308127358 ] } },
{ "type": "Feature", "properties": { "heritage_code": "12000190000000011", "category_code": "12", "category": "보물", "designation_no": 190, "display_name": "보물 원주 거돈사지 원공국사탑", "name": "원주 거돈사지 원공국사탑", "area": 4, "province": "서울특별시", "district": "용산구" }, "geometry": { "type": "Point", "coordinates": [ 126.981527249521022, 37.523464668710922 ] } },
{ "type": "Feature", "properties": { "heritage_code": "12000191000000032", "category_code": "12", "category": "보물", "designation_no": 191, "display_name": "보물 강릉 보현사 낭원대사탑", "name": "강릉 보현사 낭원대사탑", "area": 2, "province": "강원특별자치도", "district": "강릉시" }, "geometry": { "type": "Point", "coordinates": [ 128.767428657267772, 37.73845850215033 ] } },
{ "type": "Feature", "properties": { "heritage_code": "12000192000000032", "category_code": "12", "category": "보물", "designation_no": 192, "display_name": "보물 강릉 보현사 낭원대사탑비", "name": "강릉 보현사 낭원대사탑비", "area": 1, "province": "강원특별자치도", "district": "강릉시" }, "geometry": { "type": "Point", "coordinates": [ 128.769618694242325, 37.736735101636441 ] } },
{ "type": "Feature", "properties": { "heritage_code": "12000193000000037", "category_code": "12", "category": "보물", "designation_no": 193, "display_name": "보물 청도 운문사 금당 앞 석등", "name": "청도 운문사 금당 앞 석등", "area": 1, "province": "경상북도", "district": "청도군" }, "geometry": { "type": "Point", "coordinates": [ 128.959722821698364, 35.66094997222347 ] } },
{ "type": "Feature", "properties": { "heritage_code": "12000197000000034", "category_code": "12", "category": "보물", "designation_no": 197, "display_name": "보물 청양 읍내리 석조여래삼존입상", "name": "청양 읍내리 석조여래삼존입상", "area": 3, "province": "충청남도", "district": "청양군" }, "geometry": { "type": "Point", "coordinates": [ 126.808375213584839, 36.454298247887671 ] } },
{ "type": "Feature", "properties": { "heritage_code": "12000198000000037", "category_code": "12", "category": "보물", "designation_no": 198, "display_name": "보물 경주 남산 불곡 마애여래좌상", "name": "경주 남산 불곡 마애여래좌상", "area": 1, "province": "경상북도", "district": "경주시" }, "geometry": { "type": "Point", "coordinates": [ 129.230473707250383, 35.819010641560354 ] } },
{ "type": "Feature", "properties": { "heritage_code": "12000199000000037", "category_code": "12", "category": "보물", "designation_no": 199, "display_name": "보물 경주 남산 신선암 마애보살반가상", "name": "경주 남산 신선암 마애보살반가상", "area": 11, "province": "경상북도", "district": "경주시" }, "geometry": { "type": "Point", "coordinates": [ 129.234960901358562, 35.771509414404939 ] } },
{ "type": "Feature", "properties": { "heritage_code": "12000201000000037", "category_code": "12", "category": "보물", "designation_no": 201, "display_name": "보물 경주 남산 탑곡 마애불상군", "name": "경주 남산 탑곡 마애불상군", "area": 83, "province": "경상북도", "district": "경주시" }, "geometry": { "type": "Point", "coordinates": [ 129.232812251834758, 35.814659045503944 ] } },
{ "type": "Feature", "properties": { "heritage_code": "12000203000000037", "category_code": "12", "category": "보물", "designation_no": 203, "display_name": "보물 청도 박곡리 석조여래좌상", "name": "청도 박곡리 석조여래좌상", "area": 45, "province": "경상북도", "district": "청도군" }, "geometry": { "type": "Point", "coordinates": [ 128.922509910447786, 35.668511619027242 ] } },
{ "type": "Feature", "properties": { "heritage_code": "12000209000000025", "category_code": "12", "category": "보물", "designation_no": 209, "display_name": "보물 대전 회덕 동춘당", "name": "대전 회덕 동춘당", "area": 88, "province": "대전광역시", "district": "대덕구" }, "geometry": { "type": "Point", "coordinates": [ 127.441448506476192, 36.364981307283841 ] } },
{ "type": "Feature", "properties": { "heritage_code": "12000210000000037", "category_code": "12", "category": "보물", "designation_no": 210, "display_name": "보물 안동 도산서원 전교당", "name": "안동 도산서원 전교당", "area": 123, "province": "경상북도", "district": "안동시" }, "geometry": { "type": "Point", "coordinates": [ 128.843512466199655, 36.727363092588256 ] } },
{ "type": "Feature", "properties": { "heritage_code": "12000211000000037", "category_code": "12", "category": "보물", "designation_no": 211, "display_name": "보물 안동 도산서원 상덕사 및 삼문", "name": "안동 도산서원 상덕사 및 삼문", "area": 139, "province": "경상북도", "district": "안동시" }, "geometry": { "type": "Point", "coordinates": [ 128.843646349224969, 36.727511657273666 ] } },
{ "type": "Feature", "properties": { "heritage_code": "12000212000000038", "category_code": "12", "category": "보물", "designation_no": 212, "display_name": "보물 창녕 관룡사 대웅전", "name": "창녕 관룡사 대웅전", "area": 204, "province": "경상남도", "district": "창녕군" }, "geometry": { "type": "Point", "coordinates": [ 128.553456832577808, 35.531975324108437 ] } },
{ "type": "Feature", "properties": { "heritage_code": "12000214000000032", "category_code": "12", "category": "보물", "designation_no": 214, "display_name": "보물 강릉향교 대성전", "name": "강릉향교 대성전", "area": 5624, "province": "강원특별자치도", "district": "강릉시" }, "geometry": { "type": "Point", "coordinates": [ 128.895268067394227, 37.763558534148245 ] } },
{ "type": "Feature", "properties": { "heritage_code": "12000215000000011", "category_code": "12", "category": "보물", "designation_no": 215, "display_name": "보물 서울 북한산 구기동 마애여래좌상", "name": "서울 북한산 구기동 마애여래좌상", "area": 171, "province": "서울특별시", "district": "종로구" }, "geometry": { "type": "Point", "coordinates": [ 126.959144572287755, 37.627182693262398 ] } },
{ "type": "Feature", "properties": { "heritage_code": "12000216000000033", "category_code": "12", "category": "보물", "designation_no": 216, "display_name": "보물 보은 법주사 마애여래의좌상", "name": "보은 법주사 마애여래의좌상", "area": 49, "province": "충청북도", "district": "보은군" }, "geometry": { "type": "Point", "coordinates": [ 127.831998034576628, 36.541404975035306 ] } },
{ "type": "Feature", "properties": { "heritage_code": "12000217000000034", "category_code": "12", "category": "보물", "designation_no": 217, "display_name": "보물 부여 대조사 석조미륵보살입상", "name": "부여 대조사 석조미륵보살입상", "area": 12, "province": "충청남도", "district": "부여군" }, "geometry": { "type": "Point", "coordinates": [ 126.90039253454141, 36.191000592581851 ] } },
{ "type": "Feature", "properties": { "heritage_code": "12000219000000034", "category_code": "12", "category": "보물", "designation_no": 219, "display_name": "보물 논산 개태사지 석조여래삼존입상", "name": "논산 개태사지 석조여래삼존입상", "area": 12, "province": "충청남도", "district": "논산시" }, "geometry": { "type": "Point", "coordinates": [ 127.229276797333114, 36.240981687270498 ] } },
{ "type": "Feature", "properties": { "heritage_code": "12000220000010037", "category_code": "12", "category": "보물", "designation_no": 220, "display_name": "보물 영주 북지리 석조여래좌상(1963-1)", "name": "영주 북지리 석조여래좌상(1963-1)", "area": 0, "province": "경상북도", "district": "영주시" }, "geometry": { "type": "Point", "coordinates": [ 128.687403109138899, 36.999842597477596 ] } },
{ "type": "Feature", "properties": { "heritage_code": "12000221000000037", "category_code": "12", "category": "보물", "designation_no": 221, "display_name": "보물 영주 가흥동 마애여래삼존상 및 여래좌상", "name": "영주 가흥동 마애여래삼존상 및 여래좌상", "area": 5, "province": "경상북도", "district": "영주시" }, "geometry": { "type": "Point", "coordinates": [ 128.612923411702127, 36.809946959551041 ] } },
{ "type": "Feature", "properties": { "heritage_code": "12000222000000038", "category_code": "12", "category": "보물", "designation_no": 222, "display_name": "보물 합천 치인리 마애여래입상", "name": "합천 치인리 마애여래입상", "area": 5, "province": "경상남도", "district": "합천군" }, "geometry": { "type": "Point", "coordinates": [ 128.116704029978195, 35.813355046094038 ] } },
{ "type": "Feature", "properties": { "heritage_code": "12000223000000032", "category_code": "12", "category": "보물", "designation_no": 223, "display_name": "보물 철원 도피안사 삼층석탑", "name": "철원 도피안사 삼층석탑", "area": 3, "province": "강원특별자치도", "district": "철원군" }, "geometry": { "type": "Point", "coordinates": [ 127.21802400971329, 38.240436704978436 ] } },
{ "type": "Feature", "properties": { "heritage_code": "12000224000000034", "category_code": "12", "category": "보물", "designation_no": 224, "display_name": "보물 서천 성북리 오층석탑", "name": "서천 성북리 오층석탑", "area": 6, "province": "충청남도", "district": "서천군" }, "geometry": { "type": "Point", "coordinates": [ 126.598637694712522, 36.147387266131375 ] } },
{ "type": "Feature", "properties": { "heritage_code": "12000225000000031", "category_code": "12", "category": "보물", "designation_no": 225, "display_name": "보물 여주 신륵사 다층석탑", "name": "여주 신륵사 다층석탑", "area": 2, "province": "경기도", "district": "여주시" }, "geometry": { "type": "Point", "coordinates": [ 127.661687750641292, 37.297538128834937 ] } },
{ "type": "Feature", "properties": { "heritage_code": "12000226000000031", "category_code": "12", "category": "보물", "designation_no": 226, "display_name": "보물 여주 신륵사 다층전탑", "name": "여주 신륵사 다층전탑", "area": 17, "province": "경기도", "district": "여주시" }, "geometry": { "type": "Point", "coordinates": [ 127.662231449411379, 37.297118714692409 ] } },
{ "type": "Feature", "properties": { "heritage_code": "12000227000000038", "category_code": "12", "category": "보물", "designation_no": 227, "display_name": "보물 창녕 인양사 조성비", "name": "창녕 인양사 조성비", "area": 24, "province": "경상남도", "district": "창녕군" }, "geometry": { "type": "Point", "coordinates": [ 128.494103166817837, 35.543831810011689 ] } },
{ "type": "Feature", "properties": { "heritage_code": "12000228000000031", "category_code": "12", "category": "보물", "designation_no": 228, "display_name": "보물 여주 신륵사 보제존자석종", "name": "여주 신륵사 보제존자석종", "area": 4, "province": "경기도", "district": "여주시" }, "geometry": { "type": "Point", "coordinates": [ 127.661663007746441, 37.298374929741826 ] } },
{ "type": "Feature", "properties": { "heritage_code": "12000229000000031", "category_code": "12", "category": "보물", "designation_no": 229, "display_name": "보물 여주 신륵사 보제존자석종비", "name": "여주 신륵사 보제존자석종비", "area": 2, "province": "경기도", "district": "여주시" }, "geometry": { "type": "Point", "coordinates": [ 127.661739063085463, 37.298347344349246 ] } },
{ "type": "Feature", "properties": { "heritage_code": "12000230000000031", "category_code": "12", "category": "보물", "designation_no": 230, "display_name": "보물 여주 신륵사 대장각기비", "name": "여주 신륵사 대장각기비", "area": 1, "province": "경기도", "district": "여주시" }, "geometry": { "type": "Point", "coordinates": [ 127.662221570738097, 37.297376193390228 ] } },
{ "type": "Feature", "properties": { "heritage_code": "12000231000000031", "category_code": "12", "category": "보물", "designation_no": 231, "display_name": "보물 여주 신륵사 보제존자석종 앞 석등", "name": "여주 신륵사 보제존자석종 앞 석등", "area": 1, "province": "경기도", "district": "여주시" }, "geometry": { "type": "Point", "coordinates": [ 127.661625253707115, 37.298347494776806 ] } },
{ "type": "Feature", "properties": { "heritage_code": "12000232000000034", "category_code": "12", "category": "보물", "designation_no": 232, "display_name": "보물 논산 관촉사 석등", "name": "논산 관촉사 석등", "area": 4, "province": "충청남도", "district": "논산시" }, "geometry": { "type": "Point", "coordinates": [ 127.112943653501105, 36.188211498274512 ] } },
{ "type": "Feature", "properties": { "heritage_code": "12000233000000034", "category_code": "12", "category": "보물", "designation_no": 233, "display_name": "보물 부여 무량사 석등", "name": "부여 무량사 석등", "area": 2, "province": "충청남도", "district": "부여군" }, "geometry": { "type": "Point", "coordinates": [ 126.693327079054654, 36.316890737285583 ] } },
{ "type": "Feature", "properties": { "heritage_code": "12000234000000035", "category_code": "12", "category": "보물", "designation_no": 234, "display_name": "보물 군산 발산리 석등", "name": "군산 발산리 석등", "area": 1, "province": "전북특별자치도", "district": "군산시" }, "geometry": { "type": "Point", "coordinates": [ 126.7965291128247, 35.959445793596423 ] } },
{ "type": "Feature", "properties": { "heritage_code": "12000235000000011", "category_code": "12", "category": "보물", "designation_no": 235, "display_name": "보물 서울 장의사지 당간지주", "name": "서울 장의사지 당간지주", "area": 1, "province": "서울특별시", "district": "종로구" }, "geometry": { "type": "Point", "coordinates": [ 126.961218781656953, 37.602700316944087 ] } },
{ "type": "Feature", "properties": { "heritage_code": "12000236000000035", "category_code": "12", "category": "보물", "designation_no": 236, "display_name": "보물 익산 미륵사지 당간지주", "name": "익산 미륵사지 당간지주", "area": 15, "province": "전북특별자치도", "district": "익산시" }, "geometry": { "type": "Point", "coordinates": [ 127.030946069103877, 36.011688751293121 ] } },
{ "type": "Feature", "properties": { "heritage_code": "12000242000000037", "category_code": "12", "category": "보물", "designation_no": 242, "display_name": "보물 안동 개목사 원통전", "name": "안동 개목사 원통전", "area": 98, "province": "경상북도", "district": "안동시" }, "geometry": { "type": "Point", "coordinates": [ 128.667959465301578, 36.65801865656649 ] } },
{ "type": "Feature", "properties": { "heritage_code": "12000243000000022", "category_code": "12", "category": "보물", "designation_no": 243, "display_name": "보물 대구 동화사 마애여래좌상", "name": "대구 동화사 마애여래좌상", "area": 149, "province": "대구광역시", "district": "동구" }, "geometry": { "type": "Point", "coordinates": [ 128.701137307573418, 35.985682750223056 ] } },
{ "type": "Feature", "properties": { "heritage_code": "12000244000000022", "category_code": "12", "category": "보물", "designation_no": 244, "display_name": "보물 대구 동화사 비로암 석조비로자나불좌상", "name": "대구 동화사 비로암 석조비로자나불좌상", "area": 1, "province": "대구광역시", "district": "동구" }, "geometry": { "type": "Point", "coordinates": [ 128.702146684212408, 35.992268518796834 ] } },
{ "type": "Feature", "properties": { "heritage_code": "12000245000000037", "category_code": "12", "category": "보물", "designation_no": 245, "display_name": "보물 김천 갈항사지 석조여래좌상", "name": "김천 갈항사지 석조여래좌상", "area": 50, "province": "경상북도", "district": "김천시" }, "geometry": { "type": "Point", "coordinates": [ 128.27203427052342, 36.088170676327373 ] } },
{ "type": "Feature", "properties": { "heritage_code": "12000246000000037", "category_code": "12", "category": "보물", "designation_no": 246, "display_name": "보물 의성 고운사 석조여래좌상", "name": "의성 고운사 석조여래좌상", "area": 86, "province": "경상북도", "district": "의성군" }, "geometry": { "type": "Point", "coordinates": [ 128.750740564392203, 36.458542592573899 ] } },
{ "type": "Feature", "properties": { "heritage_code": "12000247000000022", "category_code": "12", "category": "보물", "designation_no": 247, "display_name": "보물 대구 동화사 비로암 삼층석탑", "name": "대구 동화사 비로암 삼층석탑", "area": 5, "province": "대구광역시", "district": "동구" }, "geometry": { "type": "Point", "coordinates": [ 128.702146412367796, 35.992105520681022 ] } },
{ "type": "Feature", "properties": { "heritage_code": "12000248000000022", "category_code": "12", "category": "보물", "designation_no": 248, "display_name": "보물 대구 동화사 금당암 동·서 삼층석탑", "name": "대구 동화사 금당암 동·서 삼층석탑", "area": 17, "province": "대구광역시", "district": "동구" }, "geometry": { "type": "Point", "coordinates": [ 128.704657795614622, 35.992713592977182 ] } },
{ "type": "Feature", "properties": { "heritage_code": "12000249000000037", "category_code": "12", "category": "보물", "designation_no": 249, "display_name": "보물 영주 부석사 삼층석탑", "name": "영주 부석사 삼층석탑", "area": 12, "province": "경상북도", "district": "영주시" }, "geometry": { "type": "Point", "coordinates": [ 128.687932173334104, 36.998823853018962 ] } },
{ "type": "Feature", "properties": { "heritage_code": "12000250000000021", "category_code": "12", "category": "보물", "designation_no": 250, "display_name": "보물 부산 범어사 삼층석탑", "name": "부산 범어사 삼층석탑", "area": 11, "province": "부산광역시", "district": "금정구" }, "geometry": { "type": "Point", "coordinates": [ 129.068414124906298, 35.284029618636787 ] } },
{ "type": "Feature", "properties": { "heritage_code": "12000251000000037", "category_code": "12", "category": "보물", "designation_no": 251, "display_name": "보물 칠곡 선봉사 대각국사비", "name": "칠곡 선봉사 대각국사비", "area": 2, "province": "경상북도", "district": "칠곡군" }, "geometry": { "type": "Point", "coordinates": [ 128.327952618938724, 36.086901724504095 ] } },
{ "type": "Feature", "properties": { "heritage_code": "12000252000000037", "category_code": "12", "category": "보물", "designation_no": 252, "display_name": "보물 포항 보경사 원진국사비", "name": "포항 보경사 원진국사비", "area": 2, "province": "경상북도", "district": "포항시" }, "geometry": { "type": "Point", "coordinates": [ 129.318214392792214, 36.25254138865909 ] } },
{ "type": "Feature", "properties": { "heritage_code": "12000253000000038", "category_code": "12", "category": "보물", "designation_no": 253, "display_name": "보물 합천 청량사 석등", "name": "합천 청량사 석등", "area": 5, "province": "경상남도", "district": "합천군" }, "geometry": { "type": "Point", "coordinates": [ 128.109839518410183, 35.772490665698584 ] } },
{ "type": "Feature", "properties": { "heritage_code": "12000254000000022", "category_code": "12", "category": "보물", "designation_no": 254, "display_name": "보물 대구 동화사 당간지주", "name": "대구 동화사 당간지주", "area": 1, "province": "대구광역시", "district": "동구" }, "geometry": { "type": "Point", "coordinates": [ 128.704436464676547, 35.992099074468733 ] } },
{ "type": "Feature", "properties": { "heritage_code": "12000255000000037", "category_code": "12", "category": "보물", "designation_no": 255, "display_name": "보물 영주 부석사 당간지주", "name": "영주 부석사 당간지주", "area": 1, "province": "경상북도", "district": "영주시" }, "geometry": { "type": "Point", "coordinates": [ 128.685640769175762, 36.997383436125759 ] } },
{ "type": "Feature", "properties": { "heritage_code": "12000256000000034", "category_code": "12", "category": "보물", "designation_no": 256, "display_name": "보물 공주 갑사 철당간", "name": "공주 갑사 철당간", "area": 4, "province": "충청남도", "district": "공주시" }, "geometry": { "type": "Point", "coordinates": [ 127.185395115815481, 36.364760766760881 ] } },
{ "type": "Feature", "properties": { "heritage_code": "12000257000000034", "category_code": "12", "category": "보물", "designation_no": 257, "display_name": "보물 공주 갑사 승탑", "name": "공주 갑사 승탑", "area": 2, "province": "충청남도", "district": "공주시" }, "geometry": { "type": "Point", "coordinates": [ 127.186437243161407, 36.364383223138731 ] } },
{ "type": "Feature", "properties": { "heritage_code": "12000263000000036", "category_code": "12", "category": "보물", "designation_no": 263, "display_name": "보물 순천 송광사 하사당", "name": "순천 송광사 하사당", "area": 89, "province": "전남광주통합특별시", "district": "순천시" }, "geometry": { "type": "Point", "coordinates": [ 127.276320509975562, 35.002471334621049 ] } },
{ "type": "Feature", "properties": { "heritage_code": "12000264000000038", "category_code": "12", "category": "보물", "designation_no": 264, "display_name": "보물 합천 해인사 석조여래입상", "name": "합천 해인사 석조여래입상", "area": 1, "province": "경상남도", "district": "합천군" }, "geometry": { "type": "Point", "coordinates": [ 128.116975610804246, 35.821004147513094 ] } },
{ "type": "Feature", "properties": { "heritage_code": "12000265000000038", "category_code": "12", "category": "보물", "designation_no": 265, "display_name": "보물 합천 청량사 석조여래좌상", "name": "합천 청량사 석조여래좌상", "area": 4, "province": "경상남도", "district": "합천군" }, "geometry": { "type": "Point", "coordinates": [ 128.109743591766147, 35.772780475873731 ] } },
{ "type": "Feature", "properties": { "heritage_code": "12000266000000038", "category_code": "12", "category": "보물", "designation_no": 266, "display_name": "보물 합천 청량사 삼층석탑", "name": "합천 청량사 삼층석탑", "area": 18, "province": "경상남도", "district": "합천군" }, "geometry": { "type": "Point", "coordinates": [ 128.109827240398289, 35.772536090292256 ] } },
{ "type": "Feature", "properties": { "heritage_code": "12000267000000035", "category_code": "12", "category": "보물", "designation_no": 267, "display_name": "보물 임실 진구사지 석등", "name": "임실 진구사지 석등", "area": 8, "province": "전북특별자치도", "district": "임실군" }, "geometry": { "type": "Point", "coordinates": [ 127.210446119091557, 35.634178565465483 ] } },
{ "type": "Feature", "properties": { "heritage_code": "12000272000000035", "category_code": "12", "category": "보물", "designation_no": 272, "display_name": "보물 장수향교 대성전", "name": "장수향교 대성전", "area": 199, "province": "전북특별자치도", "district": "장수군" }, "geometry": { "type": "Point", "coordinates": [ 127.523252223142535, 35.648472179164791 ] } },
{ "type": "Feature", "properties": { "heritage_code": "12000274000000036", "category_code": "12", "category": "보물", "designation_no": 274, "display_name": "보물 곡성 태안사 광자대사탑", "name": "곡성 태안사 광자대사탑", "area": 2, "province": "전남광주통합특별시", "district": "곡성군" }, "geometry": { "type": "Point", "coordinates": [ 127.386936462109972, 35.131163319492181 ] } },
{ "type": "Feature", "properties": { "heritage_code": "12000275000000036", "category_code": "12", "category": "보물", "designation_no": 275, "display_name": "보물 곡성 태안사 광자대사탑비", "name": "곡성 태안사 광자대사탑비", "area": 2, "province": "전남광주통합특별시", "district": "곡성군" }, "geometry": { "type": "Point", "coordinates": [ 127.386933346771698, 35.131095150070429 ] } },
{ "type": "Feature", "properties": { "heritage_code": "12000276000000035", "category_code": "12", "category": "보물", "designation_no": 276, "display_name": "보물 군산 발산리 오층석탑", "name": "군산 발산리 오층석탑", "area": 6, "province": "전북특별자치도", "district": "군산시" }, "geometry": { "type": "Point", "coordinates": [ 126.796718572070191, 35.959328602964078 ] } },
{ "type": "Feature", "properties": { "heritage_code": "12000289000000035", "category_code": "12", "category": "보물", "designation_no": 289, "display_name": "보물 정읍 피향정", "name": "정읍 피향정", "area": 18583, "province": "전북특별자치도", "district": "정읍시" }, "geometry": { "type": "Point", "coordinates": [ 126.94297038298879, 35.651348135954869 ] } },
{ "type": "Feature", "properties": { "heritage_code": "12000290000000035", "category_code": "12", "category": "보물", "designation_no": 290, "display_name": "보물 고창 선운사 대웅전", "name": "고창 선운사 대웅전", "area": 409, "province": "전북특별자치도", "district": "고창군" }, "geometry": { "type": "Point", "coordinates": [ 126.578159930878144, 35.497229307823126 ] } },
{ "type": "Feature", "properties": { "heritage_code": "12000291000000035", "category_code": "12", "category": "보물", "designation_no": 291, "display_name": "보물 부안 내소사 대웅보전", "name": "부안 내소사 대웅보전", "area": 283, "province": "전북특별자치도", "district": "부안군" }, "geometry": { "type": "Point", "coordinates": [ 126.586946267733822, 35.617659694582457 ] } },
{ "type": "Feature", "properties": { "heritage_code": "12000292000000035", "category_code": "12", "category": "보물", "designation_no": 292, "display_name": "보물 부안 개암사 대웅전", "name": "부안 개암사 대웅전", "area": 267, "province": "전북특별자치도", "district": "부안군" }, "geometry": { "type": "Point", "coordinates": [ 126.649798466978964, 35.66283366609585 ] } },
{ "type": "Feature", "properties": { "heritage_code": "12000294000000038", "category_code": "12", "category": "보물", "designation_no": 294, "display_name": "보물 함양 승안사지 삼층석탑", "name": "함양 승안사지 삼층석탑", "area": 3, "province": "경상남도", "district": "함양군" }, "geometry": { "type": "Point", "coordinates": [ 127.797204188024168, 35.572635664464904 ] } },
{ "type": "Feature", "properties": { "heritage_code": "12000295000000038", "category_code": "12", "category": "보물", "designation_no": 295, "display_name": "보물 창녕 관룡사 용선대 석조여래좌상", "name": "창녕 관룡사 용선대 석조여래좌상", "area": 2, "province": "경상남도", "district": "창녕군" }, "geometry": { "type": "Point", "coordinates": [ 128.54907008158267, 35.531611295006996 ] } },
{ "type": "Feature", "properties": { "heritage_code": "12000296000000037", "category_code": "12", "category": "보물", "designation_no": 296, "display_name": "보물 김천 청암사 수도암 석조보살좌상", "name": "김천 청암사 수도암 석조보살좌상", "area": 2, "province": "경상북도", "district": "김천시" }, "geometry": { "type": "Point", "coordinates": [ 127.996671865719577, 35.862002596664837 ] } },
{ "type": "Feature", "properties": { "heritage_code": "12000297000000037", "category_code": "12", "category": "보물", "designation_no": 297, "display_name": "보물 김천 청암사 수도암 동·서 삼층석탑", "name": "김천 청암사 수도암 동·서 삼층석탑", "area": 14, "province": "경상북도", "district": "김천시" }, "geometry": { "type": "Point", "coordinates": [ 127.996770696241057, 35.861889255775274 ] } },
{ "type": "Feature", "properties": { "heritage_code": "12000298000000036", "category_code": "12", "category": "보물", "designation_no": 298, "display_name": "보물 강진 월남사지 삼층석탑", "name": "강진 월남사지 삼층석탑", "area": 5, "province": "전남광주통합특별시", "district": "강진군" }, "geometry": { "type": "Point", "coordinates": [ 126.711694915214593, 34.742541557411705 ] } },
{ "type": "Feature", "properties": { "heritage_code": "12000299000000036", "category_code": "12", "category": "보물", "designation_no": 299, "display_name": "보물 구례 화엄사 대웅전", "name": "구례 화엄사 대웅전", "area": 479, "province": "전남광주통합특별시", "district": "구례군" }, "geometry": { "type": "Point", "coordinates": [ 127.497923033034851, 35.257266453086388 ] } },
{ "type": "Feature", "properties": { "heritage_code": "12000300000000036", "category_code": "12", "category": "보물", "designation_no": 300, "display_name": "보물 구례 화엄사 원통전 앞 사자탑", "name": "구례 화엄사 원통전 앞 사자탑", "area": 3, "province": "전남광주통합특별시", "district": "구례군" }, "geometry": { "type": "Point", "coordinates": [ 127.497479915083019, 35.257263944944299 ] } },
{ "type": "Feature", "properties": { "heritage_code": "12000301000000036", "category_code": "12", "category": "보물", "designation_no": 301, "display_name": "보물 해남 대흥사 북미륵암 삼층석탑", "name": "해남 대흥사 북미륵암 삼층석탑", "area": 5, "province": "전남광주통합특별시", "district": "해남군" }, "geometry": { "type": "Point", "coordinates": [ 126.630902171544321, 34.474825482124935 ] } },
{ "type": "Feature", "properties": { "heritage_code": "12000302000000036", "category_code": "12", "category": "보물", "designation_no": 302, "display_name": "보물 순천 송광사 약사전", "name": "순천 송광사 약사전", "area": 45, "province": "전남광주통합특별시", "district": "순천시" }, "geometry": { "type": "Point", "coordinates": [ 127.27581266479568, 35.00180497348871 ] } },
{ "type": "Feature", "properties": { "heritage_code": "12000303000000036", "category_code": "12", "category": "보물", "designation_no": 303, "display_name": "보물 순천 송광사 영산전", "name": "순천 송광사 영산전", "area": 111, "province": "전남광주통합특별시", "district": "순천시" }, "geometry": { "type": "Point", "coordinates": [ 127.27584362164437, 35.001720963022102 ] } },
{ "type": "Feature", "properties": { "heritage_code": "12000304000000036", "category_code": "12", "category": "보물", "designation_no": 304, "display_name": "보물 보성 벌교 홍교", "name": "보성 벌교 홍교", "area": 143, "province": "전남광주통합특별시", "district": "보성군" }, "geometry": { "type": "Point", "coordinates": [ 127.338305941304853, 34.849779236184048 ] } },
{ "type": "Feature", "properties": { "heritage_code": "12000305000000037", "category_code": "12", "category": "보물", "designation_no": 305, "display_name": "보물 안동 석빙고", "name": "안동 석빙고", "area": 457, "province": "경상북도", "district": "안동시" }, "geometry": { "type": "Point", "coordinates": [ 128.762686322711687, 36.575077310364826 ] } },
{ "type": "Feature", "properties": { "heritage_code": "12000306000000037", "category_code": "12", "category": "보물", "designation_no": 306, "display_name": "보물 안동 하회 양진당", "name": "안동 하회 양진당", "area": 434, "province": "경상북도", "district": "안동시" }, "geometry": { "type": "Point", "coordinates": [ 128.516671423264711, 36.538994211352012 ] } },
{ "type": "Feature", "properties": { "heritage_code": "12000307000000037", "category_code": "12", "category": "보물", "designation_no": 307, "display_name": "보물 김천 청암사 수도암 석조비로자나불좌상", "name": "김천 청암사 수도암 석조비로자나불좌상", "area": 10, "province": "경상북도", "district": "김천시" }, "geometry": { "type": "Point", "coordinates": [ 127.996516414689509, 35.861827726672317 ] } },
{ "type": "Feature", "properties": { "heritage_code": "12000308000000035", "category_code": "12", "category": "보물", "designation_no": 308, "display_name": "보물 전주 풍남문", "name": "전주 풍남문", "area": 375, "province": "전북특별자치도", "district": "전주시" }, "geometry": { "type": "Point", "coordinates": [ 127.147577389450163, 35.813510179350367 ] } },
{ "type": "Feature", "properties": { "heritage_code": "12000309000000035", "category_code": "12", "category": "보물", "designation_no": 309, "display_name": "보물 정읍 천곡사지 칠층석탑", "name": "정읍 천곡사지 칠층석탑", "area": 6, "province": "전북특별자치도", "district": "정읍시" }, "geometry": { "type": "Point", "coordinates": [ 126.825863639294496, 35.614532112491872 ] } },
{ "type": "Feature", "properties": { "heritage_code": "12000310000000038", "category_code": "12", "category": "보물", "designation_no": 310, "display_name": "보물 창녕 석빙고", "name": "창녕 석빙고", "area": 569, "province": "경상남도", "district": "창녕군" }, "geometry": { "type": "Point", "coordinates": [ 128.498452053335114, 35.542607310159639 ] } },
{ "type": "Feature", "properties": { "heritage_code": "12000312000000038", "category_code": "12", "category": "보물", "designation_no": 312, "display_name": "보물 밀양 소태리 오층석탑", "name": "밀양 소태리 오층석탑", "area": 10, "province": "경상남도", "district": "밀양시" }, "geometry": { "type": "Point", "coordinates": [ 128.626733689423759, 35.561525100676171 ] } },
{ "type": "Feature", "properties": { "heritage_code": "12000313000000036", "category_code": "12", "category": "보물", "designation_no": 313, "display_name": "보물 강진 월남사지 진각국사비", "name": "강진 월남사지 진각국사비", "area": 6, "province": "전남광주통합특별시", "district": "강진군" }, "geometry": { "type": "Point", "coordinates": [ 126.710707675460256, 34.742726615225088 ] } },
{ "type": "Feature", "properties": { "heritage_code": "12000316000000037", "category_code": "12", "category": "보물", "designation_no": 316, "display_name": "보물 청도 운문사 원응국사비", "name": "청도 운문사 원응국사비", "area": 2, "province": "경상북도", "district": "청도군" }, "geometry": { "type": "Point", "coordinates": [ 128.960908901501398, 35.660972791454064 ] } },
{ "type": "Feature", "properties": { "heritage_code": "12000317000000037", "category_code": "12", "category": "보물", "designation_no": 317, "display_name": "보물 청도 운문사 석조여래좌상", "name": "청도 운문사 석조여래좌상", "area": 0, "province": "경상북도", "district": "청도군" }, "geometry": { "type": "Point", "coordinates": [ 128.96014957159565, 35.661145509868703 ] } },
{ "type": "Feature", "properties": { "heritage_code": "12000318000000037", "category_code": "12", "category": "보물", "designation_no": 318, "display_name": "보물 청도 운문사 석조사천왕상", "name": "청도 운문사 석조사천왕상", "area": 0, "province": "경상북도", "district": "청도군" }, "geometry": { "type": "Point", "coordinates": [ 128.960147194614621, 35.66113396251987 ] } },
{ "type": "Feature", "properties": { "heritage_code": "12000320000000036", "category_code": "12", "category": "보물", "designation_no": 320, "display_name": "보물 해남 대흥사 삼층석탑", "name": "해남 대흥사 삼층석탑", "area": 18, "province": "전남광주통합특별시", "district": "해남군" }, "geometry": { "type": "Point", "coordinates": [ 126.617158899039978, 34.477250547072934 ] } },
{ "type": "Feature", "properties": { "heritage_code": "12000322000000050", "category_code": "12", "category": "보물", "designation_no": 322, "display_name": "보물 제주 관덕정", "name": "제주 관덕정", "area": 459, "province": "제주특별자치도", "district": "제주시" }, "geometry": { "type": "Point", "coordinates": [ 126.521489474308609, 33.51336094448564 ] } },
{ "type": "Feature", "properties": { "heritage_code": "12000323000000037", "category_code": "12", "category": "보물", "designation_no": 323, "display_name": "보물 청도 석빙고", "name": "청도 석빙고", "area": 96, "province": "경상북도", "district": "청도군" }, "geometry": { "type": "Point", "coordinates": [ 128.708408254502586, 35.649433729919991 ] } },
{ "type": "Feature", "properties": { "heritage_code": "12000327000000037", "category_code": "12", "category": "보물", "designation_no": 327, "display_name": "보물 의성 빙산사지 오층석탑", "name": "의성 빙산사지 오층석탑", "area": 17, "province": "경상북도", "district": "의성군" }, "geometry": { "type": "Point", "coordinates": [ 128.755646798823705, 36.230802643570009 ] } },
{ "type": "Feature", "properties": { "heritage_code": "12000350000000022", "category_code": "12", "category": "보물", "designation_no": 350, "display_name": "보물 달성 도동서원 중정당·사당·담장", "name": "달성 도동서원 중정당·사당·담장", "area": 95, "province": "대구광역시", "district": "달성군" }, "geometry": { "type": "Point", "coordinates": [ 128.370369895012146, 35.701462866969301 ] } },
{ "type": "Feature", "properties": { "heritage_code": "12000351000000011", "category_code": "12", "category": "보물", "designation_no": 351, "display_name": "보물 전 양평 보리사지 대경대사탑", "name": "전 양평 보리사지 대경대사탑", "area": 2, "province": "서울특별시", "district": "서대문구" }, "geometry": { "type": "Point", "coordinates": [ 126.948681769565482, 37.562935786009191 ] } },
{ "type": "Feature", "properties": { "heritage_code": "12000353000000038", "category_code": "12", "category": "보물", "designation_no": 353, "display_name": "보물 합천 영암사지 쌍사자 석등", "name": "합천 영암사지 쌍사자 석등", "area": 1, "province": "경상남도", "district": "합천군" }, "geometry": { "type": "Point", "coordinates": [ 128.002736246660533, 35.474308281265081 ] } },
{ "type": "Feature", "properties": { "heritage_code": "12000354000000034", "category_code": "12", "category": "보물", "designation_no": 354, "display_name": "보물 천안 천흥사지 오층석탑", "name": "천안 천흥사지 오층석탑", "area": 11, "province": "충청남도", "district": "천안시" }, "geometry": { "type": "Point", "coordinates": [ 127.213157270195794, 36.870137781017533 ] } },
{ "type": "Feature", "properties": { "heritage_code": "12000355000000034", "category_code": "12", "category": "보물", "designation_no": 355, "display_name": "보물 홍성 신경리 마애여래입상", "name": "홍성 신경리 마애여래입상", "area": 22, "province": "충청남도", "district": "홍성군" }, "geometry": { "type": "Point", "coordinates": [ 126.654617015489507, 36.651004553818574 ] } },
{ "type": "Feature", "properties": { "heritage_code": "12000356000000034", "category_code": "12", "category": "보물", "designation_no": 356, "display_name": "보물 부여 무량사 극락전", "name": "부여 무량사 극락전", "area": 501, "province": "충청남도", "district": "부여군" }, "geometry": { "type": "Point", "coordinates": [ 126.6933291346907, 36.317233478152957 ] } },
{ "type": "Feature", "properties": { "heritage_code": "12000357000000022", "category_code": "12", "category": "보물", "designation_no": 357, "display_name": "보물 칠곡 정도사지 오층석탑", "name": "칠곡 정도사지 오층석탑", "area": 6, "province": "대구광역시", "district": "수성구" }, "geometry": { "type": "Point", "coordinates": [ 128.638386776689714, 35.84559022225438 ] } },
{ "type": "Feature", "properties": { "heritage_code": "12000358000000011", "category_code": "12", "category": "보물", "designation_no": 358, "display_name": "보물 원주 영전사지 보제존자탑", "name": "원주 영전사지 보제존자탑", "area": 9, "province": "서울특별시", "district": "용산구" }, "geometry": { "type": "Point", "coordinates": [ 126.981483861611451, 37.52213780752885 ] } },
{ "type": "Feature", "properties": { "heritage_code": "12000361000000011", "category_code": "12", "category": "보물", "designation_no": 361, "display_name": "보물 양평 보리사지 대경대사탑비", "name": "양평 보리사지 대경대사탑비", "area": 3, "province": "서울특별시", "district": "용산구" }, "geometry": { "type": "Point", "coordinates": [ 126.981052335342312, 37.52352231988435 ] } },
{ "type": "Feature", "properties": { "heritage_code": "12000362000000011", "category_code": "12", "category": "보물", "designation_no": 362, "display_name": "보물 창원 봉림사지 진경대사탑", "name": "창원 봉림사지 진경대사탑", "area": 2, "province": "서울특별시", "district": "용산구" }, "geometry": { "type": "Point", "coordinates": [ 126.980713048791046, 37.52350848162866 ] } },
{ "type": "Feature", "properties": { "heritage_code": "12000365000000011", "category_code": "12", "category": "보물", "designation_no": 365, "display_name": "보물 원주 흥법사지 진공대사탑 및 석관", "name": "원주 흥법사지 진공대사탑 및 석관", "area": 4, "province": "서울특별시", "district": "용산구" }, "geometry": { "type": "Point", "coordinates": [ 126.981148488026747, 37.52348233447529 ] } },
{ "type": "Feature", "properties": { "heritage_code": "12000369000000026", "category_code": "12", "category": "보물", "designation_no": 369, "display_name": "보물 울주 석남사 승탑", "name": "울주 석남사 승탑", "area": 2, "province": "울산광역시", "district": "울주군" }, "geometry": { "type": "Point", "coordinates": [ 129.032633318151454, 35.621699981645349 ] } },
{ "type": "Feature", "properties": { "heritage_code": "12000370000000026", "category_code": "12", "category": "보물", "designation_no": 370, "display_name": "보물 울주 간월사지 석조여래좌상", "name": "울주 간월사지 석조여래좌상", "area": 3, "province": "울산광역시", "district": "울주군" }, "geometry": { "type": "Point", "coordinates": [ 129.072736341683338, 35.555430149207069 ] } },
{ "type": "Feature", "properties": { "heritage_code": "12000371000000038", "category_code": "12", "category": "보물", "designation_no": 371, "display_name": "보물 산청 사월리 석조여래좌상", "name": "산청 사월리 석조여래좌상", "area": 85, "province": "경상남도", "district": "진주시" }, "geometry": { "type": "Point", "coordinates": [ 128.083333363312192, 35.175025282055813 ] } },
{ "type": "Feature", "properties": { "heritage_code": "12000372000000038", "category_code": "12", "category": "보물", "designation_no": 372, "display_name": "보물 진주 용암사지 승탑", "name": "진주 용암사지 승탑", "area": 3, "province": "경상남도", "district": "진주시" }, "geometry": { "type": "Point", "coordinates": [ 128.330154981189253, 35.162837276524428 ] } },
{ "type": "Feature", "properties": { "heritage_code": "12000373000000038", "category_code": "12", "category": "보물", "designation_no": 373, "display_name": "보물 의령 보천사지 삼층석탑", "name": "의령 보천사지 삼층석탑", "area": 16, "province": "경상남도", "district": "의령군" }, "geometry": { "type": "Point", "coordinates": [ 128.234263821251488, 35.309746157577464 ] } },
{ "type": "Feature", "properties": { "heritage_code": "12000374000000038", "category_code": "12", "category": "보물", "designation_no": 374, "display_name": "보물 산청 율곡사 대웅전", "name": "산청 율곡사 대웅전", "area": 212, "province": "경상남도", "district": "산청군" }, "geometry": { "type": "Point", "coordinates": [ 127.966624859430752, 35.416421163209328 ] } },
{ "type": "Feature", "properties": { "heritage_code": "12000375000000038", "category_code": "12", "category": "보물", "designation_no": 375, "display_name": "보물 함양 덕전리 마애여래입상", "name": "함양 덕전리 마애여래입상", "area": 26, "province": "경상남도", "district": "함양군" }, "geometry": { "type": "Point", "coordinates": [ 127.655399429924813, 35.38491476427243 ] } },
{ "type": "Feature", "properties": { "heritage_code": "12000376000000038", "category_code": "12", "category": "보물", "designation_no": 376, "display_name": "보물 함양 교산리 석조여래좌상", "name": "함양 교산리 석조여래좌상", "area": 5, "province": "경상남도", "district": "함양군" }, "geometry": { "type": "Point", "coordinates": [ 127.730586952196518, 35.525176864097062 ] } },
{ "type": "Feature", "properties": { "heritage_code": "12000377000000038", "category_code": "12", "category": "보물", "designation_no": 377, "display_name": "보물 거창 양평리 석조여래입상", "name": "거창 양평리 석조여래입상", "area": 20, "province": "경상남도", "district": "거창군" }, "geometry": { "type": "Point", "coordinates": [ 127.932214681881675, 35.700194488505467 ] } },
{ "type": "Feature", "properties": { "heritage_code": "12000378000000038", "category_code": "12", "category": "보물", "designation_no": 378, "display_name": "보물 거창 상림리 석조보살입상", "name": "거창 상림리 석조보살입상", "area": 28, "province": "경상남도", "district": "거창군" }, "geometry": { "type": "Point", "coordinates": [ 127.894665721146069, 35.687615075141991 ] } },
{ "type": "Feature", "properties": { "heritage_code": "12000379000000038", "category_code": "12", "category": "보물", "designation_no": 379, "display_name": "보물 진주 묘엄사지 삼층석탑", "name": "진주 묘엄사지 삼층석탑", "area": 6, "province": "경상남도", "district": "진주시" }, "geometry": { "type": "Point", "coordinates": [ 127.940839993280349, 35.195992348425555 ] } },
{ "type": "Feature", "properties": { "heritage_code": "12000380000000038", "category_code": "12", "category": "보물", "designation_no": 380, "display_name": "보물 하동 쌍계사 승탑", "name": "하동 쌍계사 승탑", "area": 1, "province": "경상남도", "district": "하동군" }, "geometry": { "type": "Point", "coordinates": [ 127.65236667302014, 35.23500708671876 ] } },
{ "type": "Feature", "properties": { "heritage_code": "12000381000000038", "category_code": "12", "category": "보물", "designation_no": 381, "display_name": "보물 합천 백암리 석등", "name": "합천 백암리 석등", "area": 1, "province": "경상남도", "district": "합천군" }, "geometry": { "type": "Point", "coordinates": [ 128.219575342749465, 35.508155620047162 ] } },
{ "type": "Feature", "properties": { "heritage_code": "12000382000000026", "category_code": "12", "category": "보물", "designation_no": 382, "display_name": "보물 울주 청송사지 삼층석탑", "name": "울주 청송사지 삼층석탑", "area": 19, "province": "울산광역시", "district": "울주군" }, "geometry": { "type": "Point", "coordinates": [ 129.223365448770608, 35.522433046346222 ] } },
{ "type": "Feature", "properties": { "heritage_code": "12000383000000011", "category_code": "12", "category": "보물", "designation_no": 383, "display_name": "보물 창덕궁 돈화문", "name": "창덕궁 돈화문", "area": 466, "province": "서울특별시", "district": "종로구" }, "geometry": { "type": "Point", "coordinates": [ 126.989943141531796, 37.57785383122809 ] } },
{ "type": "Feature", "properties": { "heritage_code": "12000384000000011", "category_code": "12", "category": "보물", "designation_no": 384, "display_name": "보물 창경궁 홍화문", "name": "창경궁 홍화문", "area": 279, "province": "서울특별시", "district": "종로구" }, "geometry": { "type": "Point", "coordinates": [ 126.996364191368244, 37.578849950590701 ] } },
{ "type": "Feature", "properties": { "heritage_code": "12000385000000011", "category_code": "12", "category": "보물", "designation_no": 385, "display_name": "보물 창경궁 명정문 및 행각", "name": "창경궁 명정문 및 행각", "area": 3232, "province": "서울특별시", "district": "종로구" }, "geometry": { "type": "Point", "coordinates": [ 126.995706092140168, 37.57880536614465 ] } },
{ "type": "Feature", "properties": { "heritage_code": "12000386000000011", "category_code": "12", "category": "보물", "designation_no": 386, "display_name": "보물 창경궁 옥천교", "name": "창경궁 옥천교", "area": 63, "province": "서울특별시", "district": "종로구" }, "geometry": { "type": "Point", "coordinates": [ 126.996119283008028, 37.578831842352315 ] } },
{ "type": "Feature", "properties": { "heritage_code": "12000387000000031", "category_code": "12", "category": "보물", "designation_no": 387, "display_name": "보물 양주 회암사지 선각왕사비", "name": "양주 회암사지 선각왕사비", "area": 5, "province": "경기도", "district": "양주시" }, "geometry": { "type": "Point", "coordinates": [ 127.107305003395197, 37.85102659857192 ] } },
{ "type": "Feature", "properties": { "heritage_code": "12000388000000031", "category_code": "12", "category": "보물", "designation_no": 388, "display_name": "보물 양주 회암사지 무학대사탑", "name": "양주 회암사지 무학대사탑", "area": 10, "province": "경기도", "district": "양주시" }, "geometry": { "type": "Point", "coordinates": [ 127.108036536157854, 37.849816090985414 ] } },
{ "type": "Feature", "properties": { "heritage_code": "12000389000000031", "category_code": "12", "category": "보물", "designation_no": 389, "display_name": "보물 양주 회암사지 무학대사탑 앞 쌍사자 석등", "name": "양주 회암사지 무학대사탑 앞 쌍사자 석등", "area": 1, "province": "경기도", "district": "양주시" }, "geometry": { "type": "Point", "coordinates": [ 127.108033364174105, 37.849772930132765 ] } },
{ "type": "Feature", "properties": { "heritage_code": "12000394000000036", "category_code": "12", "category": "보물", "designation_no": 394, "display_name": "보물 나주향교 대성전", "name": "나주향교 대성전", "area": 330, "province": "전남광주통합특별시", "district": "나주시" }, "geometry": { "type": "Point", "coordinates": [ 126.711377079548171, 35.033341349894798 ] } },
{ "type": "Feature", "properties": { "heritage_code": "12000395000000036", "category_code": "12", "category": "보물", "designation_no": 395, "display_name": "보물 순천 선암사 동·서 삼층석탑", "name": "순천 선암사 동·서 삼층석탑", "area": 16, "province": "전남광주통합특별시", "district": "순천시" }, "geometry": { "type": "Point", "coordinates": [ 127.331204443346465, 34.996427320313614 ] } },
{ "type": "Feature", "properties": { "heritage_code": "12000396000000036", "category_code": "12", "category": "보물", "designation_no": 396, "display_name": "보물 여수 흥국사 대웅전", "name": "여수 흥국사 대웅전", "area": 419, "province": "전남광주통합특별시", "district": "여수시" }, "geometry": { "type": "Point", "coordinates": [ 127.700528173998222, 34.821109168114226 ] } },
{ "type": "Feature", "properties": { "heritage_code": "12000399000000034", "category_code": "12", "category": "보물", "designation_no": 399, "display_name": "보물 홍성 고산사 대웅전", "name": "홍성 고산사 대웅전", "area": 107, "province": "충청남도", "district": "홍성군" }, "geometry": { "type": "Point", "coordinates": [ 126.53727738897004, 36.545024233384162 ] } },
{ "type": "Feature", "properties": { "heritage_code": "12000400000000036", "category_code": "12", "category": "보물", "designation_no": 400, "display_name": "보물 순천 선암사 승선교", "name": "순천 선암사 승선교", "area": 45, "province": "전남광주통합특별시", "district": "순천시" }, "geometry": { "type": "Point", "coordinates": [ 127.333336556502132, 34.993971719518115 ] } },
{ "type": "Feature", "properties": { "heritage_code": "12000402000000031", "category_code": "12", "category": "보물", "designation_no": 402, "display_name": "보물 수원 팔달문", "name": "수원 팔달문", "area": 398, "province": "경기도", "district": "수원시" }, "geometry": { "type": "Point", "coordinates": [ 127.016737494456464, 37.277557781076695 ] } },
{ "type": "Feature", "properties": { "heritage_code": "12000403000000031", "category_code": "12", "category": "보물", "designation_no": 403, "display_name": "보물 수원 화서문", "name": "수원 화서문", "area": 188, "province": "경기도", "district": "수원시" }, "geometry": { "type": "Point", "coordinates": [ 127.009680868758792, 37.2855757264198 ] } },
{ "type": "Feature", "properties": { "heritage_code": "12000404000000033", "category_code": "12", "category": "보물", "designation_no": 404, "display_name": "보물 진천 연곡리 석비", "name": "진천 연곡리 석비", "area": 3, "province": "충청북도", "district": "진천군" }, "geometry": { "type": "Point", "coordinates": [ 127.34022021048419, 36.839852760750553 ] } },
{ "type": "Feature", "properties": { "heritage_code": "12000405000000033", "category_code": "12", "category": "보물", "designation_no": 405, "display_name": "보물 단양 향산리 삼층석탑", "name": "단양 향산리 삼층석탑", "area": 5, "province": "충청북도", "district": "단양군" }, "geometry": { "type": "Point", "coordinates": [ 128.417767680019978, 37.05423420135385 ] } },
{ "type": "Feature", "properties": { "heritage_code": "12000406000000033", "category_code": "12", "category": "보물", "designation_no": 406, "display_name": "보물 제천 덕주사 마애여래입상", "name": "제천 덕주사 마애여래입상", "area": 7, "province": "충청북도", "district": "제천시" }, "geometry": { "type": "Point", "coordinates": [ 128.104907606603803, 36.869829055728772 ] } },
{ "type": "Feature", "properties": { "heritage_code": "12000407000000034", "category_code": "12", "category": "보물", "designation_no": 407, "display_name": "보물 천안 삼태리 마애여래입상", "name": "천안 삼태리 마애여래입상", "area": 42, "province": "충청남도", "district": "천안시" }, "geometry": { "type": "Point", "coordinates": [ 127.085947017375887, 36.727830257490943 ] } },
{ "type": "Feature", "properties": { "heritage_code": "12000408000000034", "category_code": "12", "category": "보물", "designation_no": 408, "display_name": "보물 논산 쌍계사 대웅전", "name": "논산 쌍계사 대웅전", "area": 392, "province": "충청남도", "district": "논산시" }, "geometry": { "type": "Point", "coordinates": [ 127.205868576682192, 36.105509451454317 ] } },
{ "type": "Feature", "properties": { "heritage_code": "12000411000000037", "category_code": "12", "category": "보물", "designation_no": 411, "display_name": "보물 경주 양동 무첨당", "name": "경주 양동 무첨당", "area": 596, "province": "경상북도", "district": "경주시" }, "geometry": { "type": "Point", "coordinates": [ 129.2527143438042, 36.00195404963776 ] } },
{ "type": "Feature", "properties": { "heritage_code": "12000412000000037", "category_code": "12", "category": "보물", "designation_no": 412, "display_name": "보물 경주 양동 향단", "name": "경주 양동 향단", "area": 482, "province": "경상북도", "district": "경주시" }, "geometry": { "type": "Point", "coordinates": [ 129.252884111713456, 36.000074183926792 ] } },
{ "type": "Feature", "properties": { "heritage_code": "12000413000000037", "category_code": "12", "category": "보물", "designation_no": 413, "display_name": "보물 경주 독락당", "name": "경주 독락당", "area": 96, "province": "경상북도", "district": "경주시" }, "geometry": { "type": "Point", "coordinates": [ 129.160115532116748, 36.016671265698136 ] } },
{ "type": "Feature", "properties": { "heritage_code": "12000414000000037", "category_code": "12", "category": "보물", "designation_no": 414, "display_name": "보물 안동 하회 충효당", "name": "안동 하회 충효당", "area": 506, "province": "경상북도", "district": "안동시" }, "geometry": { "type": "Point", "coordinates": [ 128.517097537470534, 36.538447242589747 ] } },
{ "type": "Feature", "properties": { "heritage_code": "12000423000000035", "category_code": "12", "category": "보물", "designation_no": 423, "display_name": "보물 남원 신계리 마애여래좌상", "name": "남원 신계리 마애여래좌상", "area": 5, "province": "전북특별자치도", "district": "남원시" }, "geometry": { "type": "Point", "coordinates": [ 127.301921492387024, 35.434540416252112 ] } },
{ "type": "Feature", "properties": { "heritage_code": "12000424000000037", "category_code": "12", "category": "보물", "designation_no": 424, "display_name": "보물 예천 청룡사 석조여래좌상", "name": "예천 청룡사 석조여래좌상", "area": 1, "province": "경상북도", "district": "예천군" }, "geometry": { "type": "Point", "coordinates": [ 128.400942795273892, 36.731078484484115 ] } },
{ "type": "Feature", "properties": { "heritage_code": "12000425000000037", "category_code": "12", "category": "보물", "designation_no": 425, "display_name": "보물 예천 청룡사 석조비로자나불좌상", "name": "예천 청룡사 석조비로자나불좌상", "area": 1, "province": "경상북도", "district": "예천군" }, "geometry": { "type": "Point", "coordinates": [ 128.40092344835702, 36.731080250413548 ] } },
{ "type": "Feature", "properties": { "heritage_code": "12000426000000037", "category_code": "12", "category": "보물", "designation_no": 426, "display_name": "보물 예천 동본리 삼층석탑", "name": "예천 동본리 삼층석탑", "area": 3, "province": "경상북도", "district": "예천군" }, "geometry": { "type": "Point", "coordinates": [ 128.461758837065503, 36.658933492973532 ] } },
{ "type": "Feature", "properties": { "heritage_code": "12000427000000037", "category_code": "12", "category": "보물", "designation_no": 427, "display_name": "보물 예천 동본리 석조여래입상", "name": "예천 동본리 석조여래입상", "area": 3, "province": "경상북도", "district": "예천군" }, "geometry": { "type": "Point", "coordinates": [ 128.461707544689858, 36.659020195552095 ] } },
{ "type": "Feature", "properties": { "heritage_code": "12000428000000022", "category_code": "12", "category": "보물", "designation_no": 428, "display_name": "보물 군위 인각사 보각국사탑 및 비", "name": "군위 인각사 보각국사탑 및 비", "area": 7, "province": "대구광역시", "district": "군위군" }, "geometry": { "type": "Point", "coordinates": [ 128.779917918609328, 36.127427329162032 ] } },
{ "type": "Feature", "properties": { "heritage_code": "12000429000000037", "category_code": "12", "category": "보물", "designation_no": 429, "display_name": "보물 경산 불굴사 삼층석탑", "name": "경산 불굴사 삼층석탑", "area": 6, "province": "경상북도", "district": "경산시" }, "geometry": { "type": "Point", "coordinates": [ 128.778448128641287, 35.945343023433196 ] } },
{ "type": "Feature", "properties": { "heritage_code": "12000430000000037", "category_code": "12", "category": "보물", "designation_no": 430, "display_name": "보물 포항 보경사 승탑", "name": "포항 보경사 승탑", "area": 2, "province": "경상북도", "district": "포항시" }, "geometry": { "type": "Point", "coordinates": [ 129.318992046986551, 36.25430471182915 ] } },
{ "type": "Feature", "properties": { "heritage_code": "12000431000000037", "category_code": "12", "category": "보물", "designation_no": 431, "display_name": "보물 경산 팔공산 관봉 석조여래좌상", "name": "경산 팔공산 관봉 석조여래좌상", "area": 9, "province": "경상북도", "district": "경산시" }, "geometry": { "type": "Point", "coordinates": [ 128.735976595262628, 35.981615466133157 ] } },
{ "type": "Feature", "properties": { "heritage_code": "12000433000000033", "category_code": "12", "category": "보물", "designation_no": 433, "display_name": "보물 괴산 각연사 석조비로자나불좌상", "name": "괴산 각연사 석조비로자나불좌상", "area": 174, "province": "충청북도", "district": "괴산군" }, "geometry": { "type": "Point", "coordinates": [ 127.927690746794724, 36.754742218939136 ] } },
{ "type": "Feature", "properties": { "heritage_code": "12000434000000021", "category_code": "12", "category": "보물", "designation_no": 434, "display_name": "보물 부산 범어사 대웅전", "name": "부산 범어사 대웅전", "area": 264, "province": "부산광역시", "district": "금정구" }, "geometry": { "type": "Point", "coordinates": [ 129.068144199838514, 35.283934136714592 ] } },
{ "type": "Feature", "properties": { "heritage_code": "12000435000000031", "category_code": "12", "category": "보물", "designation_no": 435, "display_name": "보물 안성 봉업사지 오층석탑", "name": "안성 봉업사지 오층석탑", "area": 8, "province": "경기도", "district": "안성시" }, "geometry": { "type": "Point", "coordinates": [ 127.430766189259842, 37.078449859374452 ] } },
{ "type": "Feature", "properties": { "heritage_code": "12000436000000038", "category_code": "12", "category": "보물", "designation_no": 436, "display_name": "보물 창원 불곡사 석조비로자나불좌상", "name": "창원 불곡사 석조비로자나불좌상", "area": 25, "province": "경상남도", "district": "창원시" }, "geometry": { "type": "Point", "coordinates": [ 128.701825727666886, 35.215832159084869 ] } },
{ "type": "Feature", "properties": { "heritage_code": "12000439000000032", "category_code": "12", "category": "보물", "designation_no": 439, "display_name": "보물 양양 진전사지 도의선사탑", "name": "양양 진전사지 도의선사탑", "area": 5, "province": "강원특별자치도", "district": "양양군" }, "geometry": { "type": "Point", "coordinates": [ 128.546049507229071, 38.122668625936285 ] } },
{ "type": "Feature", "properties": { "heritage_code": "12000442000000037", "category_code": "12", "category": "보물", "designation_no": 442, "display_name": "보물 경주 양동 관가정", "name": "경주 양동 관가정", "area": 384, "province": "경상북도", "district": "경주시" }, "geometry": { "type": "Point", "coordinates": [ 129.252010267559882, 35.999468706042229 ] } },
{ "type": "Feature", "properties": { "heritage_code": "12000443000000032", "category_code": "12", "category": "보물", "designation_no": 443, "display_name": "보물 속초 향성사지 삼층석탑", "name": "속초 향성사지 삼층석탑", "area": 11, "province": "강원특별자치도", "district": "속초시" }, "geometry": { "type": "Point", "coordinates": [ 128.499525766915838, 38.172002731004021 ] } },
{ "type": "Feature", "properties": { "heritage_code": "12000444000000032", "category_code": "12", "category": "보물", "designation_no": 444, "display_name": "보물 양양 선림원지 삼층석탑", "name": "양양 선림원지 삼층석탑", "area": 9, "province": "강원특별자치도", "district": "양양군" }, "geometry": { "type": "Point", "coordinates": [ 128.516270558557153, 37.944497638832097 ] } },
{ "type": "Feature", "properties": { "heritage_code": "12000445000000032", "category_code": "12", "category": "보물", "designation_no": 445, "display_name": "보물 양양 선림원지 석등", "name": "양양 선림원지 석등", "area": 3, "province": "강원특별자치도", "district": "양양군" }, "geometry": { "type": "Point", "coordinates": [ 128.515992569318257, 37.945256903955539 ] } },
{ "type": "Feature", "properties": { "heritage_code": "12000446000000032", "category_code": "12", "category": "보물", "designation_no": 446, "display_name": "보물 양양 선림원지 홍각선사탑비", "name": "양양 선림원지 홍각선사탑비", "area": 3, "province": "강원특별자치도", "district": "양양군" }, "geometry": { "type": "Point", "coordinates": [ 128.515941058508929, 37.945360198372377 ] } },
{ "type": "Feature", "properties": { "heritage_code": "12000447000000032", "category_code": "12", "category": "보물", "designation_no": 447, "display_name": "보물 양양 선림원지 승탑", "name": "양양 선림원지 승탑", "area": 2, "province": "강원특별자치도", "district": "양양군" }, "geometry": { "type": "Point", "coordinates": [ 128.5163375041964, 37.944938897761894 ] } },
{ "type": "Feature", "properties": { "heritage_code": "12000448000000037", "category_code": "12", "category": "보물", "designation_no": 448, "display_name": "보물 안동 봉정사 화엄강당", "name": "안동 봉정사 화엄강당", "area": 194, "province": "경상북도", "district": "안동시" }, "geometry": { "type": "Point", "coordinates": [ 128.66252960591936, 36.653329993992116 ] } },
{ "type": "Feature", "properties": { "heritage_code": "12000449000000037", "category_code": "12", "category": "보물", "designation_no": 449, "display_name": "보물 안동 봉정사 고금당", "name": "안동 봉정사 고금당", "area": 70, "province": "경상북도", "district": "안동시" }, "geometry": { "type": "Point", "coordinates": [ 128.662316430932918, 36.653379024329901 ] } },
{ "type": "Feature", "properties": { "heritage_code": "12000450000000037", "category_code": "12", "category": "보물", "designation_no": 450, "display_name": "보물 안동 의성김씨 종택", "name": "안동 의성김씨 종택", "area": 657, "province": "경상북도", "district": "안동시" }, "geometry": { "type": "Point", "coordinates": [ 128.856397795398237, 36.535910675363148 ] } },
{ "type": "Feature", "properties": { "heritage_code": "12000457000000037", "category_code": "12", "category": "보물", "designation_no": 457, "display_name": "보물 예천권씨 초간종택 별당", "name": "예천권씨 초간종택 별당", "area": 127, "province": "경상북도", "district": "예천군" }, "geometry": { "type": "Point", "coordinates": [ 128.39762331395022, 36.692321252083779 ] } },
{ "type": "Feature", "properties": { "heritage_code": "12000459000000033", "category_code": "12", "category": "보물", "designation_no": 459, "display_name": "보물 제천 장락동 칠층모전석탑", "name": "제천 장락동 칠층모전석탑", "area": 18, "province": "충청북도", "district": "제천시" }, "geometry": { "type": "Point", "coordinates": [ 128.230522248762611, 37.147789223041094 ] } },
{ "type": "Feature", "properties": { "heritage_code": "12000461000000036", "category_code": "12", "category": "보물", "designation_no": 461, "display_name": "보물 나주 철천리 마애칠불상", "name": "나주 철천리 마애칠불상", "area": 2, "province": "전남광주통합특별시", "district": "나주시" }, "geometry": { "type": "Point", "coordinates": [ 126.780650828667447, 34.938271641370328 ] } },
{ "type": "Feature", "properties": { "heritage_code": "12000462000000036", "category_code": "12", "category": "보물", "designation_no": 462, "display_name": "보물 나주 철천리 석조여래입상", "name": "나주 철천리 석조여래입상", "area": 1, "province": "전남광주통합특별시", "district": "나주시" }, "geometry": { "type": "Point", "coordinates": [ 126.780676633088575, 34.938147300041251 ] } },
{ "type": "Feature", "properties": { "heritage_code": "12000463000000032", "category_code": "12", "category": "보물", "designation_no": 463, "display_name": "보물 원주 흥법사지 진공대사탑비", "name": "원주 흥법사지 진공대사탑비", "area": 16, "province": "강원특별자치도", "district": "원주시" }, "geometry": { "type": "Point", "coordinates": [ 127.814832646483595, 37.338497001890516 ] } },
{ "type": "Feature", "properties": { "heritage_code": "12000464000000032", "category_code": "12", "category": "보물", "designation_no": 464, "display_name": "보물 원주 흥법사지 삼층석탑", "name": "원주 흥법사지 삼층석탑", "area": 16, "province": "강원특별자치도", "district": "원주시" }, "geometry": { "type": "Point", "coordinates": [ 127.815099895898342, 37.338256803957741 ] } },
{ "type": "Feature", "properties": { "heritage_code": "12000465000000037", "category_code": "12", "category": "보물", "designation_no": 465, "display_name": "보물 영천 신월리 삼층석탑", "name": "영천 신월리 삼층석탑", "area": 7, "province": "경상북도", "district": "영천시" }, "geometry": { "type": "Point", "coordinates": [ 128.89875761144279, 35.937500993604118 ] } },
{ "type": "Feature", "properties": { "heritage_code": "12000466000000038", "category_code": "12", "category": "보물", "designation_no": 466, "display_name": "보물 밀양 만어사 삼층석탑", "name": "밀양 만어사 삼층석탑", "area": 3, "province": "경상남도", "district": "밀양시" }, "geometry": { "type": "Point", "coordinates": [ 128.846474019018984, 35.454683020851235 ] } },
{ "type": "Feature", "properties": { "heritage_code": "12000467000000038", "category_code": "12", "category": "보물", "designation_no": 467, "display_name": "보물 밀양 표충사 삼층석탑", "name": "밀양 표충사 삼층석탑", "area": 6, "province": "경상남도", "district": "밀양시" }, "geometry": { "type": "Point", "coordinates": [ 128.960380227155554, 35.532675001451203 ] } },
{ "type": "Feature", "properties": { "heritage_code": "12000468000000038", "category_code": "12", "category": "보물", "designation_no": 468, "display_name": "보물 밀양 숭진리 삼층석탑", "name": "밀양 숭진리 삼층석탑", "area": 3, "province": "경상남도", "district": "밀양시" }, "geometry": { "type": "Point", "coordinates": [ 128.811869856328741, 35.460759501483771 ] } },
{ "type": "Feature", "properties": { "heritage_code": "12000469000000037", "category_code": "12", "category": "보물", "designation_no": 469, "display_name": "보물 구미 낙산리 삼층석탑", "name": "구미 낙산리 삼층석탑", "area": 18, "province": "경상북도", "district": "구미시" }, "geometry": { "type": "Point", "coordinates": [ 128.362038344744946, 36.251640258903528 ] } },
{ "type": "Feature", "properties": { "heritage_code": "12000470000000037", "category_code": "12", "category": "보물", "designation_no": 470, "display_name": "보물 구미 도리사 석탑", "name": "구미 도리사 석탑", "area": 10, "province": "경상북도", "district": "구미시" }, "geometry": { "type": "Point", "coordinates": [ 128.399328243194248, 36.25538005777593 ] } },
{ "type": "Feature", "properties": { "heritage_code": "12000471000000038", "category_code": "12", "category": "보물", "designation_no": 471, "display_name": "보물 양산 통도사 봉발탑", "name": "양산 통도사 봉발탑", "area": 2, "province": "경상남도", "district": "양산시" }, "geometry": { "type": "Point", "coordinates": [ 129.064199550621424, 35.488019036264987 ] } },
{ "type": "Feature", "properties": { "heritage_code": "12000472000000038", "category_code": "12", "category": "보물", "designation_no": 472, "display_name": "보물 의령 보천사지 승탑", "name": "의령 보천사지 승탑", "area": 2, "province": "경상남도", "district": "의령군" }, "geometry": { "type": "Point", "coordinates": [ 128.236534260336668, 35.309889650085921 ] } },
{ "type": "Feature", "properties": { "heritage_code": "12000473000000038", "category_code": "12", "category": "보물", "designation_no": 473, "display_name": "보물 산청 법계사 삼층석탑", "name": "산청 법계사 삼층석탑", "area": 1, "province": "경상남도", "district": "산청군" }, "geometry": { "type": "Point", "coordinates": [ 127.736131716371176, 35.327622498147861 ] } },
{ "type": "Feature", "properties": { "heritage_code": "12000474000000038", "category_code": "12", "category": "보물", "designation_no": 474, "display_name": "보물 함양 벽송사 삼층석탑", "name": "함양 벽송사 삼층석탑", "area": 3, "province": "경상남도", "district": "함양군" }, "geometry": { "type": "Point", "coordinates": [ 127.703854551539322, 35.394650618124366 ] } },
{ "type": "Feature", "properties": { "heritage_code": "12000475000000037", "category_code": "12", "category": "보물", "designation_no": 475, "display_name": "보물 안동 소호헌", "name": "안동 소호헌", "area": 156, "province": "경상북도", "district": "안동시" }, "geometry": { "type": "Point", "coordinates": [ 128.66373176269164, 36.463785169792786 ] } },
{ "type": "Feature", "properties": { "heritage_code": "12000480000000038", "category_code": "12", "category": "보물", "designation_no": 480, "display_name": "보물 합천 영암사지 삼층석탑", "name": "합천 영암사지 삼층석탑", "area": 6, "province": "경상남도", "district": "합천군" }, "geometry": { "type": "Point", "coordinates": [ 128.002875673369033, 35.474297237884336 ] } },
{ "type": "Feature", "properties": { "heritage_code": "12000488000000031", "category_code": "12", "category": "보물", "designation_no": 488, "display_name": "보물 안성 칠장사 혜소국사비", "name": "안성 칠장사 혜소국사비", "area": 11200, "province": "경기도", "district": "안성시" }, "geometry": { "type": "Point", "coordinates": [ 127.396741795297402, 37.026191005397898 ] } },
{ "type": "Feature", "properties": { "heritage_code": "12000489000000038", "category_code": "12", "category": "보물", "designation_no": 489, "display_name": "보물 합천 영암사지 귀부", "name": "합천 영암사지 귀부", "area": 12, "province": "경상남도", "district": "합천군" }, "geometry": { "type": "Point", "coordinates": [ 128.001921743475918, 35.473990136637433 ] } },
{ "type": "Feature", "properties": { "heritage_code": "12000490000000037", "category_code": "12", "category": "보물", "designation_no": 490, "display_name": "보물 구미 금오산 마애여래입상", "name": "구미 금오산 마애여래입상", "area": 20, "province": "경상북도", "district": "구미시" }, "geometry": { "type": "Point", "coordinates": [ 128.301717919041522, 36.096638827529254 ] } },
{ "type": "Feature", "properties": { "heritage_code": "12000491000000038", "category_code": "12", "category": "보물", "designation_no": 491, "display_name": "보물 양산 용화사 석조여래좌상", "name": "양산 용화사 석조여래좌상", "area": 2, "province": "경상남도", "district": "양산시" }, "geometry": { "type": "Point", "coordinates": [ 128.974929272542624, 35.316246277862703 ] } },
{ "type": "Feature", "properties": { "heritage_code": "12000492000000037", "category_code": "12", "category": "보물", "designation_no": 492, "display_name": "보물 구미 해평리 석조여래좌상", "name": "구미 해평리 석조여래좌상", "area": 1, "province": "경상북도", "district": "구미시" }, "geometry": { "type": "Point", "coordinates": [ 128.373983918587072, 36.203786293595002 ] } },
{ "type": "Feature", "properties": { "heritage_code": "12000496000000032", "category_code": "12", "category": "보물", "designation_no": 496, "display_name": "보물 화천 계성리 석등", "name": "화천 계성리 석등", "area": 1, "province": "강원특별자치도", "district": "화천군" }, "geometry": { "type": "Point", "coordinates": [ 127.589936501936776, 38.096377663274552 ] } },
{ "type": "Feature", "properties": { "heritage_code": "12000497000000032", "category_code": "12", "category": "보물", "designation_no": 497, "display_name": "보물 양양 오색리 삼층석탑", "name": "양양 오색리 삼층석탑", "area": 7, "province": "강원특별자치도", "district": "양양군" }, "geometry": { "type": "Point", "coordinates": [ 128.439838887177274, 38.076583532207991 ] } },
{ "type": "Feature", "properties": { "heritage_code": "12000498000000037", "category_code": "12", "category": "보물", "designation_no": 498, "display_name": "보물 울진 구산리 삼층석탑", "name": "울진 구산리 삼층석탑", "area": 4, "province": "경상북도", "district": "울진군" }, "geometry": { "type": "Point", "coordinates": [ 129.347105083841313, 36.929465200814718 ] } },
{ "type": "Feature", "properties": { "heritage_code": "12000499000000032", "category_code": "12", "category": "보물", "designation_no": 499, "display_name": "보물 양양 낙산사 칠층석탑", "name": "양양 낙산사 칠층석탑", "area": 3, "province": "강원특별자치도", "district": "양양군" }, "geometry": { "type": "Point", "coordinates": [ 128.627169864533784, 38.1248902675583 ] } },
{ "type": "Feature", "properties": { "heritage_code": "12000500000000038", "category_code": "12", "category": "보물", "designation_no": 500, "display_name": "보물 하동 쌍계사 대웅전", "name": "하동 쌍계사 대웅전", "area": 441, "province": "경상남도", "district": "하동군" }, "geometry": { "type": "Point", "coordinates": [ 127.650817917550995, 35.232553316362178 ] } },
{ "type": "Feature", "properties": { "heritage_code": "12000504000000036", "category_code": "12", "category": "보물", "designation_no": 504, "display_name": "보물 영광 신천리 삼층석탑", "name": "영광 신천리 삼층석탑", "area": 5, "province": "전남광주통합특별시", "district": "영광군" }, "geometry": { "type": "Point", "coordinates": [ 126.5278744651214, 35.252297974824643 ] } },
{ "type": "Feature", "properties": { "heritage_code": "12000505000000036", "category_code": "12", "category": "보물", "designation_no": 505, "display_name": "보물 담양 객사리 석당간", "name": "담양 객사리 석당간", "area": 3, "province": "전남광주통합특별시", "district": "담양군" }, "geometry": { "type": "Point", "coordinates": [ 126.992370168256627, 35.320603956112564 ] } },
{ "type": "Feature", "properties": { "heritage_code": "12000506000000036", "category_code": "12", "category": "보물", "designation_no": 506, "display_name": "보물 담양 남산리 오층석탑", "name": "담양 남산리 오층석탑", "area": 11, "province": "전남광주통합특별시", "district": "담양군" }, "geometry": { "type": "Point", "coordinates": [ 126.991802058243039, 35.319923822127137 ] } },
{ "type": "Feature", "properties": { "heritage_code": "12000507000000036", "category_code": "12", "category": "보물", "designation_no": 507, "display_name": "보물 강진 무위사 선각대사탑비", "name": "강진 무위사 선각대사탑비", "area": 5, "province": "전남광주통합특별시", "district": "강진군" }, "geometry": { "type": "Point", "coordinates": [ 126.686359205346363, 34.738732062184816 ] } },
{ "type": "Feature", "properties": { "heritage_code": "12000508000000034", "category_code": "12", "category": "보물", "designation_no": 508, "display_name": "보물 예산 삽교읍 석조보살입상", "name": "예산 삽교읍 석조보살입상", "area": 1, "province": "충청남도", "district": "예산군" }, "geometry": { "type": "Point", "coordinates": [ 126.669451854002318, 36.683941645820582 ] } },
{ "type": "Feature", "properties": { "heritage_code": "12000509000000036", "category_code": "12", "category": "보물", "designation_no": 509, "display_name": "보물 구례 논곡리 삼층석탑", "name": "구례 논곡리 삼층석탑", "area": 3, "province": "전남광주통합특별시", "district": "구례군" }, "geometry": { "type": "Point", "coordinates": [ 127.386078380263456, 35.230583349639815 ] } },
{ "type": "Feature", "properties": { "heritage_code": "12000510000000037", "category_code": "12", "category": "보물", "designation_no": 510, "display_name": "보물 칠곡 기성리 삼층석탑", "name": "칠곡 기성리 삼층석탑", "area": 2415, "province": "경상북도", "district": "칠곡군" }, "geometry": { "type": "Point", "coordinates": [ 128.594493843632819, 36.00139917629177 ] } },
{ "type": "Feature", "properties": { "heritage_code": "12000511000000033", "category_code": "12", "category": "보물", "designation_no": 511, "display_name": "보물 청주 계산리 오층석탑", "name": "청주 계산리 오층석탑", "area": 5, "province": "충청북도", "district": "청주시" }, "geometry": { "type": "Point", "coordinates": [ 127.562436206699559, 36.550504550145526 ] } },
{ "type": "Feature", "properties": { "heritage_code": "12000518000000038", "category_code": "12", "category": "보물", "designation_no": 518, "display_name": "보물 합천 해인사 원당암 다층석탑 및 석등", "name": "합천 해인사 원당암 다층석탑 및 석등", "area": 2, "province": "경상남도", "district": "합천군" }, "geometry": { "type": "Point", "coordinates": [ 128.092806795048062, 35.801534855692616 ] } },
{ "type": "Feature", "properties": { "heritage_code": "12000519000000038", "category_code": "12", "category": "보물", "designation_no": 519, "display_name": "보물 창녕 관룡사 석조여래좌상", "name": "창녕 관룡사 석조여래좌상", "area": 1, "province": "경상남도", "district": "창녕군" }, "geometry": { "type": "Point", "coordinates": [ 128.55325060670981, 35.531785174385156 ] } },
{ "type": "Feature", "properties": { "heritage_code": "12000520000000038", "category_code": "12", "category": "보물", "designation_no": 520, "display_name": "보물 창녕 술정리 서 삼층석탑", "name": "창녕 술정리 서 삼층석탑", "area": 11, "province": "경상남도", "district": "창녕군" }, "geometry": { "type": "Point", "coordinates": [ 128.489732397150533, 35.54047924573694 ] } },
{ "type": "Feature", "properties": { "heritage_code": "12000521000000037", "category_code": "12", "category": "보물", "designation_no": 521, "display_name": "보물 영천 숭렬당", "name": "영천 숭렬당", "area": 206, "province": "경상북도", "district": "영천시" }, "geometry": { "type": "Point", "coordinates": [ 128.928982827552687, 35.966424654146039 ] } },
{ "type": "Feature", "properties": { "heritage_code": "12000528000000033", "category_code": "12", "category": "보물", "designation_no": 528, "display_name": "보물 제천 청풍 한벽루", "name": "제천 청풍 한벽루", "area": 167, "province": "충청북도", "district": "제천시" }, "geometry": { "type": "Point", "coordinates": [ 128.171711126640645, 37.004937926779718 ] } },
{ "type": "Feature", "properties": { "heritage_code": "12000529000000036", "category_code": "12", "category": "보물", "designation_no": 529, "display_name": "보물 진도 금골산 오층석탑", "name": "진도 금골산 오층석탑", "area": 5, "province": "전남광주통합특별시", "district": "진도군" }, "geometry": { "type": "Point", "coordinates": [ 126.292486693719013, 34.537413277091602 ] } },
{ "type": "Feature", "properties": { "heritage_code": "12000530000000038", "category_code": "12", "category": "보물", "designation_no": 530, "display_name": "보물 거창 가섭암지 마애여래삼존입상", "name": "거창 가섭암지 마애여래삼존입상", "area": 36, "province": "경상남도", "district": "거창군" }, "geometry": { "type": "Point", "coordinates": [ 127.793353871198093, 35.733766481988077 ] } },
{ "type": "Feature", "properties": { "heritage_code": "12000531000000031", "category_code": "12", "category": "보물", "designation_no": 531, "display_name": "보물 양평 용문사 정지국사탑 및 비", "name": "양평 용문사 정지국사탑 및 비", "area": 3, "province": "경기도", "district": "양평군" }, "geometry": { "type": "Point", "coordinates": [ 127.573498059266939, 37.550931877166754 ] } },
{ "type": "Feature", "properties": { "heritage_code": "12000532000000033", "category_code": "12", "category": "보물", "designation_no": 532, "display_name": "보물 영동 영국사 승탑", "name": "영동 영국사 승탑", "area": 1, "province": "충청북도", "district": "영동군" }, "geometry": { "type": "Point", "coordinates": [ 127.609847647595487, 36.156098094103307 ] } },
{ "type": "Feature", "properties": { "heritage_code": "12000533000000033", "category_code": "12", "category": "보물", "designation_no": 533, "display_name": "보물 영동 영국사 삼층석탑", "name": "영동 영국사 삼층석탑", "area": 4, "province": "충청북도", "district": "영동군" }, "geometry": { "type": "Point", "coordinates": [ 127.610713905151172, 36.15833355847689 ] } },
{ "type": "Feature", "properties": { "heritage_code": "12000534000000033", "category_code": "12", "category": "보물", "designation_no": 534, "display_name": "보물 영동 영국사 원각국사비", "name": "영동 영국사 원각국사비", "area": 7, "province": "충청북도", "district": "영동군" }, "geometry": { "type": "Point", "coordinates": [ 127.609760823632442, 36.156798405268638 ] } },
{ "type": "Feature", "properties": { "heritage_code": "12000535000000033", "category_code": "12", "category": "보물", "designation_no": 535, "display_name": "보물 영동 영국사 망탑봉 삼층석탑", "name": "영동 영국사 망탑봉 삼층석탑", "area": 3, "province": "충청북도", "district": "영동군" }, "geometry": { "type": "Point", "coordinates": [ 127.613139793921917, 36.1570985011491 ] } },
{ "type": "Feature", "properties": { "heritage_code": "12000536000000034", "category_code": "12", "category": "보물", "designation_no": 536, "display_name": "보물 아산 평촌리 석조약사여래입상", "name": "아산 평촌리 석조약사여래입상", "area": 1, "province": "충청남도", "district": "아산시" }, "geometry": { "type": "Point", "coordinates": [ 127.00824693562214, 36.744382208158918 ] } },
{ "type": "Feature", "properties": { "heritage_code": "12000537000000034", "category_code": "12", "category": "보물", "designation_no": 537, "display_name": "보물 아산 읍내동 당간지주", "name": "아산 읍내동 당간지주", "area": 1, "province": "충청남도", "district": "아산시" }, "geometry": { "type": "Point", "coordinates": [ 127.016374592385105, 36.761275612441288 ] } },
{ "type": "Feature", "properties": { "heritage_code": "12000538000000034", "category_code": "12", "category": "보물", "designation_no": 538, "display_name": "보물 홍성 오관리 당간지주", "name": "홍성 오관리 당간지주", "area": 3, "province": "충청남도", "district": "홍성군" }, "geometry": { "type": "Point", "coordinates": [ 126.668059958595279, 36.603691619696747 ] } },
{ "type": "Feature", "properties": { "heritage_code": "12000539000000022", "category_code": "12", "category": "보물", "designation_no": 539, "display_name": "보물 달성 용연사 금강계단", "name": "달성 용연사 금강계단", "area": 33, "province": "대구광역시", "district": "달성군" }, "geometry": { "type": "Point", "coordinates": [ 128.518800302081075, 35.749388083122156 ] } },
{ "type": "Feature", "properties": { "heritage_code": "12000540000000032", "category_code": "12", "category": "보물", "designation_no": 540, "display_name": "보물 홍천 괘석리 사사자 삼층석탑", "name": "홍천 괘석리 사사자 삼층석탑", "area": 2, "province": "강원특별자치도", "district": "홍천군" }, "geometry": { "type": "Point", "coordinates": [ 127.888819307419823, 37.694183967944113 ] } },
{ "type": "Feature", "properties": { "heritage_code": "12000541000000032", "category_code": "12", "category": "보물", "designation_no": 541, "display_name": "보물 홍천 물걸리 석조여래좌상", "name": "홍천 물걸리 석조여래좌상", "area": 1, "province": "강원특별자치도", "district": "홍천군" }, "geometry": { "type": "Point", "coordinates": [ 128.146817007138196, 37.786276882181149 ] } },
{ "type": "Feature", "properties": { "heritage_code": "12000542000000032", "category_code": "12", "category": "보물", "designation_no": 542, "display_name": "보물 홍천 물걸리 석조비로자나불좌상", "name": "홍천 물걸리 석조비로자나불좌상", "area": 2, "province": "강원특별자치도", "district": "홍천군" }, "geometry": { "type": "Point", "coordinates": [ 128.146818982585188, 37.786296130179942 ] } },
{ "type": "Feature", "properties": { "heritage_code": "12000543000000032", "category_code": "12", "category": "보물", "designation_no": 543, "display_name": "보물 홍천 물걸리 석조대좌", "name": "홍천 물걸리 석조대좌", "area": 1, "province": "강원특별자치도", "district": "홍천군" }, "geometry": { "type": "Point", "coordinates": [ 128.146820836855795, 37.786315022145047 ] } },
{ "type": "Feature", "properties": { "heritage_code": "12000544000000032", "category_code": "12", "category": "보물", "designation_no": 544, "display_name": "보물 홍천 물걸리 석조대좌 및 광배", "name": "홍천 물걸리 석조대좌 및 광배", "area": 1, "province": "강원특별자치도", "district": "홍천군" }, "geometry": { "type": "Point", "coordinates": [ 128.146814881683383, 37.786259076369753 ] } },
{ "type": "Feature", "properties": { "heritage_code": "12000545000000032", "category_code": "12", "category": "보물", "designation_no": 545, "display_name": "보물 홍천 물걸리 삼층석탑", "name": "홍천 물걸리 삼층석탑", "area": 6, "province": "강원특별자치도", "district": "홍천군" }, "geometry": { "type": "Point", "coordinates": [ 128.147088141217807, 37.786083321022488 ] } },
{ "type": "Feature", "properties": { "heritage_code": "12000546000000033", "category_code": "12", "category": "보물", "designation_no": 546, "display_name": "보물 제천 물태리 석조여래입상", "name": "제천 물태리 석조여래입상", "area": 2, "province": "충청북도", "district": "제천시" }, "geometry": { "type": "Point", "coordinates": [ 128.171799264097302, 37.004048066231483 ] } },
{ "type": "Feature", "properties": { "heritage_code": "12000553000000037", "category_code": "12", "category": "보물", "designation_no": 553, "display_name": "보물 안동 예안이씨 충효당", "name": "안동 예안이씨 충효당", "area": 3529, "province": "경상북도", "district": "안동시" }, "geometry": { "type": "Point", "coordinates": [ 128.580351590283016, 36.574268329250877 ] } },
{ "type": "Feature", "properties": { "heritage_code": "12000554000000022", "category_code": "12", "category": "보물", "designation_no": 554, "display_name": "보물 달성 태고정", "name": "달성 태고정", "area": 113, "province": "대구광역시", "district": "달성군" }, "geometry": { "type": "Point", "coordinates": [ 128.4174070816062, 35.911691235059486 ] } },
{ "type": "Feature", "properties": { "heritage_code": "12000562000000037", "category_code": "12", "category": "보물", "designation_no": 562, "display_name": "보물 경산 환성사 대웅전", "name": "경산 환성사 대웅전", "area": 292, "province": "경상북도", "district": "경산시" }, "geometry": { "type": "Point", "coordinates": [ 128.76571741124846, 35.936418757256121 ] } },
{ "type": "Feature", "properties": { "heritage_code": "12000563000000036", "category_code": "12", "category": "보물", "designation_no": 563, "display_name": "보물 여수 흥국사 홍교", "name": "여수 흥국사 홍교", "area": 202, "province": "전남광주통합특별시", "district": "여수시" }, "geometry": { "type": "Point", "coordinates": [ 127.696946810684494, 34.822744062644716 ] } },
{ "type": "Feature", "properties": { "heritage_code": "12000564000000038", "category_code": "12", "category": "보물", "designation_no": 564, "display_name": "보물 창녕 영산 만년교", "name": "창녕 영산 만년교", "area": 68, "province": "경상남도", "district": "창녕군" }, "geometry": { "type": "Point", "coordinates": [ 128.529820809186987, 35.453620591307697 ] } },
{ "type": "Feature", "properties": { "heritage_code": "12000565000000031", "category_code": "12", "category": "보물", "designation_no": 565, "display_name": "보물 평택 심복사 석조비로자나불좌상", "name": "평택 심복사 석조비로자나불좌상", "area": 254, "province": "경기도", "district": "평택시" }, "geometry": { "type": "Point", "coordinates": [ 126.96538876627514, 36.950467480056062 ] } },
{ "type": "Feature", "properties": { "heritage_code": "12000571000000036", "category_code": "12", "category": "보물", "designation_no": 571, "display_name": "보물 여수 통제이공 수군대첩비", "name": "여수 통제이공 수군대첩비", "area": 3, "province": "전남광주통합특별시", "district": "여수시" }, "geometry": { "type": "Point", "coordinates": [ 127.738956630843802, 34.740033994411078 ] } },
{ "type": "Feature", "properties": { "heritage_code": "12000581000000037", "category_code": "12", "category": "보물", "designation_no": 581, "display_name": "보물 경주 골굴암 마애여래좌상", "name": "경주 골굴암 마애여래좌상", "area": 1, "province": "경상북도", "district": "경주시" }, "geometry": { "type": "Point", "coordinates": [ 129.405379183244605, 35.8033631687953 ] } },
{ "type": "Feature", "properties": { "heritage_code": "12000583000000035", "category_code": "12", "category": "보물", "designation_no": 583, "display_name": "보물 전주 풍패지관", "name": "전주 풍패지관", "area": 1075, "province": "전북특별자치도", "district": "전주시" }, "geometry": { "type": "Point", "coordinates": [ 127.145296872014029, 35.818420889264267 ] } },
{ "type": "Feature", "properties": { "heritage_code": "12000584000000036", "category_code": "12", "category": "보물", "designation_no": 584, "display_name": "보물 구례 윤문효공 신도비", "name": "구례 윤문효공 신도비", "area": 3, "province": "전남광주통합특별시", "district": "구례군" }, "geometry": { "type": "Point", "coordinates": [ 127.416645096468159, 35.285485182806148 ] } },
{ "type": "Feature", "properties": { "heritage_code": "12000600000000024", "category_code": "12", "category": "보물", "designation_no": 600, "display_name": "보물 광주 약사암 석조여래좌상", "name": "광주 약사암 석조여래좌상", "area": 1, "province": "전남광주통합특별시", "district": "동구" }, "geometry": { "type": "Point", "coordinates": [ 126.972500694689856, 35.122292234975639 ] } },
{ "type": "Feature", "properties": { "heritage_code": "12000601000000022", "category_code": "12", "category": "보물", "designation_no": 601, "display_name": "보물 대구 도학동 승탑", "name": "대구 도학동 승탑", "area": 3, "province": "대구광역시", "district": "동구" }, "geometry": { "type": "Point", "coordinates": [ 128.70422500547474, 35.992537123001973 ] } },
{ "type": "Feature", "properties": { "heritage_code": "12000605000000037", "category_code": "12", "category": "보물", "designation_no": 605, "display_name": "보물 고령 장기리 암각화", "name": "고령 장기리 암각화", "area": 120, "province": "경상북도", "district": "고령군" }, "geometry": { "type": "Point", "coordinates": [ 128.292165244533408, 35.712880735150073 ] } },
{ "type": "Feature", "properties": { "heritage_code": "12000606000000037", "category_code": "12", "category": "보물", "designation_no": 606, "display_name": "보물 문경 도천사지 동·서 삼층석탑", "name": "문경 도천사지 동·서 삼층석탑", "area": 36, "province": "경상북도", "district": "김천시" }, "geometry": { "type": "Point", "coordinates": [ 128.004523505001629, 36.116751035536872 ] } },
{ "type": "Feature", "properties": { "heritage_code": "12000607000000037", "category_code": "12", "category": "보물", "designation_no": 607, "display_name": "보물 문경 도천사지 삼층석탑", "name": "문경 도천사지 삼층석탑", "area": 18, "province": "경상북도", "district": "김천시" }, "geometry": { "type": "Point", "coordinates": [ 128.003297442394171, 36.11687038024818 ] } },
{ "type": "Feature", "properties": { "heritage_code": "12000608000000035", "category_code": "12", "category": "보물", "designation_no": 608, "display_name": "보물 완주 위봉사 보광명전", "name": "완주 위봉사 보광명전", "area": 256, "province": "전북특별자치도", "district": "완주군" }, "geometry": { "type": "Point", "coordinates": [ 127.256949619816979, 35.910561962473729 ] } },
{ "type": "Feature", "properties": { "heritage_code": "12000609000000037", "category_code": "12", "category": "보물", "designation_no": 609, "display_name": "보물 영양 화천리 삼층석탑", "name": "영양 화천리 삼층석탑", "area": 16, "province": "경상북도", "district": "영양군" }, "geometry": { "type": "Point", "coordinates": [ 129.170237633232603, 36.647012334414761 ] } },
{ "type": "Feature", "properties": { "heritage_code": "12000610000000037", "category_code": "12", "category": "보물", "designation_no": 610, "display_name": "보물 영양 현리 삼층석탑", "name": "영양 현리 삼층석탑", "area": 11, "province": "경상북도", "district": "영양군" }, "geometry": { "type": "Point", "coordinates": [ 129.113593141934956, 36.652238316978966 ] } },
{ "type": "Feature", "properties": { "heritage_code": "12000611000000031", "category_code": "12", "category": "보물", "designation_no": 611, "display_name": "보물 고양 태고사 원증국사탑비", "name": "고양 태고사 원증국사탑비", "area": 4, "province": "경기도", "district": "고양시" }, "geometry": { "type": "Point", "coordinates": [ 126.978644675711337, 37.645566385711398 ] } },
{ "type": "Feature", "properties": { "heritage_code": "12000612000000032", "category_code": "12", "category": "보물", "designation_no": 612, "display_name": "보물 영월 흥녕사지 징효대사탑비", "name": "영월 흥녕사지 징효대사탑비", "area": 3, "province": "강원특별자치도", "district": "영월군" }, "geometry": { "type": "Point", "coordinates": [ 128.260418197571937, 37.372429798437508 ] } },
{ "type": "Feature", "properties": { "heritage_code": "12000614000000038", "category_code": "12", "category": "보물", "designation_no": 614, "display_name": "보물 사천 흥사리 매향비", "name": "사천 흥사리 매향비", "area": 2, "province": "경상남도", "district": "사천시" }, "geometry": { "type": "Point", "coordinates": [ 128.014946904611378, 35.086585470654065 ] } },
{ "type": "Feature", "properties": { "heritage_code": "12000615000000023", "category_code": "12", "category": "보물", "designation_no": 615, "display_name": "보물 강화 장정리 석조여래입상", "name": "강화 장정리 석조여래입상", "area": 35, "province": "인천광역시", "district": "강화군" }, "geometry": { "type": "Point", "coordinates": [ 126.424437244233886, 37.781264698014532 ] } },
{ "type": "Feature", "properties": { "heritage_code": "12000616000000037", "category_code": "12", "category": "보물", "designation_no": 616, "display_name": "보물 영천향교 대성전", "name": "영천향교 대성전", "area": 222, "province": "경상북도", "district": "영천시" }, "geometry": { "type": "Point", "coordinates": [ 128.928257605028989, 35.96999316975829 ] } },
{ "type": "Feature", "properties": { "heritage_code": "12000655000000037", "category_code": "12", "category": "보물", "designation_no": 655, "display_name": "보물 칠곡 노석리 마애불상군", "name": "칠곡 노석리 마애불상군", "area": 21, "province": "경상북도", "district": "칠곡군" }, "geometry": { "type": "Point", "coordinates": [ 128.371192820217686, 35.951162649238753 ] } },
{ "type": "Feature", "properties": { "heritage_code": "12000656000000033", "category_code": "12", "category": "보물", "designation_no": 656, "display_name": "보물 충주 청룡사지 보각국사탑 앞 사자 석등", "name": "충주 청룡사지 보각국사탑 앞 사자 석등", "area": 1, "province": "충청북도", "district": "충주시" }, "geometry": { "type": "Point", "coordinates": [ 127.83811766186264, 37.130851099945914 ] } },
{ "type": "Feature", "properties": { "heritage_code": "12000657000000011", "category_code": "12", "category": "보물", "designation_no": 657, "display_name": "보물 서울 삼천사지 마애여래입상", "name": "서울 삼천사지 마애여래입상", "area": 103, "province": "서울특별시", "district": "은평구" }, "geometry": { "type": "Point", "coordinates": [ 126.95284078379045, 37.642455313502637 ] } },
{ "type": "Feature", "properties": { "heritage_code": "12000658000000033", "category_code": "12", "category": "보물", "designation_no": 658, "display_name": "보물 충주 청룡사지 보각국사탑비", "name": "충주 청룡사지 보각국사탑비", "area": 2, "province": "충청북도", "district": "충주시" }, "geometry": { "type": "Point", "coordinates": [ 127.838095672507734, 37.130913024024601 ] } },
{ "type": "Feature", "properties": { "heritage_code": "12000662000000035", "category_code": "12", "category": "보물", "designation_no": 662, "display_name": "보물 완주 화암사 우화루", "name": "완주 화암사 우화루", "area": 199, "province": "전북특별자치도", "district": "완주군" }, "geometry": { "type": "Point", "coordinates": [ 127.287075724417775, 36.066223408536096 ] } },
{ "type": "Feature", "properties": { "heritage_code": "12000664000000033", "category_code": "12", "category": "보물", "designation_no": 664, "display_name": "보물 청주 안심사 대웅전", "name": "청주 안심사 대웅전", "area": 136, "province": "충청북도", "district": "청주시" }, "geometry": { "type": "Point", "coordinates": [ 127.413276194808958, 36.552562084434506 ] } },
{ "type": "Feature", "properties": { "heritage_code": "12000665000000037", "category_code": "12", "category": "보물", "designation_no": 665, "display_name": "보물 경주 낭산 마애보살삼존좌상", "name": "경주 낭산 마애보살삼존좌상", "area": 2, "province": "경상북도", "district": "경주시" }, "geometry": { "type": "Point", "coordinates": [ 129.239561682412642, 35.828438747655014 ] } },
{ "type": "Feature", "properties": { "heritage_code": "12000666000000037", "category_code": "12", "category": "보물", "designation_no": 666, "display_name": "보물 경주 남산 삼릉계 석조여래좌상", "name": "경주 남산 삼릉계 석조여래좌상", "area": 7, "province": "경상북도", "district": "경주시" }, "geometry": { "type": "Point", "coordinates": [ 129.218216183403939, 35.795337221453359 ] } },
{ "type": "Feature", "properties": { "heritage_code": "12000673000000022", "category_code": "12", "category": "보물", "designation_no": 673, "display_name": "보물 달성 현풍 석빙고", "name": "달성 현풍 석빙고", "area": 328, "province": "대구광역시", "district": "달성군" }, "geometry": { "type": "Point", "coordinates": [ 128.450244053527939, 35.69760714313712 ] } },
{ "type": "Feature", "properties": { "heritage_code": "12000674000000037", "category_code": "12", "category": "보물", "designation_no": 674, "display_name": "보물 영덕 유금사 삼층석탑", "name": "영덕 유금사 삼층석탑", "area": 5, "province": "경상북도", "district": "영덕군" }, "geometry": { "type": "Point", "coordinates": [ 129.365674732920098, 36.645802082004828 ] } },
{ "type": "Feature", "properties": { "heritage_code": "12000675000000037", "category_code": "12", "category": "보물", "designation_no": 675, "display_name": "보물 영천 화남리 삼층석탑", "name": "영천 화남리 삼층석탑", "area": 5, "province": "경상북도", "district": "영천시" }, "geometry": { "type": "Point", "coordinates": [ 128.766209779325493, 36.084104266837862 ] } },
{ "type": "Feature", "properties": { "heritage_code": "12000676000000037", "category_code": "12", "category": "보물", "designation_no": 676, "display_name": "보물 영천 화남리 석조여래좌상", "name": "영천 화남리 석조여래좌상", "area": 50, "province": "경상북도", "district": "영천시" }, "geometry": { "type": "Point", "coordinates": [ 128.766369042395269, 36.084253134045433 ] } },
{ "type": "Feature", "properties": { "heritage_code": "12000677000000037", "category_code": "12", "category": "보물", "designation_no": 677, "display_name": "보물 청도 장연사지 동·서 삼층석탑", "name": "청도 장연사지 동·서 삼층석탑", "area": 15, "province": "경상북도", "district": "청도군" }, "geometry": { "type": "Point", "coordinates": [ 128.854396234692302, 35.634387378225512 ] } },
{ "type": "Feature", "properties": { "heritage_code": "12000678000000037", "category_code": "12", "category": "보물", "designation_no": 678, "display_name": "보물 청도 운문사 동·서 삼층석탑", "name": "청도 운문사 동·서 삼층석탑", "area": 20, "province": "경상북도", "district": "청도군" }, "geometry": { "type": "Point", "coordinates": [ 128.959733040079072, 35.661168474112905 ] } },
{ "type": "Feature", "properties": { "heritage_code": "12000679000000037", "category_code": "12", "category": "보물", "designation_no": 679, "display_name": "보물 김천 광덕리 석조보살입상", "name": "김천 광덕리 석조보살입상", "area": 21, "province": "경상북도", "district": "김천시" }, "geometry": { "type": "Point", "coordinates": [ 128.20193493551443, 36.224298774502635 ] } },
{ "type": "Feature", "properties": { "heritage_code": "12000680000000037", "category_code": "12", "category": "보물", "designation_no": 680, "display_name": "보물 영주 신암리 마애여래삼존상", "name": "영주 신암리 마애여래삼존상", "area": 4, "province": "경상북도", "district": "영주시" }, "geometry": { "type": "Point", "coordinates": [ 128.685428977488272, 36.843245779388454 ] } },
{ "type": "Feature", "properties": { "heritage_code": "12000681000000037", "category_code": "12", "category": "보물", "designation_no": 681, "display_name": "보물 영주 흑석사 석조여래좌상", "name": "영주 흑석사 석조여래좌상", "area": 1, "province": "경상북도", "district": "영주시" }, "geometry": { "type": "Point", "coordinates": [ 128.670666063215577, 36.823191836759733 ] } },
{ "type": "Feature", "properties": { "heritage_code": "12000682000000022", "category_code": "12", "category": "보물", "designation_no": 682, "display_name": "보물 군위 지보사 삼층석탑", "name": "군위 지보사 삼층석탑", "area": 5, "province": "대구광역시", "district": "군위군" }, "geometry": { "type": "Point", "coordinates": [ 128.601954562692441, 36.257691307373989 ] } },
{ "type": "Feature", "properties": { "heritage_code": "12000683000000037", "category_code": "12", "category": "보물", "designation_no": 683, "display_name": "보물 상주 상오리 칠층석탑", "name": "상주 상오리 칠층석탑", "area": 16, "province": "경상북도", "district": "상주시" }, "geometry": { "type": "Point", "coordinates": [ 127.90208647962875, 36.537659514942469 ] } },
{ "type": "Feature", "properties": { "heritage_code": "12000730000000037", "category_code": "12", "category": "보물", "designation_no": 730, "display_name": "보물 울진 불영사 응진전", "name": "울진 불영사 응진전", "area": 100, "province": "경상북도", "district": "울진군" }, "geometry": { "type": "Point", "coordinates": [ 129.273021100354839, 36.941134944533147 ] } },
{ "type": "Feature", "properties": { "heritage_code": "12000749000000031", "category_code": "12", "category": "보물", "designation_no": 749, "display_name": "보물 고양 태고사 원증국사탑", "name": "고양 태고사 원증국사탑", "area": 9, "province": "경기도", "district": "고양시" }, "geometry": { "type": "Point", "coordinates": [ 126.979101465293795, 37.645810351495236 ] } },
{ "type": "Feature", "properties": { "heritage_code": "12000750000000032", "category_code": "12", "category": "보물", "designation_no": 750, "display_name": "보물 원주 거돈사지 삼층석탑", "name": "원주 거돈사지 삼층석탑", "area": 54, "province": "강원특별자치도", "district": "원주시" }, "geometry": { "type": "Point", "coordinates": [ 127.792057094765013, 37.193083848888222 ] } },
{ "type": "Feature", "properties": { "heritage_code": "12000790000000037", "category_code": "12", "category": "보물", "designation_no": 790, "display_name": "보물 영천 은해사 백흥암 극락전", "name": "영천 은해사 백흥암 극락전", "area": 219, "province": "경상북도", "district": "영천시" }, "geometry": { "type": "Point", "coordinates": [ 128.768056528526301, 35.996618245218698 ] } },
{ "type": "Feature", "properties": { "heritage_code": "12000794000000034", "category_code": "12", "category": "보물", "designation_no": 794, "display_name": "보물 예산 화전리 석조사면불상", "name": "예산 화전리 석조사면불상", "area": 3, "province": "충청남도", "district": "예산군" }, "geometry": { "type": "Point", "coordinates": [ 126.678170168820131, 36.754399438038234 ] } },
{ "type": "Feature", "properties": { "heritage_code": "12000795000000036", "category_code": "12", "category": "보물", "designation_no": 795, "display_name": "보물 장흥 천관사 삼층석탑", "name": "장흥 천관사 삼층석탑", "area": 6, "province": "전남광주통합특별시", "district": "장흥군" }, "geometry": { "type": "Point", "coordinates": [ 126.904508823866266, 34.55197743443815 ] } },
{ "type": "Feature", "properties": { "heritage_code": "12000796000000036", "category_code": "12", "category": "보물", "designation_no": 796, "display_name": "보물 화순 운주사 구층석탑", "name": "화순 운주사 구층석탑", "area": 24, "province": "전남광주통합특별시", "district": "화순군" }, "geometry": { "type": "Point", "coordinates": [ 126.879201036192441, 34.923292636097663 ] } },
{ "type": "Feature", "properties": { "heritage_code": "12000797000000036", "category_code": "12", "category": "보물", "designation_no": 797, "display_name": "보물 화순 운주사 석조불감", "name": "화순 운주사 석조불감", "area": 13, "province": "전남광주통합특별시", "district": "화순군" }, "geometry": { "type": "Point", "coordinates": [ 126.879949697499228, 34.924778075479125 ] } },
{ "type": "Feature", "properties": { "heritage_code": "12000798000000036", "category_code": "12", "category": "보물", "designation_no": 798, "display_name": "보물 화순 운주사 원형 다층석탑", "name": "화순 운주사 원형 다층석탑", "area": 5, "province": "전남광주통합특별시", "district": "화순군" }, "geometry": { "type": "Point", "coordinates": [ 126.87999339858257, 34.924898654677598 ] } },
{ "type": "Feature", "properties": { "heritage_code": "12000800000000034", "category_code": "12", "category": "보물", "designation_no": 800, "display_name": "보물 공주 마곡사 영산전", "name": "공주 마곡사 영산전", "area": 244, "province": "충청남도", "district": "공주시" }, "geometry": { "type": "Point", "coordinates": [ 127.01171306068656, 36.557795969009184 ] } },
{ "type": "Feature", "properties": { "heritage_code": "12000801000000034", "category_code": "12", "category": "보물", "designation_no": 801, "display_name": "보물 공주 마곡사 대웅보전", "name": "공주 마곡사 대웅보전", "area": 314, "province": "충청남도", "district": "공주시" }, "geometry": { "type": "Point", "coordinates": [ 127.012125495229355, 36.559483208958426 ] } },
{ "type": "Feature", "properties": { "heritage_code": "12000802000000034", "category_code": "12", "category": "보물", "designation_no": 802, "display_name": "보물 공주 마곡사 대광보전", "name": "공주 마곡사 대광보전", "area": 377, "province": "충청남도", "district": "공주시" }, "geometry": { "type": "Point", "coordinates": [ 127.012125058493197, 36.559221751194279 ] } },
{ "type": "Feature", "properties": { "heritage_code": "12000803000000035", "category_code": "12", "category": "보물", "designation_no": 803, "display_name": "보물 고창 선운사 참당암 대웅전", "name": "고창 선운사 참당암 대웅전", "area": 205, "province": "전북특별자치도", "district": "고창군" }, "geometry": { "type": "Point", "coordinates": [ 126.563789825152639, 35.493047083848019 ] } },
{ "type": "Feature", "properties": { "heritage_code": "12000804000000036", "category_code": "12", "category": "보물", "designation_no": 804, "display_name": "보물 순천 정혜사 대웅전", "name": "순천 정혜사 대웅전", "area": 184, "province": "전남광주통합특별시", "district": "순천시" }, "geometry": { "type": "Point", "coordinates": [ 127.514288275269081, 35.062013749045185 ] } },
{ "type": "Feature", "properties": { "heritage_code": "12000805000000022", "category_code": "12", "category": "보물", "designation_no": 805, "display_name": "보물 대구 북지장사 지장전", "name": "대구 북지장사 지장전", "area": 169, "province": "대구광역시", "district": "동구" }, "geometry": { "type": "Point", "coordinates": [ 128.714329940117835, 35.976627959503425 ] } },
{ "type": "Feature", "properties": { "heritage_code": "12000809000000011", "category_code": "12", "category": "보물", "designation_no": 809, "display_name": "보물 경복궁 자경전", "name": "경복궁 자경전", "area": 818, "province": "서울특별시", "district": "종로구" }, "geometry": { "type": "Point", "coordinates": [ 126.978080939393323, 37.580318928136421 ] } },
{ "type": "Feature", "properties": { "heritage_code": "12000810000000011", "category_code": "12", "category": "보물", "designation_no": 810, "display_name": "보물 경복궁 자경전 십장생굴뚝", "name": "경복궁 자경전 십장생굴뚝", "area": 3, "province": "서울특별시", "district": "종로구" }, "geometry": { "type": "Point", "coordinates": [ 126.978108635419758, 37.580466628018605 ] } },
{ "type": "Feature", "properties": { "heritage_code": "12000811000000011", "category_code": "12", "category": "보물", "designation_no": 811, "display_name": "보물 경복궁 아미산 굴뚝", "name": "경복궁 아미산 굴뚝", "area": 19, "province": "서울특별시", "district": "종로구" }, "geometry": { "type": "Point", "coordinates": [ 126.976902721379773, 37.580129948682782 ] } },
{ "type": "Feature", "properties": { "heritage_code": "12000812000000011", "category_code": "12", "category": "보물", "designation_no": 812, "display_name": "보물 경복궁 근정문 및 행각", "name": "경복궁 근정문 및 행각", "area": 5034, "province": "서울특별시", "district": "종로구" }, "geometry": { "type": "Point", "coordinates": [ 126.976963064789672, 37.578291551739575 ] } },
{ "type": "Feature", "properties": { "heritage_code": "12000813000000011", "category_code": "12", "category": "보물", "designation_no": 813, "display_name": "보물 창덕궁 인정문", "name": "창덕궁 인정문", "area": 1576, "province": "서울특별시", "district": "종로구" }, "geometry": { "type": "Point", "coordinates": [ 126.991137662502936, 37.578942841655739 ] } },
{ "type": "Feature", "properties": { "heritage_code": "12000814000000011", "category_code": "12", "category": "보물", "designation_no": 814, "display_name": "보물 창덕궁 선정전", "name": "창덕궁 선정전", "area": 398, "province": "서울특별시", "district": "종로구" }, "geometry": { "type": "Point", "coordinates": [ 126.991709116969048, 37.579659893576853 ] } },
{ "type": "Feature", "properties": { "heritage_code": "12000815000000011", "category_code": "12", "category": "보물", "designation_no": 815, "display_name": "보물 창덕궁 희정당", "name": "창덕궁 희정당", "area": 800, "province": "서울특별시", "district": "종로구" }, "geometry": { "type": "Point", "coordinates": [ 126.992293684453685, 37.579747881524028 ] } },
{ "type": "Feature", "properties": { "heritage_code": "12000816000000011", "category_code": "12", "category": "보물", "designation_no": 816, "display_name": "보물 창덕궁 대조전", "name": "창덕궁 대조전", "area": 1095, "province": "서울특별시", "district": "종로구" }, "geometry": { "type": "Point", "coordinates": [ 126.992433454273481, 37.580145753919986 ] } },
{ "type": "Feature", "properties": { "heritage_code": "12000817000000011", "category_code": "12", "category": "보물", "designation_no": 817, "display_name": "보물 창덕궁 선원전", "name": "창덕궁 선원전", "area": 569, "province": "서울특별시", "district": "종로구" }, "geometry": { "type": "Point", "coordinates": [ 126.990135983938316, 37.579633867536359 ] } },
{ "type": "Feature", "properties": { "heritage_code": "12000818000000011", "category_code": "12", "category": "보물", "designation_no": 818, "display_name": "보물 창경궁 통명전", "name": "창경궁 통명전", "area": 610, "province": "서울특별시", "district": "종로구" }, "geometry": { "type": "Point", "coordinates": [ 126.993709415693488, 37.579682106765645 ] } },
{ "type": "Feature", "properties": { "heritage_code": "12000819000000011", "category_code": "12", "category": "보물", "designation_no": 819, "display_name": "보물 덕수궁 중화전 및 중화문", "name": "덕수궁 중화전 및 중화문", "area": 1916, "province": "서울특별시", "district": "중구" }, "geometry": { "type": "Point", "coordinates": [ 126.974817878033448, 37.565711691625857 ] } },
{ "type": "Feature", "properties": { "heritage_code": "12000820000000011", "category_code": "12", "category": "보물", "designation_no": 820, "display_name": "보물 덕수궁 함녕전", "name": "덕수궁 함녕전", "area": 569, "province": "서울특별시", "district": "중구" }, "geometry": { "type": "Point", "coordinates": [ 126.975909370822521, 37.565944170397223 ] } },
{ "type": "Feature", "properties": { "heritage_code": "12000821000000011", "category_code": "12", "category": "보물", "designation_no": 821, "display_name": "보물 종묘 영녕전", "name": "종묘 영녕전", "area": 1657, "province": "서울특별시", "district": "종로구" }, "geometry": { "type": "Point", "coordinates": [ 126.992750554308742, 37.575942387144067 ] } },
{ "type": "Feature", "properties": { "heritage_code": "12000822000000031", "category_code": "12", "category": "보물", "designation_no": 822, "display_name": "보물 이천 영월암 마애여래입상", "name": "이천 영월암 마애여래입상", "area": 30, "province": "경기도", "district": "이천시" }, "geometry": { "type": "Point", "coordinates": [ 127.415249173144261, 37.281739654460274 ] } },
{ "type": "Feature", "properties": { "heritage_code": "12000823000000031", "category_code": "12", "category": "보물", "designation_no": 823, "display_name": "보물 안성 석남사 영산전", "name": "안성 석남사 영산전", "area": 82, "province": "경기도", "district": "안성시" }, "geometry": { "type": "Point", "coordinates": [ 127.306761276717552, 36.939888020794996 ] } },
{ "type": "Feature", "properties": { "heritage_code": "12000824000000031", "category_code": "12", "category": "보물", "designation_no": 824, "display_name": "보물 안성 청룡사 대웅전", "name": "안성 청룡사 대웅전", "area": 6241, "province": "경기도", "district": "안성시" }, "geometry": { "type": "Point", "coordinates": [ 127.289070407577029, 36.913542818185078 ] } },
{ "type": "Feature", "properties": { "heritage_code": "12000825000000035", "category_code": "12", "category": "보물", "designation_no": 825, "display_name": "보물 익산 숭림사 보광전", "name": "익산 숭림사 보광전", "area": 146, "province": "전북특별자치도", "district": "익산시" }, "geometry": { "type": "Point", "coordinates": [ 126.915605335021283, 36.081793012595803 ] } },
{ "type": "Feature", "properties": { "heritage_code": "12000826000000035", "category_code": "12", "category": "보물", "designation_no": 826, "display_name": "보물 김제 귀신사 대적광전", "name": "김제 귀신사 대적광전", "area": 212, "province": "전북특별자치도", "district": "김제시" }, "geometry": { "type": "Point", "coordinates": [ 127.046955665568149, 35.745316869050498 ] } },
{ "type": "Feature", "properties": { "heritage_code": "12000827000000035", "category_code": "12", "category": "보물", "designation_no": 827, "display_name": "보물 김제 금산사 대장전", "name": "김제 금산사 대장전", "area": 163, "province": "전북특별자치도", "district": "김제시" }, "geometry": { "type": "Point", "coordinates": [ 127.052918345025631, 35.723307127937183 ] } },
{ "type": "Feature", "properties": { "heritage_code": "12000828000000035", "category_code": "12", "category": "보물", "designation_no": 828, "display_name": "보물 김제 금산사 석등", "name": "김제 금산사 석등", "area": 2, "province": "전북특별자치도", "district": "김제시" }, "geometry": { "type": "Point", "coordinates": [ 127.053040674000442, 35.723269264496338 ] } },
{ "type": "Feature", "properties": { "heritage_code": "12000829000000036", "category_code": "12", "category": "보물", "designation_no": 829, "display_name": "보물 강진 금곡사 삼층석탑", "name": "강진 금곡사 삼층석탑", "area": 8, "province": "전남광주통합특별시", "district": "강진군" }, "geometry": { "type": "Point", "coordinates": [ 126.7775701279636, 34.666443841203574 ] } },
{ "type": "Feature", "properties": { "heritage_code": "12000830000000036", "category_code": "12", "category": "보물", "designation_no": 830, "display_name": "보물 영광 불갑사 대웅전", "name": "영광 불갑사 대웅전", "area": 223, "province": "전남광주통합특별시", "district": "영광군" }, "geometry": { "type": "Point", "coordinates": [ 126.549971929881366, 35.200756522062612 ] } },
{ "type": "Feature", "properties": { "heritage_code": "12000831000000036", "category_code": "12", "category": "보물", "designation_no": 831, "display_name": "보물 순천 동화사 삼층석탑", "name": "순천 동화사 삼층석탑", "area": 4, "province": "전남광주통합특별시", "district": "순천시" }, "geometry": { "type": "Point", "coordinates": [ 127.394747577795314, 34.873103962392342 ] } },
{ "type": "Feature", "properties": { "heritage_code": "12000832000000037", "category_code": "12", "category": "보물", "designation_no": 832, "display_name": "보물 영주 성혈사 나한전", "name": "영주 성혈사 나한전", "area": 69, "province": "경상북도", "district": "영주시" }, "geometry": { "type": "Point", "coordinates": [ 128.542945948212719, 36.950726570013593 ] } },
{ "type": "Feature", "properties": { "heritage_code": "12000833000000037", "category_code": "12", "category": "보물", "designation_no": 833, "display_name": "보물 경주 기림사 대적광전", "name": "경주 기림사 대적광전", "area": 396, "province": "경상북도", "district": "경주시" }, "geometry": { "type": "Point", "coordinates": [ 129.403487443075875, 35.838127734791918 ] } },
{ "type": "Feature", "properties": { "heritage_code": "12000834000000037", "category_code": "12", "category": "보물", "designation_no": 834, "display_name": "보물 청도 대비사 대웅전", "name": "청도 대비사 대웅전", "area": 173, "province": "경상북도", "district": "청도군" }, "geometry": { "type": "Point", "coordinates": [ 128.936094953525298, 35.65638285896511 ] } },
{ "type": "Feature", "properties": { "heritage_code": "12000835000000037", "category_code": "12", "category": "보물", "designation_no": 835, "display_name": "보물 청도 운문사 대웅보전", "name": "청도 운문사 대웅보전", "area": 447, "province": "경상북도", "district": "청도군" }, "geometry": { "type": "Point", "coordinates": [ 128.959752320313498, 35.661359411764145 ] } },
{ "type": "Feature", "properties": { "heritage_code": "12000836000000037", "category_code": "12", "category": "보물", "designation_no": 836, "display_name": "보물 청도 대적사 극락전", "name": "청도 대적사 극락전", "area": 88, "province": "경상북도", "district": "청도군" }, "geometry": { "type": "Point", "coordinates": [ 128.719553907399359, 35.715937272552267 ] } },
{ "type": "Feature", "properties": { "heritage_code": "12000838000000011", "category_code": "12", "category": "보물", "designation_no": 838, "display_name": "보물 서울 청계천 수표", "name": "서울 청계천 수표", "area": 1, "province": "서울특별시", "district": "동대문구" }, "geometry": { "type": "Point", "coordinates": [ 127.043852023560106, 37.590614693761879 ] } },
{ "type": "Feature", "properties": { "heritage_code": "12000846000000011", "category_code": "12", "category": "보물", "designation_no": 846, "display_name": "보물 창경궁 풍기대", "name": "창경궁 풍기대", "area": 0, "province": "서울특별시", "district": "종로구" }, "geometry": { "type": "Point", "coordinates": [ 126.994527798623238, 37.579987981475966 ] } },
{ "type": "Feature", "properties": { "heritage_code": "12000847000000011", "category_code": "12", "category": "보물", "designation_no": 847, "display_name": "보물 경복궁 풍기대", "name": "경복궁 풍기대", "area": 0, "province": "서울특별시", "district": "종로구" }, "geometry": { "type": "Point", "coordinates": [ 126.976951628204944, 37.580622235391857 ] } },
{ "type": "Feature", "properties": { "heritage_code": "12000851000000011", "category_code": "12", "category": "보물", "designation_no": 851, "display_name": "보물 창경궁 관천대", "name": "창경궁 관천대", "area": 6, "province": "서울특별시", "district": "종로구" }, "geometry": { "type": "Point", "coordinates": [ 126.994938137596293, 37.57749241282059 ] } },
{ "type": "Feature", "properties": { "heritage_code": "12000907000000037", "category_code": "12", "category": "보물", "designation_no": 907, "display_name": "보물 경주 남사리 삼층석탑", "name": "경주 남사리 삼층석탑", "area": 6, "province": "경상북도", "district": "경주시" }, "geometry": { "type": "Point", "coordinates": [ 129.133267613727895, 35.899263728458941 ] } },
{ "type": "Feature", "properties": { "heritage_code": "12000908000000037", "category_code": "12", "category": "보물", "designation_no": 908, "display_name": "보물 경주 용명리 삼층석탑", "name": "경주 용명리 삼층석탑", "area": 13, "province": "경상북도", "district": "경주시" }, "geometry": { "type": "Point", "coordinates": [ 129.121764544210436, 35.869487791612869 ] } },
{ "type": "Feature", "properties": { "heritage_code": "12000909000000037", "category_code": "12", "category": "보물", "designation_no": 909, "display_name": "보물 경주 남간사지 당간지주", "name": "경주 남간사지 당간지주", "area": 1, "province": "경상북도", "district": "경주시" }, "geometry": { "type": "Point", "coordinates": [ 129.217055218399338, 35.8137131844518 ] } },
{ "type": "Feature", "properties": { "heritage_code": "12000910000000037", "category_code": "12", "category": "보물", "designation_no": 910, "display_name": "보물 경주 보문사지 연화문 당간지주", "name": "경주 보문사지 연화문 당간지주", "area": 1, "province": "경상북도", "district": "경주시" }, "geometry": { "type": "Point", "coordinates": [ 129.253348340831138, 35.828878091720135 ] } },
{ "type": "Feature", "properties": { "heritage_code": "12000911000000037", "category_code": "12", "category": "보물", "designation_no": 911, "display_name": "보물 경주 석굴암 삼층석탑", "name": "경주 석굴암 삼층석탑", "area": 4, "province": "경상북도", "district": "경주시" }, "geometry": { "type": "Point", "coordinates": [ 129.350936449046259, 35.795394937229517 ] } },
{ "type": "Feature", "properties": { "heritage_code": "12000912000000037", "category_code": "12", "category": "보물", "designation_no": 912, "display_name": "보물 경주 마동 삼층석탑", "name": "경주 마동 삼층석탑", "area": 13, "province": "경상북도", "district": "경주시" }, "geometry": { "type": "Point", "coordinates": [ 129.322059481032738, 35.790309884553992 ] } },
{ "type": "Feature", "properties": { "heritage_code": "12000913000000037", "category_code": "12", "category": "보물", "designation_no": 913, "display_name": "보물 경주 남산 용장사지 마애여래좌상", "name": "경주 남산 용장사지 마애여래좌상", "area": 9, "province": "경상북도", "district": "경주시" }, "geometry": { "type": "Point", "coordinates": [ 129.222892015881882, 35.780858740581699 ] } },
{ "type": "Feature", "properties": { "heritage_code": "12000914000000035", "category_code": "12", "category": "보물", "designation_no": 914, "display_name": "보물 정읍 보화리 석조이불입상", "name": "정읍 보화리 석조이불입상", "area": 24, "province": "전북특별자치도", "district": "정읍시" }, "geometry": { "type": "Point", "coordinates": [ 126.77736511659289, 35.559311046268483 ] } },
{ "type": "Feature", "properties": { "heritage_code": "12000915000000033", "category_code": "12", "category": "보물", "designation_no": 915, "display_name": "보물 보은 법주사 대웅보전", "name": "보은 법주사 대웅보전", "area": 585, "province": "충청북도", "district": "보은군" }, "geometry": { "type": "Point", "coordinates": [ 127.833540626439017, 36.542776043617195 ] } },
{ "type": "Feature", "properties": { "heritage_code": "12000916000000033", "category_code": "12", "category": "보물", "designation_no": 916, "display_name": "보물 보은 법주사 원통보전", "name": "보은 법주사 원통보전", "area": 132, "province": "충청북도", "district": "보은군" }, "geometry": { "type": "Point", "coordinates": [ 127.833014978324854, 36.542371150716257 ] } },
{ "type": "Feature", "properties": { "heritage_code": "12000943000000036", "category_code": "12", "category": "보물", "designation_no": 943, "display_name": "보물 보성 우천리 삼층석탑", "name": "보성 우천리 삼층석탑", "area": 5, "province": "전남광주통합특별시", "district": "보성군" }, "geometry": { "type": "Point", "coordinates": [ 127.230370195395224, 34.799954377901521 ] } },
{ "type": "Feature", "properties": { "heritage_code": "12000944000000036", "category_code": "12", "category": "보물", "designation_no": 944, "display_name": "보물 보성 유신리 마애여래좌상", "name": "보성 유신리 마애여래좌상", "area": 116, "province": "전남광주통합특별시", "district": "보성군" }, "geometry": { "type": "Point", "coordinates": [ 127.230243856548938, 34.869014962538984 ] } },
{ "type": "Feature", "properties": { "heritage_code": "12000945000000036", "category_code": "12", "category": "보물", "designation_no": 945, "display_name": "보물 순천 금둔사지 삼층석탑", "name": "순천 금둔사지 삼층석탑", "area": 9, "province": "전남광주통합특별시", "district": "순천시" }, "geometry": { "type": "Point", "coordinates": [ 127.340776612476517, 34.925370983540546 ] } },
{ "type": "Feature", "properties": { "heritage_code": "12000946000000036", "category_code": "12", "category": "보물", "designation_no": 946, "display_name": "보물 순천 금둔사지 석조불비상", "name": "순천 금둔사지 석조불비상", "area": 3, "province": "전남광주통합특별시", "district": "순천시" }, "geometry": { "type": "Point", "coordinates": [ 127.340838531818619, 34.925356753110322 ] } },
{ "type": "Feature", "properties": { "heritage_code": "12000947000000036", "category_code": "12", "category": "보물", "designation_no": 947, "display_name": "보물 해남 미황사 대웅전", "name": "해남 미황사 대웅전", "area": 244, "province": "전남광주통합특별시", "district": "해남군" }, "geometry": { "type": "Point", "coordinates": [ 126.577865281447458, 34.382975101881669 ] } },
{ "type": "Feature", "properties": { "heritage_code": "12000979000000034", "category_code": "12", "category": "보물", "designation_no": 979, "display_name": "보물 공주 서혈사지 석조여래좌상", "name": "공주 서혈사지 석조여래좌상", "area": 1, "province": "충청남도", "district": "공주시" }, "geometry": { "type": "Point", "coordinates": [ 127.11187391524642, 36.465990940924392 ] } },
{ "type": "Feature", "properties": { "heritage_code": "12000981000000031", "category_code": "12", "category": "보물", "designation_no": 981, "display_name": "보물 하남 교산동 마애약사여래좌상", "name": "하남 교산동 마애약사여래좌상", "area": 3, "province": "경기도", "district": "하남시" }, "geometry": { "type": "Point", "coordinates": [ 127.209014770521776, 37.517718878332921 ] } },
{ "type": "Feature", "properties": { "heritage_code": "12000982000000031", "category_code": "12", "category": "보물", "designation_no": 982, "display_name": "보물 이천 장암리 마애보살반가상", "name": "이천 장암리 마애보살반가상", "area": 3, "province": "경기도", "district": "이천시" }, "geometry": { "type": "Point", "coordinates": [ 127.400685687930903, 37.271923085543733 ] } },
{ "type": "Feature", "properties": { "heritage_code": "12000983000000031", "category_code": "12", "category": "보물", "designation_no": 983, "display_name": "보물 안성 봉업사지 석조여래입상", "name": "안성 봉업사지 석조여래입상", "area": 7, "province": "경기도", "district": "안성시" }, "geometry": { "type": "Point", "coordinates": [ 127.397554752587538, 37.026717197341128 ] } },
{ "type": "Feature", "properties": { "heritage_code": "12000984000000033", "category_code": "12", "category": "보물", "designation_no": 984, "display_name": "보물 영동 신항리 석조여래삼존입상", "name": "영동 신항리 석조여래삼존입상", "area": 1697, "province": "충청북도", "district": "영동군" }, "geometry": { "type": "Point", "coordinates": [ 127.817666644308474, 36.262284180230026 ] } },
{ "type": "Feature", "properties": { "heritage_code": "12000985000000033", "category_code": "12", "category": "보물", "designation_no": 985, "display_name": "보물 청주 용화사 석조불상군", "name": "청주 용화사 석조불상군", "area": 5, "province": "충청북도", "district": "청주시" }, "geometry": { "type": "Point", "coordinates": [ 127.482037088031035, 36.641936805588109 ] } },
{ "type": "Feature", "properties": { "heritage_code": "12000988000000022", "category_code": "12", "category": "보물", "designation_no": 988, "display_name": "보물 군위 대율리 석조여래입상", "name": "군위 대율리 석조여래입상", "area": 1, "province": "대구광역시", "district": "군위군" }, "geometry": { "type": "Point", "coordinates": [ 128.653992643843452, 36.060991232079154 ] } },
{ "type": "Feature", "properties": { "heritage_code": "12000995000000037", "category_code": "12", "category": "보물", "designation_no": 995, "display_name": "보물 봉화 축서사 석조비로자나불좌상 및 목조광배", "name": "봉화 축서사 석조비로자나불좌상 및 목조광배", "area": 6, "province": "경상북도", "district": "봉화군" }, "geometry": { "type": "Point", "coordinates": [ 128.800477013272143, 36.981254148730301 ] } },
{ "type": "Feature", "properties": { "heritage_code": "12000998000000038", "category_code": "12", "category": "보물", "designation_no": 998, "display_name": "보물 양산 미타암 석조아미타여래입상", "name": "양산 미타암 석조아미타여래입상", "area": 0, "province": "경상남도", "district": "양산시" }, "geometry": { "type": "Point", "coordinates": [ 129.131724328258088, 35.405859187479997 ] } },
{ "type": "Feature", "properties": { "heritage_code": "12001112000000038", "category_code": "12", "category": "보물", "designation_no": 1112, "display_name": "보물 산청 대원사 다층석탑", "name": "산청 대원사 다층석탑", "area": 3, "province": "경상남도", "district": "산청군" }, "geometry": { "type": "Point", "coordinates": [ 127.806735144634359, 35.356074924423069 ] } },
{ "type": "Feature", "properties": { "heritage_code": "12001113000000038", "category_code": "12", "category": "보물", "designation_no": 1113, "display_name": "보물 산청 덕산사 삼층석탑", "name": "산청 덕산사 삼층석탑", "area": 8, "province": "경상남도", "district": "산청군" }, "geometry": { "type": "Point", "coordinates": [ 127.810218945932874, 35.300281965502229 ] } },
{ "type": "Feature", "properties": { "heritage_code": "12001114000000038", "category_code": "12", "category": "보물", "designation_no": 1114, "display_name": "보물 산청 대포리 삼층석탑", "name": "산청 대포리 삼층석탑", "area": 17, "province": "경상남도", "district": "산청군" }, "geometry": { "type": "Point", "coordinates": [ 127.805964997430806, 35.294524278648801 ] } },
{ "type": "Feature", "properties": { "heritage_code": "12001115000000036", "category_code": "12", "category": "보물", "designation_no": 1115, "display_name": "보물 보성 봉천리 오층석탑", "name": "보성 봉천리 오층석탑", "area": 4, "province": "전남광주통합특별시", "district": "보성군" }, "geometry": { "type": "Point", "coordinates": [ 127.135467779330952, 34.900291377918492 ] } },
{ "type": "Feature", "properties": { "heritage_code": "12001116000000036", "category_code": "12", "category": "보물", "designation_no": 1116, "display_name": "보물 화순 유마사 해련탑", "name": "화순 유마사 해련탑", "area": 3, "province": "전남광주통합특별시", "district": "화순군" }, "geometry": { "type": "Point", "coordinates": [ 127.171798985299901, 35.017948164734683 ] } },
{ "type": "Feature", "properties": { "heritage_code": "12001117000000036", "category_code": "12", "category": "보물", "designation_no": 1117, "display_name": "보물 순천 선암사 대각암 승탑", "name": "순천 선암사 대각암 승탑", "area": 3, "province": "전남광주통합특별시", "district": "순천시" }, "geometry": { "type": "Point", "coordinates": [ 127.326915890355224, 34.996252478720798 ] } },
{ "type": "Feature", "properties": { "heritage_code": "12001118000000036", "category_code": "12", "category": "보물", "designation_no": 1118, "display_name": "보물 영암 성풍사지 오층석탑", "name": "영암 성풍사지 오층석탑", "area": 5, "province": "전남광주통합특별시", "district": "영암군" }, "geometry": { "type": "Point", "coordinates": [ 126.704177236193445, 34.791119222316127 ] } },
{ "type": "Feature", "properties": { "heritage_code": "12001119000000011", "category_code": "12", "category": "보물", "designation_no": 1119, "display_name": "보물 창경궁 팔각칠층석탑", "name": "창경궁 팔각칠층석탑", "area": 5, "province": "서울특별시", "district": "종로구" }, "geometry": { "type": "Point", "coordinates": [ 126.994459581892386, 37.582133310248274 ] } },
{ "type": "Feature", "properties": { "heritage_code": "12001120000000038", "category_code": "12", "category": "보물", "designation_no": 1120, "display_name": "보물 양산 신흥사 대광전", "name": "양산 신흥사 대광전", "area": 287, "province": "경상남도", "district": "양산시" }, "geometry": { "type": "Point", "coordinates": [ 128.950896644028546, 35.426458010760385 ] } },
{ "type": "Feature", "properties": { "heritage_code": "12001121000000037", "category_code": "12", "category": "보물", "designation_no": 1121, "display_name": "보물 성주 금봉리 석조비로자나불좌상", "name": "성주 금봉리 석조비로자나불좌상", "area": 35, "province": "경상북도", "district": "성주군" }, "geometry": { "type": "Point", "coordinates": [ 128.13866084036539, 35.886357799792023 ] } },
{ "type": "Feature", "properties": { "heritage_code": "12001122000000037", "category_code": "12", "category": "보물", "designation_no": 1122, "display_name": "보물 구미 황상동 마애여래입상", "name": "구미 황상동 마애여래입상", "area": 14, "province": "경상북도", "district": "구미시" }, "geometry": { "type": "Point", "coordinates": [ 128.412912247458962, 36.1151113053768 ] } },
{ "type": "Feature", "properties": { "heritage_code": "12001123000000035", "category_code": "12", "category": "보물", "designation_no": 1123, "display_name": "보물 남원 개령암지 마애불상군", "name": "남원 개령암지 마애불상군", "area": 153, "province": "전북특별자치도", "district": "남원시" }, "geometry": { "type": "Point", "coordinates": [ 127.524654409584116, 35.367569489359063 ] } },
{ "type": "Feature", "properties": { "heritage_code": "12001183000000036", "category_code": "12", "category": "보물", "designation_no": 1183, "display_name": "보물 해남 미황사 응진당", "name": "해남 미황사 응진당", "area": 122, "province": "전남광주통합특별시", "district": "해남군" }, "geometry": { "type": "Point", "coordinates": [ 126.578109341671691, 34.382803138713015 ] } },
{ "type": "Feature", "properties": { "heritage_code": "12001184000000036", "category_code": "12", "category": "보물", "designation_no": 1184, "display_name": "보물 순천 선암사 북 승탑", "name": "순천 선암사 북 승탑", "area": 1, "province": "전남광주통합특별시", "district": "순천시" }, "geometry": { "type": "Point", "coordinates": [ 127.327879982400347, 34.99818276749231 ] } },
{ "type": "Feature", "properties": { "heritage_code": "12001185000000036", "category_code": "12", "category": "보물", "designation_no": 1185, "display_name": "보물 순천 선암사 동 승탑", "name": "순천 선암사 동 승탑", "area": 2, "province": "전남광주통합특별시", "district": "순천시" }, "geometry": { "type": "Point", "coordinates": [ 127.329700386654622, 34.998316522286935 ] } },
{ "type": "Feature", "properties": { "heritage_code": "12001186000000037", "category_code": "12", "category": "보물", "designation_no": 1186, "display_name": "보물 (전)구미 강락사지 삼층석탑", "name": "(전)구미 강락사지 삼층석탑", "area": 20, "province": "경상북도", "district": "김천시" }, "geometry": { "type": "Point", "coordinates": [ 128.003677069136046, 36.116631493316738 ] } },
{ "type": "Feature", "properties": { "heritage_code": "12001187000000050", "category_code": "12", "category": "보물", "designation_no": 1187, "display_name": "보물 제주 불탑사 오층석탑", "name": "제주 불탑사 오층석탑", "area": 2, "province": "제주특별자치도", "district": "제주시" }, "geometry": { "type": "Point", "coordinates": [ 126.598544211899039, 33.529378067574129 ] } },
{ "type": "Feature", "properties": { "heritage_code": "12001188000000037", "category_code": "12", "category": "보물", "designation_no": 1188, "display_name": "보물 경주 남산 천룡사지 삼층석탑", "name": "경주 남산 천룡사지 삼층석탑", "area": 6, "province": "경상북도", "district": "경주시" }, "geometry": { "type": "Point", "coordinates": [ 129.221404823633549, 35.764799857897742 ] } },
{ "type": "Feature", "properties": { "heritage_code": "12001200000000035", "category_code": "12", "category": "보물", "designation_no": 1200, "display_name": "보물 고창 선운사 동불암지 마애여래좌상", "name": "고창 선운사 동불암지 마애여래좌상", "area": 131, "province": "전북특별자치도", "district": "고창군" }, "geometry": { "type": "Point", "coordinates": [ 126.562798641599386, 35.480961098718666 ] } },
{ "type": "Feature", "properties": { "heritage_code": "12001201000000037", "category_code": "12", "category": "보물", "designation_no": 1201, "display_name": "보물 울진 불영사 대웅보전", "name": "울진 불영사 대웅보전", "area": 280, "province": "경상북도", "district": "울진군" }, "geometry": { "type": "Point", "coordinates": [ 129.273843544248308, 36.941122723823042 ] } },
{ "type": "Feature", "properties": { "heritage_code": "12001242000000038", "category_code": "12", "category": "보물", "designation_no": 1242, "display_name": "보물 합천 해인사 길상탑", "name": "합천 해인사 길상탑", "area": 6, "province": "경상남도", "district": "합천군" }, "geometry": { "type": "Point", "coordinates": [ 128.096533468030515, 35.799180399708717 ] } },
{ "type": "Feature", "properties": { "heritage_code": "12001243000000035", "category_code": "12", "category": "보물", "designation_no": 1243, "display_name": "보물 완주 송광사 대웅전", "name": "완주 송광사 대웅전", "area": 385, "province": "전북특별자치도", "district": "완주군" }, "geometry": { "type": "Point", "coordinates": [ 127.24175135417326, 35.885765282062771 ] } },
{ "type": "Feature", "properties": { "heritage_code": "12001244000000035", "category_code": "12", "category": "보물", "designation_no": 1244, "display_name": "보물 완주 송광사 종루", "name": "완주 송광사 종루", "area": 118, "province": "전북특별자치도", "district": "완주군" }, "geometry": { "type": "Point", "coordinates": [ 127.24197660221661, 35.885373996058739 ] } },
{ "type": "Feature", "properties": { "heritage_code": "12001275000000032", "category_code": "12", "category": "보물", "designation_no": 1275, "display_name": "보물 인제 한계사지 남 삼층석탑", "name": "인제 한계사지 남 삼층석탑", "area": 5, "province": "강원특별자치도", "district": "인제군" }, "geometry": { "type": "Point", "coordinates": [ 128.34112798113199, 38.120650955490831 ] } },
{ "type": "Feature", "properties": { "heritage_code": "12001276000000032", "category_code": "12", "category": "보물", "designation_no": 1276, "display_name": "보물 인제 한계사지 북 삼층석탑", "name": "인제 한계사지 북 삼층석탑", "area": 6, "province": "강원특별자치도", "district": "인제군" }, "geometry": { "type": "Point", "coordinates": [ 128.340563076393181, 38.121090245644417 ] } },
{ "type": "Feature", "properties": { "heritage_code": "12001277000000032", "category_code": "12", "category": "보물", "designation_no": 1277, "display_name": "보물 동해 삼화사 삼층석탑", "name": "동해 삼화사 삼층석탑", "area": 4, "province": "강원특별자치도", "district": "동해시" }, "geometry": { "type": "Point", "coordinates": [ 129.014503508023637, 37.463574634338116 ] } },
{ "type": "Feature", "properties": { "heritage_code": "12001283000000036", "category_code": "12", "category": "보물", "designation_no": 1283, "display_name": "보물 영암 월출산 용암사지 삼층석탑", "name": "영암 월출산 용암사지 삼층석탑", "area": 4, "province": "전남광주통합특별시", "district": "영암군" }, "geometry": { "type": "Point", "coordinates": [ 126.690391494513889, 34.762812487735907 ] } },
{ "type": "Feature", "properties": { "heritage_code": "12001284000000034", "category_code": "12", "category": "보물", "designation_no": 1284, "display_name": "보물 공주 청량사지 오층석탑", "name": "공주 청량사지 오층석탑", "area": 4, "province": "충청남도", "district": "공주시" }, "geometry": { "type": "Point", "coordinates": [ 127.213962784450189, 36.362623746565355 ] } },
{ "type": "Feature", "properties": { "heritage_code": "12001285000000034", "category_code": "12", "category": "보물", "designation_no": 1285, "display_name": "보물 공주 청량사지 칠층석탑", "name": "공주 청량사지 칠층석탑", "area": 6, "province": "충청남도", "district": "공주시" }, "geometry": { "type": "Point", "coordinates": [ 127.21391536919468, 36.362637093647585 ] } },
{ "type": "Feature", "properties": { "heritage_code": "12001288000000036", "category_code": "12", "category": "보물", "designation_no": 1288, "display_name": "보물 여수 타루비", "name": "여수 타루비", "area": 0, "province": "전남광주통합특별시", "district": "여수시" }, "geometry": { "type": "Point", "coordinates": [ 127.738926979564098, 34.740024036116424 ] } },
{ "type": "Feature", "properties": { "heritage_code": "12001293000000034", "category_code": "12", "category": "보물", "designation_no": 1293, "display_name": "보물 공주 계룡산 중악단", "name": "공주 계룡산 중악단", "area": 363, "province": "충청남도", "district": "공주시" }, "geometry": { "type": "Point", "coordinates": [ 127.184810458314232, 36.335337191865513 ] } },
{ "type": "Feature", "properties": { "heritage_code": "12001295000000033", "category_code": "12", "category": "보물", "designation_no": 1295, "display_name": "보물 괴산 각연사 통일대사탑비", "name": "괴산 각연사 통일대사탑비", "area": 6, "province": "충청북도", "district": "괴산군" }, "geometry": { "type": "Point", "coordinates": [ 127.928791469250882, 36.751369731628081 ] } },
{ "type": "Feature", "properties": { "heritage_code": "12001296000000033", "category_code": "12", "category": "보물", "designation_no": 1296, "display_name": "보물 제천 신륵사 삼층석탑", "name": "제천 신륵사 삼층석탑", "area": 4, "province": "충청북도", "district": "제천시" }, "geometry": { "type": "Point", "coordinates": [ 128.130221373819666, 36.879258818165177 ] } },
{ "type": "Feature", "properties": { "heritage_code": "12001299000000033", "category_code": "12", "category": "보물", "designation_no": 1299, "display_name": "보물 괴산 보안사 삼층석탑", "name": "괴산 보안사 삼층석탑", "area": 3, "province": "충청북도", "district": "괴산군" }, "geometry": { "type": "Point", "coordinates": [ 127.655358176171035, 36.757301030905673 ] } },
{ "type": "Feature", "properties": { "heritage_code": "12001300000000038", "category_code": "12", "category": "보물", "designation_no": 1300, "display_name": "보물 합천 해인사 홍제암", "name": "합천 해인사 홍제암", "area": 712, "province": "경상남도", "district": "합천군" }, "geometry": { "type": "Point", "coordinates": [ 128.095169320516277, 35.80255673563623 ] } },
{ "type": "Feature", "properties": { "heritage_code": "12001301000000038", "category_code": "12", "category": "보물", "designation_no": 1301, "display_name": "보물 합천 해인사 홍제암 사명대사탑 및 석장비", "name": "합천 해인사 홍제암 사명대사탑 및 석장비", "area": 10, "province": "경상남도", "district": "합천군" }, "geometry": { "type": "Point", "coordinates": [ 128.095433894643634, 35.802336496731172 ] } },
{ "type": "Feature", "properties": { "heritage_code": "12001307000000036", "category_code": "12", "category": "보물", "designation_no": 1307, "display_name": "보물 고흥 능가사 대웅전", "name": "고흥 능가사 대웅전", "area": 427, "province": "전남광주통합특별시", "district": "고흥군" }, "geometry": { "type": "Point", "coordinates": [ 127.414065366811499, 34.638812649694579 ] } },
{ "type": "Feature", "properties": { "heritage_code": "12001309000000036", "category_code": "12", "category": "보물", "designation_no": 1309, "display_name": "보물 영암 엄길리 암각 매향명", "name": "영암 엄길리 암각 매향명", "area": 32, "province": "전남광주통합특별시", "district": "영암군" }, "geometry": { "type": "Point", "coordinates": [ 126.58495760514073, 34.761291189487991 ] } },
{ "type": "Feature", "properties": { "heritage_code": "12001310000000036", "category_code": "12", "category": "보물", "designation_no": 1310, "display_name": "보물 나주 불회사 대웅전", "name": "나주 불회사 대웅전", "area": 258, "province": "전남광주통합특별시", "district": "나주시" }, "geometry": { "type": "Point", "coordinates": [ 126.823477499634535, 34.908757217068739 ] } },
{ "type": "Feature", "properties": { "heritage_code": "12001311000000036", "category_code": "12", "category": "보물", "designation_no": 1311, "display_name": "보물 순천 선암사 대웅전", "name": "순천 선암사 대웅전", "area": 323, "province": "전남광주통합특별시", "district": "순천시" }, "geometry": { "type": "Point", "coordinates": [ 127.331096599402912, 34.996545478170027 ] } },
{ "type": "Feature", "properties": { "heritage_code": "12001322000000036", "category_code": "12", "category": "보물", "designation_no": 1322, "display_name": "보물 곡성 가곡리 오층석탑", "name": "곡성 가곡리 오층석탑", "area": 8, "province": "전남광주통합특별시", "district": "곡성군" }, "geometry": { "type": "Point", "coordinates": [ 127.143477878077988, 35.249260775373628 ] } },
{ "type": "Feature", "properties": { "heritage_code": "12001323000000031", "category_code": "12", "category": "보물", "designation_no": 1323, "display_name": "보물 파주 공효공 박중손묘 장명등", "name": "파주 공효공 박중손묘 장명등", "area": 2, "province": "경기도", "district": "파주시" }, "geometry": { "type": "Point", "coordinates": [ 126.71768413189794, 37.824934791990152 ] } },
{ "type": "Feature", "properties": { "heritage_code": "12001324000000031", "category_code": "12", "category": "보물", "designation_no": 1324, "display_name": "보물 시흥 소래산 마애보살입상", "name": "시흥 소래산 마애보살입상", "area": 67, "province": "경기도", "district": "시흥시" }, "geometry": { "type": "Point", "coordinates": [ 126.780938550582306, 37.454103902215486 ] } },
{ "type": "Feature", "properties": { "heritage_code": "12001336000000032", "category_code": "12", "category": "보물", "designation_no": 1336, "display_name": "보물 고성 건봉사 능파교", "name": "고성 건봉사 능파교", "area": 36229, "province": "강원특별자치도", "district": "고성군" }, "geometry": { "type": "Point", "coordinates": [ 128.378376901538786, 38.402588759743495 ] } },
{ "type": "Feature", "properties": { "heritage_code": "12001337000000032", "category_code": "12", "category": "보물", "designation_no": 1337, "display_name": "보물 고성 육송정 홍교", "name": "고성 육송정 홍교", "area": 48, "province": "강원특별자치도", "district": "고성군" }, "geometry": { "type": "Point", "coordinates": [ 128.398347311080471, 38.386657854242522 ] } },
{ "type": "Feature", "properties": { "heritage_code": "12001338000000033", "category_code": "12", "category": "보물", "designation_no": 1338, "display_name": "보물 옥천 용암사 동·서 삼층석탑", "name": "옥천 용암사 동·서 삼층석탑", "area": 4, "province": "충청북도", "district": "옥천군" }, "geometry": { "type": "Point", "coordinates": [ 127.564241899968025, 36.259793852477223 ] } },
{ "type": "Feature", "properties": { "heritage_code": "12001346000000036", "category_code": "12", "category": "보물", "designation_no": 1346, "display_name": "보물 장성 백양사 소요대사탑", "name": "장성 백양사 소요대사탑", "area": 1, "province": "전남광주통합특별시", "district": "장성군" }, "geometry": { "type": "Point", "coordinates": [ 126.884019657301181, 35.440466206240806 ] } },
{ "type": "Feature", "properties": { "heritage_code": "12001347000000036", "category_code": "12", "category": "보물", "designation_no": 1347, "display_name": "보물 해남 대흥사 서산대사탑", "name": "해남 대흥사 서산대사탑", "area": 2, "province": "전남광주통합특별시", "district": "해남군" }, "geometry": { "type": "Point", "coordinates": [ 126.613886127133398, 34.476496781500636 ] } },
{ "type": "Feature", "properties": { "heritage_code": "12001370000000033", "category_code": "12", "category": "보물", "designation_no": 1370, "display_name": "보물 괴산 각연사 통일대사탑", "name": "괴산 각연사 통일대사탑", "area": 3075, "province": "충청북도", "district": "괴산군" }, "geometry": { "type": "Point", "coordinates": [ 127.928250162717561, 36.746961742889191 ] } },
{ "type": "Feature", "properties": { "heritage_code": "12001371000000033", "category_code": "12", "category": "보물", "designation_no": 1371, "display_name": "보물 영동 반야사 삼층석탑", "name": "영동 반야사 삼층석탑", "area": 3, "province": "충청북도", "district": "영동군" }, "geometry": { "type": "Point", "coordinates": [ 127.908851726262938, 36.280325623005076 ] } },
{ "type": "Feature", "properties": { "heritage_code": "12001372000000036", "category_code": "12", "category": "보물", "designation_no": 1372, "display_name": "보물 함평 고막천 석교", "name": "함평 고막천 석교", "area": 65, "province": "전남광주통합특별시", "district": "함평군" }, "geometry": { "type": "Point", "coordinates": [ 126.592862364409925, 35.033045119830952 ] } },
{ "type": "Feature", "properties": { "heritage_code": "12001395000000036", "category_code": "12", "category": "보물", "designation_no": 1395, "display_name": "보물 영암 도갑사 도선국사·수미선사비", "name": "영암 도갑사 도선국사·수미선사비", "area": 8, "province": "전남광주통합특별시", "district": "영암군" }, "geometry": { "type": "Point", "coordinates": [ 126.66530997361312, 34.75448305952979 ] } },
{ "type": "Feature", "properties": { "heritage_code": "12001396000000036", "category_code": "12", "category": "보물", "designation_no": 1396, "display_name": "보물 강진 백련사 사적비", "name": "강진 백련사 사적비", "area": 4, "province": "전남광주통합특별시", "district": "강진군" }, "geometry": { "type": "Point", "coordinates": [ 126.747380605998686, 34.587811978589059 ] } },
{ "type": "Feature", "properties": { "heritage_code": "12001401000000033", "category_code": "12", "category": "보물", "designation_no": 1401, "display_name": "보물 충주 봉황리 마애불상군", "name": "충주 봉황리 마애불상군", "area": 32, "province": "충청북도", "district": "충주시" }, "geometry": { "type": "Point", "coordinates": [ 127.830655245498036, 37.065567184454451 ] } },
{ "type": "Feature", "properties": { "heritage_code": "12001402000000037", "category_code": "12", "category": "보물", "designation_no": 1402, "display_name": "보물 영주 소수서원 문성공묘", "name": "영주 소수서원 문성공묘", "area": 90, "province": "경상북도", "district": "영주시" }, "geometry": { "type": "Point", "coordinates": [ 128.579847853869666, 36.924913197198556 ] } },
{ "type": "Feature", "properties": { "heritage_code": "12001403000000037", "category_code": "12", "category": "보물", "designation_no": 1403, "display_name": "보물 영주 소수서원 강학당", "name": "영주 소수서원 강학당", "area": 158, "province": "경상북도", "district": "영주시" }, "geometry": { "type": "Point", "coordinates": [ 128.580151884813574, 36.924783149588741 ] } },
{ "type": "Feature", "properties": { "heritage_code": "12001416000000033", "category_code": "12", "category": "보물", "designation_no": 1416, "display_name": "보물 보은 법주사 복천암 수암화상탑", "name": "보은 법주사 복천암 수암화상탑", "area": 7, "province": "충청북도", "district": "보은군" }, "geometry": { "type": "Point", "coordinates": [ 127.854871557208867, 36.550070627200739 ] } },
{ "type": "Feature", "properties": { "heritage_code": "12001417000000033", "category_code": "12", "category": "보물", "designation_no": 1417, "display_name": "보물 보은 법주사 석조희견보살입상", "name": "보은 법주사 석조희견보살입상", "area": 19, "province": "충청북도", "district": "보은군" }, "geometry": { "type": "Point", "coordinates": [ 127.832826013148278, 36.542445579307362 ] } },
{ "type": "Feature", "properties": { "heritage_code": "12001418000000033", "category_code": "12", "category": "보물", "designation_no": 1418, "display_name": "보물 보은 법주사 복천암 학조화상탑", "name": "보은 법주사 복천암 학조화상탑", "area": 7, "province": "충청북도", "district": "보은군" }, "geometry": { "type": "Point", "coordinates": [ 127.854877556949816, 36.550129965763226 ] } },
{ "type": "Feature", "properties": { "heritage_code": "12001427000000037", "category_code": "12", "category": "보물", "designation_no": 1427, "display_name": "보물 경주 원성왕릉 석상 및 석주일괄", "name": "경주 원성왕릉 석상 및 석주일괄", "area": 10, "province": "경상북도", "district": "경주시" }, "geometry": { "type": "Point", "coordinates": [ 129.320294969666293, 35.758789625987461 ] } },
{ "type": "Feature", "properties": { "heritage_code": "12001429000000037", "category_code": "12", "category": "보물", "designation_no": 1429, "display_name": "보물 경주 원원사지 동·서 삼층석탑", "name": "경주 원원사지 동·서 삼층석탑", "area": 26, "province": "경상북도", "district": "경주시" }, "geometry": { "type": "Point", "coordinates": [ 129.349795646177597, 35.697829777630204 ] } },
{ "type": "Feature", "properties": { "heritage_code": "12001433000000036", "category_code": "12", "category": "보물", "designation_no": 1433, "display_name": "보물 영암 도갑사 오층석탑", "name": "영암 도갑사 오층석탑", "area": 5, "province": "전남광주통합특별시", "district": "영암군" }, "geometry": { "type": "Point", "coordinates": [ 126.662872912541815, 34.752823625595553 ] } },
{ "type": "Feature", "properties": { "heritage_code": "12001434000000035", "category_code": "12", "category": "보물", "designation_no": 1434, "display_name": "보물 완주 안심사 금강계단", "name": "완주 안심사 금강계단", "area": 93, "province": "전북특별자치도", "district": "완주군" }, "geometry": { "type": "Point", "coordinates": [ 127.303550071315371, 36.10888959404901 ] } },
{ "type": "Feature", "properties": { "heritage_code": "12001436000000038", "category_code": "12", "category": "보물", "designation_no": 1436, "display_name": "보물 거창 농산리 석조여래입상", "name": "거창 농산리 석조여래입상", "area": 2, "province": "경상남도", "district": "거창군" }, "geometry": { "type": "Point", "coordinates": [ 127.813248873478102, 35.769802576998075 ] } },
{ "type": "Feature", "properties": { "heritage_code": "12001461000000021", "category_code": "12", "category": "보물", "designation_no": 1461, "display_name": "보물 부산 범어사 조계문", "name": "부산 범어사 조계문", "area": 58, "province": "부산광역시", "district": "금정구" }, "geometry": { "type": "Point", "coordinates": [ 129.069674503424125, 35.283715745442144 ] } },
{ "type": "Feature", "properties": { "heritage_code": "12001462000000011", "category_code": "12", "category": "보물", "designation_no": 1462, "display_name": "보물 서울 인조별서 유기비", "name": "서울 인조별서 유기비", "area": 4, "province": "서울특별시", "district": "은평구" }, "geometry": { "type": "Point", "coordinates": [ 126.91661956115621, 37.608728810446507 ] } },
{ "type": "Feature", "properties": { "heritage_code": "12001471000000038", "category_code": "12", "category": "보물", "designation_no": 1471, "display_name": "보물 양산 통도사 삼층석탑", "name": "양산 통도사 삼층석탑", "area": 5, "province": "경상남도", "district": "양산시" }, "geometry": { "type": "Point", "coordinates": [ 129.064931732911958, 35.487867928504436 ] } },
{ "type": "Feature", "properties": { "heritage_code": "12001523000000037", "category_code": "12", "category": "보물", "designation_no": 1523, "display_name": "보물 경주 불국사 석조", "name": "경주 불국사 석조", "area": 3, "province": "경상북도", "district": "경주시" }, "geometry": { "type": "Point", "coordinates": [ 129.332455776048619, 35.789539916380861 ] } },
{ "type": "Feature", "properties": { "heritage_code": "12001524000000011", "category_code": "12", "category": "보물", "designation_no": 1524, "display_name": "보물 서울 이윤탁 한글영비", "name": "서울 이윤탁 한글영비", "area": 257, "province": "서울특별시", "district": "노원구" }, "geometry": { "type": "Point", "coordinates": [ 127.076757688708994, 37.645447135250762 ] } },
{ "type": "Feature", "properties": { "heritage_code": "12001532000000031", "category_code": "12", "category": "보물", "designation_no": 1532, "display_name": "보물 여주 효종 영릉재실", "name": "여주 효종 영릉재실", "area": 1765, "province": "경기도", "district": "여주시" }, "geometry": { "type": "Point", "coordinates": [ 127.610237894927025, 37.311141828646221 ] } },
{ "type": "Feature", "properties": { "heritage_code": "12001563000000022", "category_code": "12", "category": "보물", "designation_no": 1563, "display_name": "보물 대구 동화사 대웅전", "name": "대구 동화사 대웅전", "area": 258, "province": "대구광역시", "district": "동구" }, "geometry": { "type": "Point", "coordinates": [ 128.703640160989721, 35.993438224841071 ] } },
{ "type": "Feature", "properties": { "heritage_code": "12001568000000037", "category_code": "12", "category": "보물", "designation_no": 1568, "display_name": "보물 상주 양진당", "name": "상주 양진당", "area": 425, "province": "경상북도", "district": "상주시" }, "geometry": { "type": "Point", "coordinates": [ 128.229039738269421, 36.364147925096894 ] } },
{ "type": "Feature", "properties": { "heritage_code": "12001569000000034", "category_code": "12", "category": "보물", "designation_no": 1569, "display_name": "보물 논산 돈암서원 응도당", "name": "논산 돈암서원 응도당", "area": 212, "province": "충청남도", "district": "논산시" }, "geometry": { "type": "Point", "coordinates": [ 127.180898692685687, 36.208834420306651 ] } },
{ "type": "Feature", "properties": { "heritage_code": "12001570000000037", "category_code": "12", "category": "보물", "designation_no": 1570, "display_name": "보물 청송 대전사 보광전", "name": "청송 대전사 보광전", "area": 203, "province": "경상북도", "district": "청송군" }, "geometry": { "type": "Point", "coordinates": [ 129.145959659946271, 36.396802631598355 ] } },
{ "type": "Feature", "properties": { "heritage_code": "12001574000000037", "category_code": "12", "category": "보물", "designation_no": 1574, "display_name": "보물 문경 봉암사 극락전", "name": "문경 봉암사 극락전", "area": 72, "province": "경상북도", "district": "문경시" }, "geometry": { "type": "Point", "coordinates": [ 128.006375896332713, 36.700251037585282 ] } },
{ "type": "Feature", "properties": { "heritage_code": "12001575000000037", "category_code": "12", "category": "보물", "designation_no": 1575, "display_name": "보물 성주향교 대성전 및 명륜당", "name": "성주향교 대성전 및 명륜당", "area": 17283, "province": "경상북도", "district": "성주군" }, "geometry": { "type": "Point", "coordinates": [ 128.290411775237828, 35.927085278892008 ] } },
{ "type": "Feature", "properties": { "heritage_code": "12001576000000037", "category_code": "12", "category": "보물", "designation_no": 1576, "display_name": "보물 김천 직지사 대웅전", "name": "김천 직지사 대웅전", "area": 407, "province": "경상북도", "district": "김천시" }, "geometry": { "type": "Point", "coordinates": [ 128.004456671520302, 36.117023297747579 ] } },
{ "type": "Feature", "properties": { "heritage_code": "12001578000000035", "category_code": "12", "category": "보물", "designation_no": 1578, "display_name": "보물 전주 경기전 정전", "name": "전주 경기전 정전", "area": 547, "province": "전북특별자치도", "district": "전주시" }, "geometry": { "type": "Point", "coordinates": [ 127.149771958054615, 35.81530154903934 ] } },
{ "type": "Feature", "properties": { "heritage_code": "12001648000000037", "category_code": "12", "category": "보물", "designation_no": 1648, "display_name": "보물 예천 명봉사 경청선원자적선사능운탑비", "name": "예천 명봉사 경청선원자적선사능운탑비", "area": 0, "province": "경상북도", "district": "예천군" }, "geometry": { "type": "Point", "coordinates": [ 128.377246388527141, 36.777985926546037 ] } },
{ "type": "Feature", "properties": { "heritage_code": "12001656000000037", "category_code": "12", "category": "보물", "designation_no": 1656, "display_name": "보물 성주 법수사지 삼층석탑", "name": "성주 법수사지 삼층석탑", "area": 13, "province": "경상북도", "district": "성주군" }, "geometry": { "type": "Point", "coordinates": [ 128.14667918822559, 35.803289160252611 ] } },
{ "type": "Feature", "properties": { "heritage_code": "12001709000000031", "category_code": "12", "category": "보물", "designation_no": 1709, "display_name": "보물 수원 방화수류정", "name": "수원 방화수류정", "area": 0, "province": "경기도", "district": "수원시" }, "geometry": { "type": "Point", "coordinates": [ 127.01813426310872, 37.287576457143786 ] } },
{ "type": "Feature", "properties": { "heritage_code": "12001710000000031", "category_code": "12", "category": "보물", "designation_no": 1710, "display_name": "보물 수원 서북공심돈", "name": "수원 서북공심돈", "area": 0, "province": "경기도", "district": "수원시" }, "geometry": { "type": "Point", "coordinates": [ 127.009567919254025, 37.285835164781503 ] } },
{ "type": "Feature", "properties": { "heritage_code": "12001723000000032", "category_code": "12", "category": "보물", "designation_no": 1723, "display_name": "보물 양양 낙산사 해수관음공중사리탑·비 및 사리장엄구 일괄", "name": "양양 낙산사 해수관음공중사리탑·비 및 사리장엄구 일괄", "area": 241, "province": "강원특별자치도", "district": "양양군" }, "geometry": { "type": "Point", "coordinates": [ 128.629271518019294, 38.125873244264902 ] } },
{ "type": "Feature", "properties": { "heritage_code": "12001727000000037", "category_code": "12", "category": "보물", "designation_no": 1727, "display_name": "보물 경주향교 대성전", "name": "경주향교 대성전", "area": 10958, "province": "경상북도", "district": "경주시" }, "geometry": { "type": "Point", "coordinates": [ 129.216945735742542, 35.83128911992911 ] } },
{ "type": "Feature", "properties": { "heritage_code": "12001738000000011", "category_code": "12", "category": "보물", "designation_no": 1738, "display_name": "보물 서울 살곶이 다리", "name": "서울 살곶이 다리", "area": 10810, "province": "서울특별시", "district": "성동구" }, "geometry": { "type": "Point", "coordinates": [ 127.046104901973706, 37.553611357634594 ] } },
{ "type": "Feature", "properties": { "heritage_code": "12001739000000038", "category_code": "12", "category": "보물", "designation_no": 1739, "display_name": "보물 창녕 영산 석빙고", "name": "창녕 영산 석빙고", "area": 3504, "province": "경상남도", "district": "창녕군" }, "geometry": { "type": "Point", "coordinates": [ 128.538270505239211, 35.456920296087425 ] } },
{ "type": "Feature", "properties": { "heritage_code": "12001740000000011", "category_code": "12", "category": "보물", "designation_no": 1740, "display_name": "보물 서울 관상감 관천대", "name": "서울 관상감 관천대", "area": 179, "province": "서울특별시", "district": "종로구" }, "geometry": { "type": "Point", "coordinates": [ 126.98799704935405, 37.577760215826778 ] } },
{ "type": "Feature", "properties": { "heritage_code": "12001741000000031", "category_code": "12", "category": "보물", "designation_no": 1741, "display_name": "보물 구리 동구릉 건원릉 정자각", "name": "구리 동구릉 건원릉 정자각", "area": 254, "province": "경기도", "district": "구리시" }, "geometry": { "type": "Point", "coordinates": [ 127.131092945385319, 37.624253251985003 ] } },
{ "type": "Feature", "properties": { "heritage_code": "12001742000000031", "category_code": "12", "category": "보물", "designation_no": 1742, "display_name": "보물 구리 동구릉 숭릉 정자각", "name": "구리 동구릉 숭릉 정자각", "area": 456, "province": "경기도", "district": "구리시" }, "geometry": { "type": "Point", "coordinates": [ 127.128234017351986, 37.615975945385713 ] } },
{ "type": "Feature", "properties": { "heritage_code": "12001743000000031", "category_code": "12", "category": "보물", "designation_no": 1743, "display_name": "보물 구리 동구릉 목릉 정자각", "name": "구리 동구릉 목릉 정자각", "area": 258, "province": "경기도", "district": "구리시" }, "geometry": { "type": "Point", "coordinates": [ 127.13313981709328, 37.625678004830604 ] } },
{ "type": "Feature", "properties": { "heritage_code": "12001744000000037", "category_code": "12", "category": "보물", "designation_no": 1744, "display_name": "보물 경주 불국사 대웅전", "name": "경주 불국사 대웅전", "area": 427, "province": "경상북도", "district": "경주시" }, "geometry": { "type": "Point", "coordinates": [ 129.332064298536636, 35.790154201459522 ] } },
{ "type": "Feature", "properties": { "heritage_code": "12001745000000037", "category_code": "12", "category": "보물", "designation_no": 1745, "display_name": "보물 경주 불국사 가구식 석축", "name": "경주 불국사 가구식 석축", "area": 493, "province": "경상북도", "district": "경주시" }, "geometry": { "type": "Point", "coordinates": [ 129.331742754410271, 35.78987935187974 ] } },
{ "type": "Feature", "properties": { "heritage_code": "12001746000000034", "category_code": "12", "category": "보물", "designation_no": 1746, "display_name": "보물 논산 노강서원 강당", "name": "논산 노강서원 강당", "area": 2318, "province": "충청남도", "district": "논산시" }, "geometry": { "type": "Point", "coordinates": [ 127.073210172001581, 36.259838914014054 ] } },
{ "type": "Feature", "properties": { "heritage_code": "12001759000000011", "category_code": "12", "category": "보물", "designation_no": 1759, "display_name": "보물 경복궁 사정전", "name": "경복궁 사정전", "area": 499, "province": "서울특별시", "district": "종로구" }, "geometry": { "type": "Point", "coordinates": [ 126.97701947447014, 37.57908892362358 ] } },
{ "type": "Feature", "properties": { "heritage_code": "12001760000000011", "category_code": "12", "category": "보물", "designation_no": 1760, "display_name": "보물 경복궁 수정전", "name": "경복궁 수정전", "area": 607, "province": "서울특별시", "district": "종로구" }, "geometry": { "type": "Point", "coordinates": [ 126.975938293182082, 37.578981218087712 ] } },
{ "type": "Feature", "properties": { "heritage_code": "12001761000000011", "category_code": "12", "category": "보물", "designation_no": 1761, "display_name": "보물 경복궁 향원정", "name": "경복궁 향원정", "area": 630, "province": "서울특별시", "district": "종로구" }, "geometry": { "type": "Point", "coordinates": [ 126.977035078376346, 37.582356239617027 ] } },
{ "type": "Feature", "properties": { "heritage_code": "12001762000000011", "category_code": "12", "category": "보물", "designation_no": 1762, "display_name": "보물 창덕궁 금천교", "name": "창덕궁 금천교", "area": 155, "province": "서울특별시", "district": "종로구" }, "geometry": { "type": "Point", "coordinates": [ 126.990051738202155, 37.578473042444514 ] } },
{ "type": "Feature", "properties": { "heritage_code": "12001763000000011", "category_code": "12", "category": "보물", "designation_no": 1763, "display_name": "보물 창덕궁 부용정", "name": "창덕궁 부용정", "area": 73, "province": "서울특별시", "district": "종로구" }, "geometry": { "type": "Point", "coordinates": [ 126.992962654532988, 37.581555992345002 ] } },
{ "type": "Feature", "properties": { "heritage_code": "12001764000000011", "category_code": "12", "category": "보물", "designation_no": 1764, "display_name": "보물 창덕궁 낙선재", "name": "창덕궁 낙선재", "area": 194, "province": "서울특별시", "district": "종로구" }, "geometry": { "type": "Point", "coordinates": [ 126.993464129248451, 37.578742759647511 ] } },
{ "type": "Feature", "properties": { "heritage_code": "12001769000000011", "category_code": "12", "category": "보물", "designation_no": 1769, "display_name": "보물 창덕궁 주합루", "name": "창덕궁 주합루", "area": 281, "province": "서울특별시", "district": "종로구" }, "geometry": { "type": "Point", "coordinates": [ 126.992707771740072, 37.582072330008323 ] } },
{ "type": "Feature", "properties": { "heritage_code": "12001770000000011", "category_code": "12", "category": "보물", "designation_no": 1770, "display_name": "보물 창덕궁 연경당", "name": "창덕궁 연경당", "area": 282, "province": "서울특별시", "district": "종로구" }, "geometry": { "type": "Point", "coordinates": [ 126.99239695265706, 37.583307517622401 ] } },
{ "type": "Feature", "properties": { "heritage_code": "12001771000000021", "category_code": "12", "category": "보물", "designation_no": 1771, "display_name": "보물 기장 장안사 대웅전", "name": "기장 장안사 대웅전", "area": 1, "province": "부산광역시", "district": "기장군" }, "geometry": { "type": "Point", "coordinates": [ 129.232886835486681, 35.374866009386032 ] } },
{ "type": "Feature", "properties": { "heritage_code": "12001807000000036", "category_code": "12", "category": "보물", "designation_no": 1807, "display_name": "보물 해남 대흥사 천불전", "name": "해남 대흥사 천불전", "area": 206, "province": "전남광주통합특별시", "district": "해남군" }, "geometry": { "type": "Point", "coordinates": [ 126.616716524443163, 34.476643751843802 ] } },
{ "type": "Feature", "properties": { "heritage_code": "12001808000000031", "category_code": "12", "category": "보물", "designation_no": 1808, "display_name": "보물 남양주 수종사 팔각오층석탑", "name": "남양주 수종사 팔각오층석탑", "area": 4, "province": "경기도", "district": "남양주시" }, "geometry": { "type": "Point", "coordinates": [ 127.302506797286242, 37.57115382628163 ] } },
{ "type": "Feature", "properties": { "heritage_code": "12001820000000011", "category_code": "12", "category": "보물", "designation_no": 1820, "display_name": "보물 서울 옥천암 마애보살좌상", "name": "서울 옥천암 마애보살좌상", "area": 0, "province": "서울특별시", "district": "서대문구" }, "geometry": { "type": "Point", "coordinates": [ 126.953554315741926, 37.59699773981454 ] } },
{ "type": "Feature", "properties": { "heritage_code": "12001825000000037", "category_code": "12", "category": "보물", "designation_no": 1825, "display_name": "보물 의성 만취당", "name": "의성 만취당", "area": 3547, "province": "경상북도", "district": "의성군" }, "geometry": { "type": "Point", "coordinates": [ 128.762086111561644, 36.424209664335685 ] } },
{ "type": "Feature", "properties": { "heritage_code": "12001826000000038", "category_code": "12", "category": "보물", "designation_no": 1826, "display_name": "보물 양산 통도사 영산전", "name": "양산 통도사 영산전", "area": 35841, "province": "경상남도", "district": "양산시" }, "geometry": { "type": "Point", "coordinates": [ 129.06496191802762, 35.488035039626951 ] } },
{ "type": "Feature", "properties": { "heritage_code": "12001827000000038", "category_code": "12", "category": "보물", "designation_no": 1827, "display_name": "보물 양산 통도사 대광명전", "name": "양산 통도사 대광명전", "area": 35841, "province": "경상남도", "district": "양산시" }, "geometry": { "type": "Point", "coordinates": [ 129.064265289641781, 35.488289950420423 ] } },
{ "type": "Feature", "properties": { "heritage_code": "12001828000000011", "category_code": "12", "category": "보물", "designation_no": 1828, "display_name": "보물 서울 보타사 마애보살좌상", "name": "서울 보타사 마애보살좌상", "area": 627, "province": "서울특별시", "district": "성북구" }, "geometry": { "type": "Point", "coordinates": [ 127.031065463457679, 37.591133329421858 ] } },
{ "type": "Feature", "properties": { "heritage_code": "12001831000000037", "category_code": "12", "category": "보물", "designation_no": 1831, "display_name": "보물 의성 대곡사 대웅전", "name": "의성 대곡사 대웅전", "area": 3250, "province": "경상북도", "district": "의성군" }, "geometry": { "type": "Point", "coordinates": [ 128.377172761855491, 36.490186883833637 ] } },
{ "type": "Feature", "properties": { "heritage_code": "12001832000000032", "category_code": "12", "category": "보물", "designation_no": 1832, "display_name": "보물 인제 봉정암 오층석탑", "name": "인제 봉정암 오층석탑", "area": 485, "province": "강원특별자치도", "district": "인제군" }, "geometry": { "type": "Point", "coordinates": [ 128.454346410341657, 38.126361795531388 ] } },
{ "type": "Feature", "properties": { "heritage_code": "12001840000000037", "category_code": "12", "category": "보물", "designation_no": 1840, "display_name": "보물 청송 보광사 극락전", "name": "청송 보광사 극락전", "area": 3766, "province": "경상북도", "district": "청송군" }, "geometry": { "type": "Point", "coordinates": [ 129.044205814695999, 36.417698819222991 ] } },
{ "type": "Feature", "properties": { "heritage_code": "12001849000000038", "category_code": "12", "category": "보물", "designation_no": 1849, "display_name": "보물 남해 용문사 대웅전", "name": "남해 용문사 대웅전", "area": 16375, "province": "경상남도", "district": "남해군" }, "geometry": { "type": "Point", "coordinates": [ 127.923129901527091, 34.788110392354717 ] } },
{ "type": "Feature", "properties": { "heritage_code": "12001850000000022", "category_code": "12", "category": "보물", "designation_no": 1850, "display_name": "보물 대구 파계사 원통전", "name": "대구 파계사 원통전", "area": 157, "province": "대구광역시", "district": "동구" }, "geometry": { "type": "Point", "coordinates": [ 128.640455467093233, 36.001588964581764 ] } },
{ "type": "Feature", "properties": { "heritage_code": "12001867000000037", "category_code": "12", "category": "보물", "designation_no": 1867, "display_name": "보물 경주 남산 창림사지 삼층석탑", "name": "경주 남산 창림사지 삼층석탑", "area": 20, "province": "경상북도", "district": "경주시" }, "geometry": { "type": "Point", "coordinates": [ 129.21602458660476, 35.810283840771099 ] } },
{ "type": "Feature", "properties": { "heritage_code": "12001868000000037", "category_code": "12", "category": "보물", "designation_no": 1868, "display_name": "보물 포항 보경사 적광전", "name": "포항 보경사 적광전", "area": 62, "province": "경상북도", "district": "포항시" }, "geometry": { "type": "Point", "coordinates": [ 129.317807418524609, 36.252240348343484 ] } },
{ "type": "Feature", "properties": { "heritage_code": "12001881000000011", "category_code": "12", "category": "보물", "designation_no": 1881, "display_name": "보물 서울 창의문", "name": "서울 창의문", "area": 247, "province": "서울특별시", "district": "종로구" }, "geometry": { "type": "Point", "coordinates": [ 126.966509029678065, 37.592584854759764 ] } },
{ "type": "Feature", "properties": { "heritage_code": "12001896000000021", "category_code": "12", "category": "보물", "designation_no": 1896, "display_name": "보물 부산 운수사 대웅전", "name": "부산 운수사 대웅전", "area": 4151, "province": "부산광역시", "district": "사상구" }, "geometry": { "type": "Point", "coordinates": [ 129.012699021903501, 35.183569990962852 ] } },
{ "type": "Feature", "properties": { "heritage_code": "12001902000000050", "category_code": "12", "category": "보물", "designation_no": 1902, "display_name": "보물 제주향교 대성전", "name": "제주향교 대성전", "area": 8428, "province": "제주특별자치도", "district": "제주시" }, "geometry": { "type": "Point", "coordinates": [ 126.515617912806874, 33.511552284807877 ] } },
{ "type": "Feature", "properties": { "heritage_code": "12001917000000037", "category_code": "12", "category": "보물", "designation_no": 1917, "display_name": "보물 예천 야옹정", "name": "예천 야옹정", "area": 0, "province": "경상북도", "district": "예천군" }, "geometry": { "type": "Point", "coordinates": [ 128.438744452085189, 36.705340435360405 ] } },
{ "type": "Feature", "properties": { "heritage_code": "12001928000000037", "category_code": "12", "category": "보물", "designation_no": 1928, "display_name": "보물 경주 미탄사지 삼층석탑", "name": "경주 미탄사지 삼층석탑", "area": 0, "province": "경상북도", "district": "경주시" }, "geometry": { "type": "Point", "coordinates": [ 129.234338001490528, 35.833592987272404 ] } },
{ "type": "Feature", "properties": { "heritage_code": "12001935000000037", "category_code": "12", "category": "보물", "designation_no": 1935, "display_name": "보물 경주 남산 용장계 지곡 제3사지 삼층석탑", "name": "경주 남산 용장계 지곡 제3사지 삼층석탑", "area": 6, "province": "경상북도", "district": "경주시" }, "geometry": { "type": "Point", "coordinates": [ 129.232802451491722, 35.770590300268204 ] } },
{ "type": "Feature", "properties": { "heritage_code": "12001941000000033", "category_code": "12", "category": "보물", "designation_no": 1941, "display_name": "보물 청주 비중리 석조여래삼존상 및 석조여래입상", "name": "청주 비중리 석조여래삼존상 및 석조여래입상", "area": 2626, "province": "충청북도", "district": "청주시" }, "geometry": { "type": "Point", "coordinates": [ 127.578919231808825, 36.716715756014516 ] } },
{ "type": "Feature", "properties": { "heritage_code": "12001942000000031", "category_code": "12", "category": "보물", "designation_no": 1942, "display_name": "보물 화성 용주사 대웅보전", "name": "화성 용주사 대웅보전", "area": 25664, "province": "경기도", "district": "화성시" }, "geometry": { "type": "Point", "coordinates": [ 127.004983748912721, 37.212432970690493 ] } },
{ "type": "Feature", "properties": { "heritage_code": "12001945000000037", "category_code": "12", "category": "보물", "designation_no": 1945, "display_name": "보물 구미 대둔사 대웅전", "name": "구미 대둔사 대웅전", "area": 66, "province": "경상북도", "district": "구미시" }, "geometry": { "type": "Point", "coordinates": [ 128.241910332370026, 36.336036802862544 ] } },
{ "type": "Feature", "properties": { "heritage_code": "12001976000000034", "category_code": "12", "category": "보물", "designation_no": 1976, "display_name": "보물 서산 명종대왕 태실 및 비", "name": "서산 명종대왕 태실 및 비", "area": 625, "province": "충청남도", "district": "서산시" }, "geometry": { "type": "Point", "coordinates": [ 126.578581461066335, 36.779169720468879 ] } },
{ "type": "Feature", "properties": { "heritage_code": "12001981000000032", "category_code": "12", "category": "보물", "designation_no": 1981, "display_name": "보물 속초 신흥사 극락보전", "name": "속초 신흥사 극락보전", "area": 315, "province": "강원특별자치도", "district": "속초시" }, "geometry": { "type": "Point", "coordinates": [ 128.484150950028038, 38.175984895159004 ] } },
{ "type": "Feature", "properties": { "heritage_code": "12001995000000032", "category_code": "12", "category": "보물", "designation_no": 1995, "display_name": "보물 평창 오대산 중대 적멸보궁", "name": "평창 오대산 중대 적멸보궁", "area": 2336, "province": "강원특별자치도", "district": "평창군" }, "geometry": { "type": "Point", "coordinates": [ 128.556062237403836, 37.789980872261268 ] } },
{ "type": "Feature", "properties": { "heritage_code": "12002013000000031", "category_code": "12", "category": "보물", "designation_no": 2013, "display_name": "보물 남양주 수종사 사리탑", "name": "남양주 수종사 사리탑", "area": 0, "province": "경기도", "district": "남양주시" }, "geometry": { "type": "Point", "coordinates": [ 127.302469650578729, 37.57115626735991 ] } },
{ "type": "Feature", "properties": { "heritage_code": "12002021000000034", "category_code": "12", "category": "보물", "designation_no": 2021, "display_name": "보물 보령 성주사지 동 삼층석탑", "name": "보령 성주사지 동 삼층석탑", "area": 4, "province": "충청남도", "district": "보령시" }, "geometry": { "type": "Point", "coordinates": [ 126.656133317888333, 36.344704374534984 ] } },
{ "type": "Feature", "properties": { "heritage_code": "12002024000000036", "category_code": "12", "category": "보물", "designation_no": 2024, "display_name": "보물 구례 천은사 극락보전", "name": "구례 천은사 극락보전", "area": 201, "province": "전남광주통합특별시", "district": "구례군" }, "geometry": { "type": "Point", "coordinates": [ 127.476327488951497, 35.273910432621363 ] } },
{ "type": "Feature", "properties": { "heritage_code": "12002031000000035", "category_code": "12", "category": "보물", "designation_no": 2031, "display_name": "보물 고창 선운사 참당암 석조지장보살좌상", "name": "고창 선운사 참당암 석조지장보살좌상", "area": 56, "province": "전북특별자치도", "district": "고창군" }, "geometry": { "type": "Point", "coordinates": [ 126.563987366761367, 35.493059191487177 ] } },
{ "type": "Feature", "properties": { "heritage_code": "12002035000000031", "category_code": "12", "category": "보물", "designation_no": 2035, "display_name": "보물 수원 화령전 운한각·복도각·이안청", "name": "수원 화령전 운한각·복도각·이안청", "area": 522, "province": "경기도", "district": "수원시" }, "geometry": { "type": "Point", "coordinates": [ 127.012429581918781, 37.283358784283159 ] } },
{ "type": "Feature", "properties": { "heritage_code": "12002036000000031", "category_code": "12", "category": "보물", "designation_no": 2036, "display_name": "보물 안성 칠장사 대웅전", "name": "안성 칠장사 대웅전", "area": 155, "province": "경기도", "district": "안성시" }, "geometry": { "type": "Point", "coordinates": [ 127.397534287458484, 37.026600893867574 ] } },
{ "type": "Feature", "properties": { "heritage_code": "12002037000000036", "category_code": "12", "category": "보물", "designation_no": 2037, "display_name": "보물 나주 금성관", "name": "나주 금성관", "area": 683, "province": "전남광주통합특별시", "district": "나주시" }, "geometry": { "type": "Point", "coordinates": [ 126.716481714499508, 35.033329024402768 ] } },
{ "type": "Feature", "properties": { "heritage_code": "12002046000000032", "category_code": "12", "category": "보물", "designation_no": 2046, "display_name": "보물 강릉 경포대", "name": "강릉 경포대", "area": 6651, "province": "강원특별자치도", "district": "강릉시" }, "geometry": { "type": "Point", "coordinates": [ 128.896626978984557, 37.795087971952519 ] } },
{ "type": "Feature", "properties": { "heritage_code": "12002047000000037", "category_code": "12", "category": "보물", "designation_no": 2047, "display_name": "보물 김천 방초정", "name": "김천 방초정", "area": 1694, "province": "경상북도", "district": "김천시" }, "geometry": { "type": "Point", "coordinates": [ 128.040043234336963, 36.029626329008387 ] } },
{ "type": "Feature", "properties": { "heritage_code": "12002048000000037", "category_code": "12", "category": "보물", "designation_no": 2048, "display_name": "보물 봉화 한수정", "name": "봉화 한수정", "area": 1868, "province": "경상북도", "district": "봉화군" }, "geometry": { "type": "Point", "coordinates": [ 128.916520082054262, 36.938742204007454 ] } },
{ "type": "Feature", "properties": { "heritage_code": "12002049000000037", "category_code": "12", "category": "보물", "designation_no": 2049, "display_name": "보물 청송 찬경루", "name": "청송 찬경루", "area": 0, "province": "경상북도", "district": "청송군" }, "geometry": { "type": "Point", "coordinates": [ 129.055520464612556, 36.433142855186944 ] } },
{ "type": "Feature", "properties": { "heritage_code": "12002050000000037", "category_code": "12", "category": "보물", "designation_no": 2050, "display_name": "보물 안동 청원루", "name": "안동 청원루", "area": 4152, "province": "경상북도", "district": "안동시" }, "geometry": { "type": "Point", "coordinates": [ 128.548772936002223, 36.579671275918194 ] } },
{ "type": "Feature", "properties": { "heritage_code": "12002051000000037", "category_code": "12", "category": "보물", "designation_no": 2051, "display_name": "보물 안동 체화정", "name": "안동 체화정", "area": 5851, "province": "경상북도", "district": "안동시" }, "geometry": { "type": "Point", "coordinates": [ 128.578255114438463, 36.579044337364415 ] } },
{ "type": "Feature", "properties": { "heritage_code": "12002052000000037", "category_code": "12", "category": "보물", "designation_no": 2052, "display_name": "보물 경주 귀래정", "name": "경주 귀래정", "area": 1008, "province": "경상북도", "district": "경주시" }, "geometry": { "type": "Point", "coordinates": [ 129.24614015413988, 36.048927205267773 ] } },
{ "type": "Feature", "properties": { "heritage_code": "12002053000000022", "category_code": "12", "category": "보물", "designation_no": 2053, "display_name": "보물 달성 하목정", "name": "달성 하목정", "area": 3398, "province": "대구광역시", "district": "달성군" }, "geometry": { "type": "Point", "coordinates": [ 128.398061984579726, 35.882231215878946 ] } },
{ "type": "Feature", "properties": { "heritage_code": "12002054000000036", "category_code": "12", "category": "보물", "designation_no": 2054, "display_name": "보물 영암 영보정", "name": "영암 영보정", "area": 3388, "province": "전남광주통합특별시", "district": "영암군" }, "geometry": { "type": "Point", "coordinates": [ 126.732202769009334, 34.829568328042988 ] } },
{ "type": "Feature", "properties": { "heritage_code": "12002055000000035", "category_code": "12", "category": "보물", "designation_no": 2055, "display_name": "보물 진안 수선루", "name": "진안 수선루", "area": 676, "province": "전북특별자치도", "district": "진안군" }, "geometry": { "type": "Point", "coordinates": [ 127.344315870943433, 35.745986963292872 ] } },
{ "type": "Feature", "properties": { "heritage_code": "12002065000000035", "category_code": "12", "category": "보물", "designation_no": 2065, "display_name": "보물 고창 선운사 만세루", "name": "고창 선운사 만세루", "area": 343, "province": "전북특별자치도", "district": "고창군" }, "geometry": { "type": "Point", "coordinates": [ 126.578351212148291, 35.496979343670112 ] } },
{ "type": "Feature", "properties": { "heritage_code": "12002068000000037", "category_code": "12", "category": "보물", "designation_no": 2068, "display_name": "보물 안동 봉황사 대웅전", "name": "안동 봉황사 대웅전", "area": 0, "province": "경상북도", "district": "안동시" }, "geometry": { "type": "Point", "coordinates": [ 128.932689819559585, 36.546648603357404 ] } },
{ "type": "Feature", "properties": { "heritage_code": "12002069000000037", "category_code": "12", "category": "보물", "designation_no": 2069, "display_name": "보물 영양 현리 오층모전석탑", "name": "영양 현리 오층모전석탑", "area": 1513, "province": "경상북도", "district": "영양군" }, "geometry": { "type": "Point", "coordinates": [ 129.114148611088922, 36.650474535410211 ] } },
{ "type": "Feature", "properties": { "heritage_code": "12002078000000037", "category_code": "12", "category": "보물", "designation_no": 2078, "display_name": "보물 의성 고운사 연수전", "name": "의성 고운사 연수전", "area": 79, "province": "경상북도", "district": "의성군" }, "geometry": { "type": "Point", "coordinates": [ 128.750291638772978, 36.458681967045834 ] } },
{ "type": "Feature", "properties": { "heritage_code": "12002088000000032", "category_code": "12", "category": "보물", "designation_no": 2088, "display_name": "보물 강릉향교 명륜당", "name": "강릉향교 명륜당", "area": 5079, "province": "강원특별자치도", "district": "강릉시" }, "geometry": { "type": "Point", "coordinates": [ 128.895161688326482, 37.763274396085443 ] } },
{ "type": "Feature", "properties": { "heritage_code": "12002089000000032", "category_code": "12", "category": "보물", "designation_no": 2089, "display_name": "보물 강릉향교 동무.서무.전랑", "name": "강릉향교 동무.서무.전랑", "area": 5138, "province": "강원특별자치도", "district": "강릉시" }, "geometry": { "type": "Point", "coordinates": [ 128.89524299957364, 37.763474319472103 ] } },
{ "type": "Feature", "properties": { "heritage_code": "12002090000000031", "category_code": "12", "category": "보물", "designation_no": 2090, "display_name": "보물 수원향교 대성전", "name": "수원향교 대성전", "area": 4398, "province": "경기도", "district": "수원시" }, "geometry": { "type": "Point", "coordinates": [ 127.012126475333901, 37.272839849314636 ] } },
{ "type": "Feature", "properties": { "heritage_code": "12002091000000031", "category_code": "12", "category": "보물", "designation_no": 2091, "display_name": "보물 안성향교 대성전", "name": "안성향교 대성전", "area": 1692, "province": "경기도", "district": "안성시" }, "geometry": { "type": "Point", "coordinates": [ 127.276514621872664, 37.014154322435104 ] } },
{ "type": "Feature", "properties": { "heritage_code": "12002092000000031", "category_code": "12", "category": "보물", "designation_no": 2092, "display_name": "보물 안성향교 풍화루", "name": "안성향교 풍화루", "area": 1684, "province": "경기도", "district": "안성시" }, "geometry": { "type": "Point", "coordinates": [ 127.276345016182105, 37.01376433477882 ] } },
{ "type": "Feature", "properties": { "heritage_code": "12002093000000038", "category_code": "12", "category": "보물", "designation_no": 2093, "display_name": "보물 산청 단성향교 명륜당", "name": "산청 단성향교 명륜당", "area": 3498, "province": "경상남도", "district": "산청군" }, "geometry": { "type": "Point", "coordinates": [ 127.955180813381133, 35.308977183418669 ] } },
{ "type": "Feature", "properties": { "heritage_code": "12002094000000038", "category_code": "12", "category": "보물", "designation_no": 2094, "display_name": "보물 밀양향교 대성전", "name": "밀양향교 대성전", "area": 5936, "province": "경상남도", "district": "밀양시" }, "geometry": { "type": "Point", "coordinates": [ 128.754190333061302, 35.506701785908334 ] } },
{ "type": "Feature", "properties": { "heritage_code": "12002095000000038", "category_code": "12", "category": "보물", "designation_no": 2095, "display_name": "보물 밀양향교 명륜당", "name": "밀양향교 명륜당", "area": 6053, "province": "경상남도", "district": "밀양시" }, "geometry": { "type": "Point", "coordinates": [ 128.754539978940784, 35.506619529015744 ] } },
{ "type": "Feature", "properties": { "heritage_code": "12002096000000037", "category_code": "12", "category": "보물", "designation_no": 2096, "display_name": "보물 상주향교 대성전.동무.서무", "name": "상주향교 대성전.동무.서무", "area": 8099, "province": "경상북도", "district": "상주시" }, "geometry": { "type": "Point", "coordinates": [ 128.157381042524207, 36.406712606348322 ] } },
{ "type": "Feature", "properties": { "heritage_code": "12002097000000037", "category_code": "12", "category": "보물", "designation_no": 2097, "display_name": "보물 경주향교 명륜당", "name": "경주향교 명륜당", "area": 10144, "province": "경상북도", "district": "경주시" }, "geometry": { "type": "Point", "coordinates": [ 129.216836204982087, 35.831590364900208 ] } },
{ "type": "Feature", "properties": { "heritage_code": "12002098000000037", "category_code": "12", "category": "보물", "designation_no": 2098, "display_name": "보물 경주향교 동무.서무.신삼문", "name": "경주향교 동무.서무.신삼문", "area": 10421, "province": "경상북도", "district": "경주시" }, "geometry": { "type": "Point", "coordinates": [ 129.217024607775471, 35.831091769499025 ] } },
{ "type": "Feature", "properties": { "heritage_code": "12002099000000036", "category_code": "12", "category": "보물", "designation_no": 2099, "display_name": "보물 담양 창평향교 대성전", "name": "담양 창평향교 대성전", "area": 3413, "province": "전남광주통합특별시", "district": "담양군" }, "geometry": { "type": "Point", "coordinates": [ 126.98454321467446, 35.216823539790575 ] } },
{ "type": "Feature", "properties": { "heritage_code": "12002100000000036", "category_code": "12", "category": "보물", "designation_no": 2100, "display_name": "보물 담양 창평향교 명륜당", "name": "담양 창평향교 명륜당", "area": 3396, "province": "전남광주통합특별시", "district": "담양군" }, "geometry": { "type": "Point", "coordinates": [ 126.984358687974819, 35.216708572492479 ] } },
{ "type": "Feature", "properties": { "heritage_code": "12002101000000036", "category_code": "12", "category": "보물", "designation_no": 2101, "display_name": "보물 순천향교 대성전", "name": "순천향교 대성전", "area": 0, "province": "전남광주통합특별시", "district": "순천시" }, "geometry": { "type": "Point", "coordinates": [ 127.479072404484782, 34.954355192447792 ] } },
{ "type": "Feature", "properties": { "heritage_code": "12002102000000037", "category_code": "12", "category": "보물", "designation_no": 2102, "display_name": "보물 구미 금오서원 정학당", "name": "구미 금오서원 정학당", "area": 0, "province": "경상북도", "district": "구미시" }, "geometry": { "type": "Point", "coordinates": [ 128.338676684511114, 36.227689929780041 ] } },
{ "type": "Feature", "properties": { "heritage_code": "12002103000000037", "category_code": "12", "category": "보물", "designation_no": 2103, "display_name": "보물 구미 금오서원 상현묘", "name": "구미 금오서원 상현묘", "area": 5362, "province": "경상북도", "district": "구미시" }, "geometry": { "type": "Point", "coordinates": [ 128.338583976060988, 36.227826584743354 ] } },
{ "type": "Feature", "properties": { "heritage_code": "12002104000000037", "category_code": "12", "category": "보물", "designation_no": 2104, "display_name": "보물 안동 병산서원 만대루", "name": "안동 병산서원 만대루", "area": 76, "province": "경상북도", "district": "안동시" }, "geometry": { "type": "Point", "coordinates": [ 128.552723148385581, 36.540423201852128 ] } },
{ "type": "Feature", "properties": { "heritage_code": "12002105000000037", "category_code": "12", "category": "보물", "designation_no": 2105, "display_name": "보물 안동 도산서원 도산서당", "name": "안동 도산서원 도산서당", "area": 29, "province": "경상북도", "district": "안동시" }, "geometry": { "type": "Point", "coordinates": [ 128.843626878710353, 36.727010101040257 ] } },
{ "type": "Feature", "properties": { "heritage_code": "12002106000000037", "category_code": "12", "category": "보물", "designation_no": 2106, "display_name": "보물 안동 도산서원 농운정사", "name": "안동 도산서원 농운정사", "area": 109, "province": "경상북도", "district": "안동시" }, "geometry": { "type": "Point", "coordinates": [ 128.843388039174812, 36.726930065592931 ] } },
{ "type": "Feature", "properties": { "heritage_code": "12002107000000033", "category_code": "12", "category": "보물", "designation_no": 2107, "display_name": "보물 옥천 이지당", "name": "옥천 이지당", "area": 1600, "province": "충청북도", "district": "옥천군" }, "geometry": { "type": "Point", "coordinates": [ 127.55587320582066, 36.329547962246103 ] } },
{ "type": "Feature", "properties": { "heritage_code": "12002108000000037", "category_code": "12", "category": "보물", "designation_no": 2108, "display_name": "보물 문경 봉암사 마애미륵여래좌상", "name": "문경 봉암사 마애미륵여래좌상", "area": 321, "province": "경상북도", "district": "문경시" }, "geometry": { "type": "Point", "coordinates": [ 128.001090667151459, 36.702451783259868 ] } },
{ "type": "Feature", "properties": { "heritage_code": "12002119000000045", "category_code": "12", "category": "보물", "designation_no": 2119, "display_name": "보물 세종 비암사 극락보전", "name": "세종 비암사 극락보전", "area": 2388, "province": "세종특별자치시", "district": "세종특별자치시" }, "geometry": { "type": "Point", "coordinates": [ 127.192100953955858, 36.611197367622012 ] } },
{ "type": "Feature", "properties": { "heritage_code": "12002120000000034", "category_code": "12", "category": "보물", "designation_no": 2120, "display_name": "보물 공주 갑사 대웅전", "name": "공주 갑사 대웅전", "area": 294, "province": "충청남도", "district": "공주시" }, "geometry": { "type": "Point", "coordinates": [ 127.187663401979663, 36.365375340357375 ] } },
{ "type": "Feature", "properties": { "heritage_code": "12002121000000037", "category_code": "12", "category": "보물", "designation_no": 2121, "display_name": "보물 의성 대곡사 범종루", "name": "의성 대곡사 범종루", "area": 0, "province": "경상북도", "district": "의성군" }, "geometry": { "type": "Point", "coordinates": [ 128.377625180656736, 36.49016581875145 ] } },
{ "type": "Feature", "properties": { "heritage_code": "12002122000000036", "category_code": "12", "category": "보물", "designation_no": 2122, "display_name": "보물 순천 팔마비", "name": "순천 팔마비", "area": 1, "province": "전남광주통합특별시", "district": "순천시" }, "geometry": { "type": "Point", "coordinates": [ 127.483787881914836, 34.954371689097094 ] } },
{ "type": "Feature", "properties": { "heritage_code": "12002129000000035", "category_code": "12", "category": "보물", "designation_no": 2129, "display_name": "보물 무주 한풍루", "name": "무주 한풍루", "area": 155, "province": "전북특별자치도", "district": "무주군" }, "geometry": { "type": "Point", "coordinates": [ 127.662338757529156, 36.003985146181691 ] } },
{ "type": "Feature", "properties": { "heritage_code": "12002130000000031", "category_code": "12", "category": "보물", "designation_no": 2130, "display_name": "보물 양주 회암사지 사리탑", "name": "양주 회암사지 사리탑", "area": 144, "province": "경기도", "district": "양주시" }, "geometry": { "type": "Point", "coordinates": [ 127.106698499160402, 37.846127887589368 ] } },
{ "type": "Feature", "properties": { "heritage_code": "12002131000000037", "category_code": "12", "category": "보물", "designation_no": 2131, "display_name": "보물 칠곡 송림사 대웅전", "name": "칠곡 송림사 대웅전", "area": 4719, "province": "경상북도", "district": "칠곡군" }, "geometry": { "type": "Point", "coordinates": [ 128.577515950432428, 35.982388369540914 ] } },
{ "type": "Feature", "properties": { "heritage_code": "12002132000000022", "category_code": "12", "category": "보물", "designation_no": 2132, "display_name": "보물 대구 동화사 극락전", "name": "대구 동화사 극락전", "area": 181, "province": "대구광역시", "district": "동구" }, "geometry": { "type": "Point", "coordinates": [ 128.70465227688743, 35.992710865748798 ] } },
{ "type": "Feature", "properties": { "heritage_code": "12002133000000022", "category_code": "12", "category": "보물", "designation_no": 2133, "display_name": "보물 대구 동화사 수마제전", "name": "대구 동화사 수마제전", "area": 61, "province": "대구광역시", "district": "동구" }, "geometry": { "type": "Point", "coordinates": [ 128.704824027811895, 35.992978483278627 ] } },
{ "type": "Feature", "properties": { "heritage_code": "12002143000000037", "category_code": "12", "category": "보물", "designation_no": 2143, "display_name": "보물 경주 분황사 당간지주", "name": "경주 분황사 당간지주", "area": 3, "province": "경상북도", "district": "경주시" }, "geometry": { "type": "Point", "coordinates": [ 129.233239680630277, 35.839960242670081 ] } },
{ "type": "Feature", "properties": { "heritage_code": "12002151000000011", "category_code": "12", "category": "보물", "designation_no": 2151, "display_name": "보물 종친부 경근당과 옥첩당", "name": "종친부 경근당과 옥첩당", "area": 0, "province": "서울특별시", "district": "종로구" }, "geometry": { "type": "Point", "coordinates": [ 126.981340082424524, 37.578955664245477 ] } },
{ "type": "Feature", "properties": { "heritage_code": "12002152000000022", "category_code": "12", "category": "보물", "designation_no": 2152, "display_name": "보물 대구 경상감영 선화당", "name": "대구 경상감영 선화당", "area": 0, "province": "대구광역시", "district": "중구" }, "geometry": { "type": "Point", "coordinates": [ 128.592223054372312, 35.872053431328979 ] } },
{ "type": "Feature", "properties": { "heritage_code": "12002153000000031", "category_code": "12", "category": "보물", "designation_no": 2153, "display_name": "보물 남한산성 수어장대", "name": "남한산성 수어장대", "area": 0, "province": "경기도", "district": "광주시" }, "geometry": { "type": "Point", "coordinates": [ 127.176563480901706, 37.479850724086795 ] } },
{ "type": "Feature", "properties": { "heritage_code": "12002154000000031", "category_code": "12", "category": "보물", "designation_no": 2154, "display_name": "보물 남한산성 연무관", "name": "남한산성 연무관", "area": 0, "province": "경기도", "district": "광주시" }, "geometry": { "type": "Point", "coordinates": [ 127.18650786189356, 37.478466834946133 ] } },
{ "type": "Feature", "properties": { "heritage_code": "12002155000000031", "category_code": "12", "category": "보물", "designation_no": 2155, "display_name": "보물 안성 객사 정청", "name": "안성 객사 정청", "area": 0, "province": "경기도", "district": "안성시" }, "geometry": { "type": "Point", "coordinates": [ 127.323298204493057, 37.015054218339365 ] } },
{ "type": "Feature", "properties": { "heritage_code": "12002156000000032", "category_code": "12", "category": "보물", "designation_no": 2156, "display_name": "보물 강릉 칠사당", "name": "강릉 칠사당", "area": 0, "province": "강원특별자치도", "district": "강릉시" }, "geometry": { "type": "Point", "coordinates": [ 128.891883323282826, 37.751893512266328 ] } },
{ "type": "Feature", "properties": { "heritage_code": "12002157000000032", "category_code": "12", "category": "보물", "designation_no": 2157, "display_name": "보물 원주 강원감영 선화당", "name": "원주 강원감영 선화당", "area": 0, "province": "강원특별자치도", "district": "원주시" }, "geometry": { "type": "Point", "coordinates": [ 127.950401311592344, 37.347958550793976 ] } },
{ "type": "Feature", "properties": { "heritage_code": "12002158000000038", "category_code": "12", "category": "보물", "designation_no": 2158, "display_name": "보물 거제 기성관", "name": "거제 기성관", "area": 0, "province": "경상남도", "district": "거제시" }, "geometry": { "type": "Point", "coordinates": [ 128.591222811256245, 34.851140423145281 ] } },
{ "type": "Feature", "properties": { "heritage_code": "12002172000000037", "category_code": "12", "category": "보물", "designation_no": 2172, "display_name": "보물 경주 옥산서원 무변루", "name": "경주 옥산서원 무변루", "area": 64, "province": "경상북도", "district": "경주시" }, "geometry": { "type": "Point", "coordinates": [ 129.163143084351731, 36.011845550133984 ] } },
{ "type": "Feature", "properties": { "heritage_code": "12002178000000037", "category_code": "12", "category": "보물", "designation_no": 2178, "display_name": "보물 영천 인종대왕 태실", "name": "영천 인종대왕 태실", "area": 0, "province": "경상북도", "district": "영천시" }, "geometry": { "type": "Point", "coordinates": [ 128.776838658373123, 35.997258391370636 ] } },
{ "type": "Feature", "properties": { "heritage_code": "12002182000000037", "category_code": "12", "category": "보물", "designation_no": 2182, "display_name": "보물 봉화 청암정", "name": "봉화 청암정", "area": 102, "province": "경상북도", "district": "봉화군" }, "geometry": { "type": "Point", "coordinates": [ 128.741981991228016, 36.904912046286128 ] } },
{ "type": "Feature", "properties": { "heritage_code": "12002183000000037", "category_code": "12", "category": "보물", "designation_no": 2183, "display_name": "보물 영주 부석사 안양루", "name": "영주 부석사 안양루", "area": 85, "province": "경상북도", "district": "영주시" }, "geometry": { "type": "Point", "coordinates": [ 128.687435638080046, 36.998733071280476 ] } },
{ "type": "Feature", "properties": { "heritage_code": "12002184000000037", "category_code": "12", "category": "보물", "designation_no": 2184, "display_name": "보물 영주 부석사 범종각", "name": "영주 부석사 범종각", "area": 131, "province": "경상북도", "district": "영주시" }, "geometry": { "type": "Point", "coordinates": [ 128.687082513523592, 36.998444928046354 ] } },
{ "type": "Feature", "properties": { "heritage_code": "12002185000000031", "category_code": "12", "category": "보물", "designation_no": 2185, "display_name": "보물 남한산성 숭렬전", "name": "남한산성 숭렬전", "area": 0, "province": "경기도", "district": "광주시" }, "geometry": { "type": "Point", "coordinates": [ 127.180252682949344, 37.481461446772386 ] } },
{ "type": "Feature", "properties": { "heritage_code": "12002186000000032", "category_code": "12", "category": "보물", "designation_no": 2186, "display_name": "보물 영월 창절사", "name": "영월 창절사", "area": 0, "province": "강원특별자치도", "district": "영월군" }, "geometry": { "type": "Point", "coordinates": [ 128.465564385815469, 37.187986692665 ] } },
{ "type": "Feature", "properties": { "heritage_code": "12002187000000033", "category_code": "12", "category": "보물", "designation_no": 2187, "display_name": "보물 영동 세천재", "name": "영동 세천재", "area": 0, "province": "충청북도", "district": "영동군" }, "geometry": { "type": "Point", "coordinates": [ 127.942384912867652, 36.179231014942097 ] } },
{ "type": "Feature", "properties": { "heritage_code": "12002188000000036", "category_code": "12", "category": "보물", "designation_no": 2188, "display_name": "보물 고흥 여산송씨 쌍충 정려각", "name": "고흥 여산송씨 쌍충 정려각", "area": 0, "province": "전남광주통합특별시", "district": "고흥군" }, "geometry": { "type": "Point", "coordinates": [ 127.290200967972254, 34.783135041200723 ] } },
{ "type": "Feature", "properties": { "heritage_code": "12002189000000036", "category_code": "12", "category": "보물", "designation_no": 2189, "display_name": "보물 강진 해남윤씨 추원당", "name": "강진 해남윤씨 추원당", "area": 0, "province": "전남광주통합특별시", "district": "강진군" }, "geometry": { "type": "Point", "coordinates": [ 126.679506413901706, 34.588301892753442 ] } },
{ "type": "Feature", "properties": { "heritage_code": "12002190000000036", "category_code": "12", "category": "보물", "designation_no": 2190, "display_name": "보물 강진 해남윤씨 영모당", "name": "강진 해남윤씨 영모당", "area": 0, "province": "전남광주통합특별시", "district": "강진군" }, "geometry": { "type": "Point", "coordinates": [ 126.705640051973745, 34.577804583572053 ] } },
{ "type": "Feature", "properties": { "heritage_code": "12002191000000035", "category_code": "12", "category": "보물", "designation_no": 2191, "display_name": "보물 전주 조경묘 정묘", "name": "전주 조경묘 정묘", "area": 0, "province": "전북특별자치도", "district": "전주시" }, "geometry": { "type": "Point", "coordinates": [ 127.149949964772901, 35.816629952481527 ] } },
{ "type": "Feature", "properties": { "heritage_code": "12002192000000037", "category_code": "12", "category": "보물", "designation_no": 2192, "display_name": "보물 포항 상달암", "name": "포항 상달암", "area": 0, "province": "경상북도", "district": "포항시" }, "geometry": { "type": "Point", "coordinates": [ 129.287960992469493, 36.039447536195283 ] } },
{ "type": "Feature", "properties": { "heritage_code": "12002193000000035", "category_code": "12", "category": "보물", "designation_no": 2193, "display_name": "보물 김제 내아", "name": "김제 내아", "area": 0, "province": "전북특별자치도", "district": "김제시" }, "geometry": { "type": "Point", "coordinates": [ 126.8817573726337, 35.80099823589233 ] } },
{ "type": "Feature", "properties": { "heritage_code": "12002194000000037", "category_code": "12", "category": "보물", "designation_no": 2194, "display_name": "보물 경주 (전)염불사지 동·서 삼층석탑", "name": "경주 (전)염불사지 동·서 삼층석탑", "area": 0, "province": "경상북도", "district": "경주시" }, "geometry": { "type": "Point", "coordinates": [ 129.243419217096459, 35.787824340746901 ] } },
{ "type": "Feature", "properties": { "heritage_code": "12002201000000036", "category_code": "12", "category": "보물", "designation_no": 2201, "display_name": "보물 순천 선암사 일주문", "name": "순천 선암사 일주문", "area": 0, "province": "전남광주통합특별시", "district": "순천시" }, "geometry": { "type": "Point", "coordinates": [ 127.331585048112245, 34.996008937248071 ] } },
{ "type": "Feature", "properties": { "heritage_code": "12002202000000037", "category_code": "12", "category": "보물", "designation_no": 2202, "display_name": "보물 문경 봉암사 봉황문", "name": "문경 봉암사 봉황문", "area": 0, "province": "경상북도", "district": "문경시" }, "geometry": { "type": "Point", "coordinates": [ 128.008451242011091, 36.698620685159455 ] } },
{ "type": "Feature", "properties": { "heritage_code": "12002203000000036", "category_code": "12", "category": "보물", "designation_no": 2203, "display_name": "보물 구례 천은사 일주문", "name": "구례 천은사 일주문", "area": 0, "province": "전남광주통합특별시", "district": "구례군" }, "geometry": { "type": "Point", "coordinates": [ 127.476292357956396, 35.271989620051635 ] } },
{ "type": "Feature", "properties": { "heritage_code": "12002204000000022", "category_code": "12", "category": "보물", "designation_no": 2204, "display_name": "보물 대구 동화사 봉황문", "name": "대구 동화사 봉황문", "area": 0, "province": "대구광역시", "district": "동구" }, "geometry": { "type": "Point", "coordinates": [ 128.701244238917923, 35.985943462080371 ] } },
{ "type": "Feature", "properties": { "heritage_code": "12002205000000038", "category_code": "12", "category": "보물", "designation_no": 2205, "display_name": "보물 고성 옥천사 자방루", "name": "고성 옥천사 자방루", "area": 0, "province": "경상남도", "district": "고성군" }, "geometry": { "type": "Point", "coordinates": [ 128.262404919852372, 35.080384283138535 ] } },
{ "type": "Feature", "properties": { "heritage_code": "12002206000000037", "category_code": "12", "category": "보물", "designation_no": 2206, "display_name": "보물 상주 대산루", "name": "상주 대산루", "area": 0, "province": "경상북도", "district": "상주시" }, "geometry": { "type": "Point", "coordinates": [ 128.061946487827441, 36.476452066590134 ] } },
{ "type": "Feature", "properties": { "heritage_code": "12002207000000031", "category_code": "12", "category": "보물", "designation_no": 2207, "display_name": "보물 성남 봉국사 대광명전", "name": "성남 봉국사 대광명전", "area": 0, "province": "경기도", "district": "성남시" }, "geometry": { "type": "Point", "coordinates": [ 127.13505123930058, 37.450834966190961 ] } },
{ "type": "Feature", "properties": { "heritage_code": "12002208000000035", "category_code": "12", "category": "보물", "designation_no": 2208, "display_name": "보물 남원 실상사 편운화상탑", "name": "남원 실상사 편운화상탑", "area": 0, "province": "전북특별자치도", "district": "남원시" }, "geometry": { "type": "Point", "coordinates": [ 127.633837238387258, 35.411140358140614 ] } },
{ "type": "Feature", "properties": { "heritage_code": "12002220000000036", "category_code": "12", "category": "보물", "designation_no": 2220, "display_name": "보물 강진 백련사 대웅보전", "name": "강진 백련사 대웅보전", "area": 233, "province": "전남광주통합특별시", "district": "강진군" }, "geometry": { "type": "Point", "coordinates": [ 126.74788505955155, 34.587925415179924 ] } },
{ "type": "Feature", "properties": { "heritage_code": "12002232000000038", "category_code": "12", "category": "보물", "designation_no": 2232, "display_name": "보물 합천 해인사 홍하문", "name": "합천 해인사 홍하문", "area": 19, "province": "경상남도", "district": "합천군" }, "geometry": { "type": "Point", "coordinates": [ 128.09641529751579, 35.800055415971023 ] } },
{ "type": "Feature", "properties": { "heritage_code": "12002233000000038", "category_code": "12", "category": "보물", "designation_no": 2233, "display_name": "보물 함양 용추사 일주문", "name": "함양 용추사 일주문", "area": 73, "province": "경상남도", "district": "함양군" }, "geometry": { "type": "Point", "coordinates": [ 127.765814843844879, 35.683927143962791 ] } },
{ "type": "Feature", "properties": { "heritage_code": "12002234000000036", "category_code": "12", "category": "보물", "designation_no": 2234, "display_name": "보물 곡성 태안사 일주문", "name": "곡성 태안사 일주문", "area": 48, "province": "전남광주통합특별시", "district": "곡성군" }, "geometry": { "type": "Point", "coordinates": [ 127.386667786477759, 35.131112140058562 ] } },
{ "type": "Feature", "properties": { "heritage_code": "12002235000000038", "category_code": "12", "category": "보물", "designation_no": 2235, "display_name": "보물 하동 쌍계사 일주문", "name": "하동 쌍계사 일주문", "area": 64, "province": "경상남도", "district": "하동군" }, "geometry": { "type": "Point", "coordinates": [ 127.649185364982785, 35.232174746394556 ] } },
{ "type": "Feature", "properties": { "heritage_code": "12002236000000022", "category_code": "12", "category": "보물", "designation_no": 2236, "display_name": "보물 달성 용연사 자운문", "name": "달성 용연사 자운문", "area": 49, "province": "대구광역시", "district": "달성군" }, "geometry": { "type": "Point", "coordinates": [ 128.518237104285447, 35.747754308210745 ] } },
{ "type": "Feature", "properties": { "heritage_code": "12002237000000036", "category_code": "12", "category": "보물", "designation_no": 2237, "display_name": "보물 순천 송광사 조계문", "name": "순천 송광사 조계문", "area": 44, "province": "전남광주통합특별시", "district": "순천시" }, "geometry": { "type": "Point", "coordinates": [ 127.274931115316406, 35.002169743364746 ] } },
{ "type": "Feature", "properties": { "heritage_code": "12002250000000032", "category_code": "12", "category": "보물", "designation_no": 2250, "display_name": "보물 홍천 수타사 대적광전", "name": "홍천 수타사 대적광전", "area": 6360, "province": "강원특별자치도", "district": "홍천군" }, "geometry": { "type": "Point", "coordinates": [ 127.95937379686265, 37.698566960133597 ] } },
{ "type": "Feature", "properties": { "heritage_code": "12002251000000035", "category_code": "12", "category": "보물", "designation_no": 2251, "display_name": "보물 완주 송광사 금강문", "name": "완주 송광사 금강문", "area": 43, "province": "전북특별자치도", "district": "완주군" }, "geometry": { "type": "Point", "coordinates": [ 127.242584090612894, 35.885019894831714 ] } },
{ "type": "Feature", "properties": { "heritage_code": "12002252000000033", "category_code": "12", "category": "보물", "designation_no": 2252, "display_name": "보물 보은 법주사 천왕문", "name": "보은 법주사 천왕문", "area": 132, "province": "충청북도", "district": "보은군" }, "geometry": { "type": "Point", "coordinates": [ 127.832977101435986, 36.541738382304061 ] } },
{ "type": "Feature", "properties": { "heritage_code": "12002253000000038", "category_code": "12", "category": "보물", "designation_no": 2253, "display_name": "보물 양산 통도사 천왕문", "name": "양산 통도사 천왕문", "area": 86, "province": "경상남도", "district": "양산시" }, "geometry": { "type": "Point", "coordinates": [ 129.065297764936844, 35.487759341672977 ] } },
{ "type": "Feature", "properties": { "heritage_code": "12002254000000036", "category_code": "12", "category": "보물", "designation_no": 2254, "display_name": "보물 순천 송광사 사천왕문", "name": "순천 송광사 사천왕문", "area": 135, "province": "전남광주통합특별시", "district": "순천시" }, "geometry": { "type": "Point", "coordinates": [ 127.275332814430229, 35.002049603309267 ] } },
{ "type": "Feature", "properties": { "heritage_code": "12002255000000036", "category_code": "12", "category": "보물", "designation_no": 2255, "display_name": "보물 구례 화엄사 천왕문", "name": "구례 화엄사 천왕문", "area": 64, "province": "전남광주통합특별시", "district": "구례군" }, "geometry": { "type": "Point", "coordinates": [ 127.49746275906314, 35.256311710453822 ] } },
{ "type": "Feature", "properties": { "heritage_code": "12002256000000036", "category_code": "12", "category": "보물", "designation_no": 2256, "display_name": "보물 영광 불갑사 천왕문", "name": "영광 불갑사 천왕문", "area": 146, "province": "전남광주통합특별시", "district": "영광군" }, "geometry": { "type": "Point", "coordinates": [ 126.549357809985523, 35.200673831133003 ] } },
{ "type": "Feature", "properties": { "heritage_code": "12002257000000037", "category_code": "12", "category": "보물", "designation_no": 2257, "display_name": "보물 포항 보경사 천왕문", "name": "포항 보경사 천왕문", "area": 43, "province": "경상북도", "district": "포항시" }, "geometry": { "type": "Point", "coordinates": [ 129.317852898363697, 36.25199813422298 ] } },
{ "type": "Feature", "properties": { "heritage_code": "12002258000000037", "category_code": "12", "category": "보물", "designation_no": 2258, "display_name": "보물 김천 직지사 천왕문", "name": "김천 직지사 천왕문", "area": 63, "province": "경상북도", "district": "김천시" }, "geometry": { "type": "Point", "coordinates": [ 128.004755754153848, 36.116229091375118 ] } },
{ "type": "Feature", "properties": { "heritage_code": "12002259000000034", "category_code": "12", "category": "보물", "designation_no": 2259, "display_name": "보물 서산 문수사 극락보전", "name": "서산 문수사 극락보전", "area": 192, "province": "충청남도", "district": "서산시" }, "geometry": { "type": "Point", "coordinates": [ 126.589776006088954, 36.778881930681841 ] } },
{ "type": "Feature", "properties": { "heritage_code": "12002266000000035", "category_code": "12", "category": "보물", "designation_no": 2266, "display_name": "보물 고창 문수사 대웅전", "name": "고창 문수사 대웅전", "area": 53, "province": "전북특별자치도", "district": "고창군" }, "geometry": { "type": "Point", "coordinates": [ 126.726277747399124, 35.380744721412704 ] } },
{ "type": "Feature", "properties": { "heritage_code": "12002267000000037", "category_code": "12", "category": "보물", "designation_no": 2267, "display_name": "보물 의성 고운사 가운루", "name": "의성 고운사 가운루", "area": 232, "province": "경상북도", "district": "의성군" }, "geometry": { "type": "Point", "coordinates": [ 128.749762125867619, 36.458179185186466 ] } },
{ "type": "Feature", "properties": { "heritage_code": "12002272000000037", "category_code": "12", "category": "보물", "designation_no": 2272, "display_name": "보물 포항 용계정", "name": "포항 용계정", "area": 145, "province": "경상북도", "district": "포항시" }, "geometry": { "type": "Point", "coordinates": [ 129.186503576663938, 36.166232109747355 ] } },
{ "type": "Feature", "properties": { "heritage_code": "12002273000000037", "category_code": "12", "category": "보물", "designation_no": 2273, "display_name": "보물 포항 분옥정", "name": "포항 분옥정", "area": 76, "province": "경상북도", "district": "포항시" }, "geometry": { "type": "Point", "coordinates": [ 129.167672666650049, 36.06877079477929 ] } },
{ "type": "Feature", "properties": { "heritage_code": "12002274000000037", "category_code": "12", "category": "보물", "designation_no": 2274, "display_name": "보물 포항 보경사 오층석탑", "name": "포항 보경사 오층석탑", "area": 4, "province": "경상북도", "district": "포항시" }, "geometry": { "type": "Point", "coordinates": [ 129.317854684554447, 36.252136742310128 ] } },
{ "type": "Feature", "properties": { "heritage_code": "12002302000000037", "category_code": "12", "category": "보물", "designation_no": 2302, "display_name": "보물 안동 광흥사 응진전", "name": "안동 광흥사 응진전", "area": 187, "province": "경상북도", "district": "안동시" }, "geometry": { "type": "Point", "coordinates": [ 128.613706751936405, 36.646011708516511 ] } },
{ "type": "Feature", "properties": { "heritage_code": "12002309000000031", "category_code": "12", "category": "보물", "designation_no": 2309, "display_name": "보물 안성 청원사 대웅전", "name": "안성 청원사 대웅전", "area": 733, "province": "경기도", "district": "안성시" }, "geometry": { "type": "Point", "coordinates": [ 127.17395699855517, 37.071584109625221 ] } },
{ "type": "Feature", "properties": { "heritage_code": "12002314000000036", "category_code": "12", "category": "보물", "designation_no": 2314, "display_name": "보물 순천 송광사 침계루", "name": "순천 송광사 침계루", "area": 429, "province": "전국", "district": null }, "geometry": { "type": "Point", "coordinates": [ 127.275394549548906, 35.001835900667814 ] } },
{ "type": "Feature", "properties": { "heritage_code": "12002315000000037", "category_code": "12", "category": "보물", "designation_no": 2315, "display_name": "보물 안동 봉정사 덕휘루", "name": "안동 봉정사 덕휘루", "area": 183, "province": "전국", "district": null }, "geometry": { "type": "Point", "coordinates": [ 128.662646924656514, 36.65318253707742 ] } },
{ "type": "Feature", "properties": { "heritage_code": "12002316000000031", "category_code": "12", "category": "보물", "designation_no": 2316, "display_name": "보물 화성 용주사 천보루", "name": "화성 용주사 천보루", "area": 244, "province": "경기도", "district": "화성시" }, "geometry": { "type": "Point", "coordinates": [ 127.005047805645106, 37.212121616360818 ] } },
{ "type": "Feature", "properties": { "heritage_code": "12002324000000031", "category_code": "12", "category": "보물", "designation_no": 2324, "display_name": "보물 가평 현등사 극락전", "name": "가평 현등사 극락전", "area": 52, "province": "경기도", "district": "가평군" }, "geometry": { "type": "Point", "coordinates": [ 127.331051923242171, 37.870805170962242 ] } },
{ "type": "Feature", "properties": { "heritage_code": "12002325000000033", "category_code": "12", "category": "보물", "designation_no": 2325, "display_name": "보물 괴산 각연사 비로전", "name": "괴산 각연사 비로전", "area": 219, "province": "충청북도", "district": "괴산군" }, "geometry": { "type": "Point", "coordinates": [ 127.927693449774821, 36.754744717293093 ] } },
{ "type": "Feature", "properties": { "heritage_code": "12002326000000035", "category_code": "12", "category": "보물", "designation_no": 2326, "display_name": "보물 고창 선운사 영산전", "name": "고창 선운사 영산전", "area": 122, "province": "전북특별자치도", "district": "고창군" }, "geometry": { "type": "Point", "coordinates": [ 126.577708038652247, 35.497013447026845 ] } },
{ "type": "Feature", "properties": { "heritage_code": "12002327000000052", "category_code": "12", "category": "보물", "designation_no": 2327, "display_name": "보물 순천 선암사 원통전", "name": "순천 선암사 원통전", "area": 175, "province": "전남광주통합특별시", "district": "순천시" }, "geometry": { "type": "Point", "coordinates": [ 127.330851845006634, 34.996970832036155 ] } },
{ "type": "Feature", "properties": { "heritage_code": "12002328000000052", "category_code": "12", "category": "보물", "designation_no": 2328, "display_name": "보물 순천 송광사 응진당", "name": "순천 송광사 응진당", "area": 79, "province": "전남광주통합특별시", "district": "순천시" }, "geometry": { "type": "Point", "coordinates": [ 127.276557981993804, 35.002332523944439 ] } },
{ "type": "Feature", "properties": { "heritage_code": "12002329000000037", "category_code": "12", "category": "보물", "designation_no": 2329, "display_name": "보물 경주 기림사 응진전", "name": "경주 기림사 응진전", "area": 65, "province": "경상북도", "district": "경주시" }, "geometry": { "type": "Point", "coordinates": [ 129.40341573127813, 35.837907842550131 ] } },
{ "type": "Feature", "properties": { "heritage_code": "12002330000000034", "category_code": "12", "category": "보물", "designation_no": 2330, "display_name": "보물 금산 영천암 무량수각", "name": "금산 영천암 무량수각", "area": 132, "province": "충청남도", "district": "금산군" }, "geometry": { "type": "Point", "coordinates": [ 127.46935459601832, 36.060414463638651 ] } },
{ "type": "Feature", "properties": { "heritage_code": "12002332000000035", "category_code": "12", "category": "보물", "designation_no": 2332, "display_name": "보물 부안 내소사 설선당과 요사", "name": "부안 내소사 설선당과 요사", "area": 418, "province": "전북특별자치도", "district": "부안군" }, "geometry": { "type": "Point", "coordinates": [ 126.587276680167321, 35.61758374434789 ] } },
{ "type": "Feature", "properties": { "heritage_code": "12002333000000035", "category_code": "12", "category": "보물", "designation_no": 2333, "display_name": "보물 익산 숭림사 정혜원", "name": "익산 숭림사 정혜원", "area": 87, "province": "전북특별자치도", "district": "익산시" }, "geometry": { "type": "Point", "coordinates": [ 126.915541914244358, 36.081624598592732 ] } },
{ "type": "Feature", "properties": { "heritage_code": "12002334000000037", "category_code": "12", "category": "보물", "designation_no": 2334, "display_name": "보물 안동 예안향교 대성전", "name": "안동 예안향교 대성전", "area": 2354, "province": "경상북도", "district": "안동시" }, "geometry": { "type": "Point", "coordinates": [ 128.815488148103526, 36.700771779030916 ] } }
]
}
